-- --------------------------------------------------------
-- ホスト:                          127.0.0.1
-- Server version:               5.6.20 - MySQL Community Server (GPL)
-- Server OS:                    Win32
-- HeidiSQL バージョン:               7.0.0.4389
-- --------------------------------------------------------

/*!40101 SET @OLD_CHARACTER_SET_CLIENT=@@CHARACTER_SET_CLIENT */;
/*!40101 SET NAMES utf8 */;
/*!40014 SET @OLD_FOREIGN_KEY_CHECKS=@@FOREIGN_KEY_CHECKS, FOREIGN_KEY_CHECKS=0 */;
/*!40101 SET @OLD_SQL_MODE=@@SQL_MODE, SQL_MODE='NO_AUTO_VALUE_ON_ZERO' */;

-- Dumping database structure for xsglxtsql
DROP DATABASE IF EXISTS `xsglxtsql`;
CREATE DATABASE IF NOT EXISTS `xsglxtsql` /*!40100 DEFAULT CHARACTER SET utf8 COLLATE utf8_bin */;
USE `xsglxtsql`;


-- Dumping structure for table xsglxtsql.m_authoritys
DROP TABLE IF EXISTS `m_authoritys`;
CREATE TABLE IF NOT EXISTS `m_authoritys` (
  `ID` int(10) unsigned NOT NULL AUTO_INCREMENT COMMENT 'ID',
  `authority_name` char(50) COLLATE utf8_bin NOT NULL COMMENT '权限名称',
  `category` char(10) COLLATE utf8_bin DEFAULT NULL COMMENT '权限分类',
  `level` int(11) DEFAULT NULL COMMENT '排序用',
  `access_path` char(100) COLLATE utf8_bin DEFAULT NULL COMMENT '访问路径',
  `create_user` int(10) unsigned NOT NULL DEFAULT '0',
  `create_time` timestamp NOT NULL DEFAULT CURRENT_TIMESTAMP,
  `update_user` int(10) unsigned DEFAULT NULL,
  `update_time` timestamp NULL DEFAULT NULL,
  PRIMARY KEY (`ID`),
  KEY `access_path` (`access_path`)
) ENGINE=InnoDB AUTO_INCREMENT=44 DEFAULT CHARSET=utf8 COLLATE=utf8_bin;

-- Dumping data for table xsglxtsql.m_authoritys: ~42 rows (approximately)
DELETE FROM `m_authoritys`;
/*!40000 ALTER TABLE `m_authoritys` DISABLE KEYS */;
INSERT INTO `m_authoritys` (`ID`, `authority_name`, `category`, `level`, `access_path`, `create_user`, `create_time`, `update_user`, `update_time`) VALUES
	(1, '学生添加', 'STUDENT', 1, 'student/create', 0, '2014-10-08 11:01:20', 0, '2014-10-08 11:01:20'),
	(2, '学生检索', 'STUDENT', 2, 'student/search', 0, '2014-10-08 10:59:44', 0, '2014-10-08 10:59:44'),
	(3, '学生更新', 'STUDENT', 3, 'student/update', 0, '2014-10-08 10:59:44', 0, '2014-10-08 10:59:44'),
	(4, '学生删除', 'STUDENT', 4, 'student/delete', 0, '2014-10-08 10:59:44', 0, '2014-10-08 10:59:44'),
	(5, '学生信息导入', 'STUDENT', 5, 'student/import', 0, '2014-10-09 15:55:34', 0, '2014-10-09 15:55:34'),
	(6, '教师添加', 'TEACHER', 1, 'teacher/create', 0, '2014-10-08 11:02:38', 0, '2014-10-09 12:11:54'),
	(7, '教师检索', 'TEACHER', 2, 'teacher/search', 0, '2014-10-08 11:01:51', 0, '2014-10-08 11:01:51'),
	(8, '教师更新', 'TEACHER', 3, 'teacher/update', 0, '2014-10-08 11:01:51', 0, '2014-10-08 11:01:51'),
	(9, '教师删除', 'TEACHER', 4, 'teacher/delete', 0, '2014-10-08 11:01:51', 0, '2014-10-08 11:01:51'),
	(10, '班级添加', 'CLASS', 1, 'class/create', 0, '2014-10-08 11:02:38', 0, '2014-10-08 11:02:38'),
	(11, '班级检索', 'CLASS', 2, 'class/search', 0, '2014-10-08 11:02:38', 0, '2014-10-08 11:02:38'),
	(12, '班级更新', 'CLASS', 3, 'class/update', 0, '2014-10-08 11:02:38', 0, '2014-10-08 11:02:38'),
	(13, '班级删除', 'CLASS', 4, 'class/delete', 0, '2014-10-08 11:02:38', 0, '2014-10-08 11:02:38'),
	(14, '班级升级', 'CLASS', 5, 'class/upgrade', 0, '2014-10-08 11:04:09', 0, '2014-10-08 11:04:09'),
	(15, '班级学生一览', 'CLASS', 6, 'class/student', 0, '2014-10-10 18:05:58', 0, '2014-10-10 18:05:58'),
	(16, '课程安排添加', 'COURSE', 1, 'course/create', 0, '2014-10-08 11:05:29', 0, '2014-10-08 11:05:29'),
	(17, '课程安排检索', 'COURSE', 2, 'course/search', 0, '2014-10-08 11:05:29', 0, '2014-10-08 11:05:29'),
	(18, '课程安排更新', 'COURSE', 3, 'course/update', 0, '2014-10-08 11:05:29', 0, '2014-10-08 11:05:29'),
	(19, '课程安排删除', 'COURSE', 4, 'course/delete', 0, '2014-10-08 11:05:29', 0, '2014-10-08 11:05:29'),
	(20, '成绩添加', 'SCORE', 1, 'score/create', 0, '2014-10-08 11:08:01', 0, '2014-10-08 11:08:01'),
	(21, '成绩检索', 'SCORE', 2, 'score/search', 0, '2014-10-08 11:05:29', 0, '2014-10-08 11:05:29'),
	(22, '成绩更新', 'SCORE', 3, 'score/update', 0, '2014-10-08 11:08:01', 0, '2014-10-08 11:08:01'),
	(23, '成绩删除', 'SCORE', 4, 'score/delete', 0, '2014-10-08 11:08:01', 0, '2014-10-08 11:08:01'),
	(24, '成绩查询(学生)', 'SCORE', 5, 'score/query', 0, '2014-10-09 14:26:49', 0, '2014-10-09 14:26:49'),
	(25, '角色添加', 'ROLE', 1, 'role/create', 0, '2014-10-08 11:08:01', 0, '2014-10-08 11:08:01'),
	(26, '角色检索', 'ROLE', 2, 'role/search', 0, '2014-10-08 11:08:01', 0, '2014-10-08 11:08:01'),
	(27, '角色更新', 'ROLE', 3, 'role/update', 0, '2014-10-08 11:08:01', 0, '2014-10-08 11:08:01'),
	(28, '角色删除', 'ROLE', 4, 'role/delete', 0, '2014-10-08 11:08:01', 0, '2014-10-08 11:08:01'),
	(29, '权限添加', 'AUTHORITY', 1, 'authority/create', 0, '2014-10-09 14:36:44', 0, '2014-10-09 14:36:44'),
	(30, '权限检索', 'AUTHORITY', 2, 'authority/search', 0, '2014-10-09 14:37:03', 0, '2014-10-09 14:37:03'),
	(31, '权限更新', 'AUTHORITY', 3, 'authority/update', 0, '2014-10-09 14:36:44', 0, '2014-10-09 14:36:44'),
	(32, '权限删除', 'AUTHORITY', 4, 'authority/delete', 0, '2014-10-09 14:36:44', 0, '2014-10-09 14:36:44'),
	(33, '科目添加', 'SUBJECT', 1, 'subject/create', 0, '2014-10-09 14:36:44', 0, '2014-10-09 14:36:44'),
	(34, '科目检索', 'SUBJECT', 2, 'subject/search', 0, '2014-10-09 14:36:44', 0, '2014-10-09 14:36:44'),
	(35, '科目更新', 'SUBJECT', 3, 'subject/update', 0, '2014-10-09 14:36:44', 0, '2014-10-09 14:36:44'),
	(36, '科目删除', 'SUBJECT', 4, 'subject/delete', 0, '2014-10-09 14:36:44', 0, '2014-10-09 14:36:44'),
	(37, '个人信息修改', 'OTHER', 1, 'setting/profile', 0, '2014-10-08 11:08:01', 0, '2014-10-08 11:08:01'),
	(38, '密码变更', 'OTHER', 2, 'setting/password', 0, '2014-10-08 11:08:01', 0, '2014-10-08 11:08:01'),
	(39, '系统设置', 'OTHER', 1, 'system/setting', 0, '2014-10-22 17:32:05', 1, '2014-11-06 18:46:48'),
	(40, '班级学生成绩', 'CLASS', 6, 'score/class', 1, '2014-10-24 19:56:33', 1, '2014-11-06 18:46:30'),
	(42, '成绩统计分析', 'SCORE', 0, 'score/analysis', 1, '2014-11-07 12:17:41', NULL, NULL),
	(43, '教师导入', 'TEACHER', 5, 'teacher/import', 0, '2014-10-08 11:01:51', 0, '2014-10-08 11:01:51');
/*!40000 ALTER TABLE `m_authoritys` ENABLE KEYS */;


-- Dumping structure for table xsglxtsql.m_config
DROP TABLE IF EXISTS `m_config`;
CREATE TABLE IF NOT EXISTS `m_config` (
  `ID` int(10) unsigned NOT NULL AUTO_INCREMENT,
  `key` char(50) COLLATE utf8_bin NOT NULL COMMENT '键',
  `value` text COLLATE utf8_bin COMMENT '值',
  `comment` text COLLATE utf8_bin COMMENT '详细说明',
  PRIMARY KEY (`ID`),
  KEY `key` (`key`)
) ENGINE=InnoDB AUTO_INCREMENT=3 DEFAULT CHARSET=utf8 COLLATE=utf8_bin;

-- Dumping data for table xsglxtsql.m_config: ~2 rows (approximately)
DELETE FROM `m_config`;
/*!40000 ALTER TABLE `m_config` DISABLE KEYS */;
INSERT INTO `m_config` (`ID`, `key`, `value`, `comment`) VALUES
	(1, 'IMPORT_STUDENT_DATA_RANGE', '2014-10-07|2014-10-30', NULL),
	(2, 'IS_RUNNING', '1', NULL);
/*!40000 ALTER TABLE `m_config` ENABLE KEYS */;


-- Dumping structure for table xsglxtsql.m_courses
DROP TABLE IF EXISTS `m_courses`;
CREATE TABLE IF NOT EXISTS `m_courses` (
  `ID` int(10) unsigned NOT NULL AUTO_INCREMENT COMMENT 'ID',
  `subject_id` int(10) unsigned NOT NULL COMMENT '科目名称',
  `teacher_id` int(10) unsigned NOT NULL COMMENT '任课教师',
  `class_id` int(10) unsigned NOT NULL COMMENT '上课班级',
  `status` char(1) COLLATE utf8_bin NOT NULL DEFAULT '1' COMMENT '状态(1:正常 2:异常)',
  `create_user` int(10) unsigned NOT NULL DEFAULT '0',
  `create_time` timestamp NOT NULL DEFAULT CURRENT_TIMESTAMP,
  `update_user` int(10) unsigned DEFAULT NULL,
  `update_time` timestamp NULL DEFAULT NULL,
  PRIMARY KEY (`ID`),
  KEY `FK_m_courses_m_subjects` (`subject_id`),
  KEY `FK_m_courses_t_teachers` (`teacher_id`),
  KEY `FK_m_courses_t_classes` (`class_id`),
  CONSTRAINT `FK_m_courses_m_subjects` FOREIGN KEY (`subject_id`) REFERENCES `m_subjects` (`ID`),
  CONSTRAINT `FK_m_courses_t_classes` FOREIGN KEY (`class_id`) REFERENCES `t_classes` (`ID`),
  CONSTRAINT `FK_m_courses_t_teachers` FOREIGN KEY (`teacher_id`) REFERENCES `t_teachers` (`ID`)
) ENGINE=InnoDB AUTO_INCREMENT=17 DEFAULT CHARSET=utf8 COLLATE=utf8_bin COMMENT='课程表';

-- Dumping data for table xsglxtsql.m_courses: ~6 rows (approximately)
DELETE FROM `m_courses`;
/*!40000 ALTER TABLE `m_courses` DISABLE KEYS */;
INSERT INTO `m_courses` (`ID`, `subject_id`, `teacher_id`, `class_id`, `status`, `create_user`, `create_time`, `update_user`, `update_time`) VALUES
	(11, 1, 108, 13, '1', 1, '2014-11-10 18:18:21', 1, '2014-11-10 18:18:21'),
	(12, 2, 109, 13, '1', 1, '2014-11-10 18:18:24', 1, '2014-11-10 18:18:24'),
	(13, 3, 110, 13, '1', 1, '2014-11-10 18:18:27', 1, '2014-11-10 18:18:27'),
	(14, 4, 111, 13, '1', 1, '2014-11-10 18:18:29', 1, '2014-11-10 18:18:29'),
	(15, 5, 112, 13, '1', 1, '2014-11-10 18:18:31', 1, '2014-11-10 18:18:31'),
	(16, 6, 113, 13, '1', 1, '2014-11-10 18:18:34', 1, '2014-11-10 18:18:34');
/*!40000 ALTER TABLE `m_courses` ENABLE KEYS */;


-- Dumping structure for table xsglxtsql.m_exams
DROP TABLE IF EXISTS `m_exams`;
CREATE TABLE IF NOT EXISTS `m_exams` (
  `ID` int(10) unsigned NOT NULL AUTO_INCREMENT COMMENT 'ID',
  `exam_code` char(20) COLLATE utf8_bin NOT NULL COMMENT '考试CODE',
  `exam_name` char(50) COLLATE utf8_bin NOT NULL COMMENT '考试名称',
  `status` char(1) COLLATE utf8_bin NOT NULL DEFAULT '1' COMMENT '状态(1:正常 2:异常)',
  `create_user` int(10) unsigned NOT NULL DEFAULT '0',
  `create_time` timestamp NOT NULL DEFAULT CURRENT_TIMESTAMP,
  `update_user` int(10) unsigned DEFAULT NULL,
  `update_time` timestamp NULL DEFAULT NULL,
  PRIMARY KEY (`ID`)
) ENGINE=InnoDB AUTO_INCREMENT=16 DEFAULT CHARSET=utf8 COLLATE=utf8_bin COMMENT='考试类型';

-- Dumping data for table xsglxtsql.m_exams: ~15 rows (approximately)
DELETE FROM `m_exams`;
/*!40000 ALTER TABLE `m_exams` DISABLE KEYS */;
INSERT INTO `m_exams` (`ID`, `exam_code`, `exam_name`, `status`, `create_user`, `create_time`, `update_user`, `update_time`) VALUES
	(1, 'E10', '第一学期(期中)', '1', 0, '2014-09-23 10:39:06', 0, '2014-09-23 10:39:06'),
	(2, 'E11', '第一学期(期末)', '1', 0, '2014-09-23 10:39:06', 0, '2014-09-23 10:39:06'),
	(3, 'E20', '第二学期(期中)', '1', 0, '2014-09-23 10:39:06', 0, '2014-09-23 10:39:06'),
	(4, 'E21', '第二学期(期末)', '1', 0, '2014-09-23 10:39:06', 0, '2014-09-23 10:39:06'),
	(5, 'E30', '第三学期(期中)', '1', 0, '2014-09-23 10:41:00', 0, '2014-09-23 10:41:00'),
	(6, 'E31', '第三学期(期末)', '1', 0, '2014-09-23 10:41:31', 0, '2014-09-23 10:41:31'),
	(7, 'E40', '第四学期(期中)', '1', 0, '2014-09-23 10:42:34', 0, '2014-09-23 10:42:34'),
	(8, 'E41', '第四学期(期末)', '1', 0, '2014-09-23 10:42:33', 0, '2014-09-23 10:42:33'),
	(9, 'E50', '第五学期(期中)', '1', 0, '2014-09-23 10:42:32', 0, '2014-09-23 10:42:32'),
	(10, 'E51', '第五学期(期末)', '1', 0, '2014-09-23 10:42:32', 0, '2014-09-23 10:42:32'),
	(11, 'E60', '第六学期(期中)', '1', 0, '2014-09-23 10:42:33', 0, '2014-09-23 10:42:33'),
	(12, 'E61', '第六学期(期末)', '1', 0, '2014-09-23 10:42:34', 0, '2014-09-23 10:42:34'),
	(13, 'T01', '第一次统考', '1', 0, '2014-09-23 10:46:06', 0, '2014-09-23 10:46:06'),
	(14, 'T02', '第二次统考', '1', 0, '2014-09-23 10:46:06', 0, '2014-09-23 10:46:06'),
	(15, 'T02', '第三次统考', '1', 0, '2014-09-23 10:46:06', 0, '2014-09-23 10:46:06');
/*!40000 ALTER TABLE `m_exams` ENABLE KEYS */;


-- Dumping structure for table xsglxtsql.m_roles
DROP TABLE IF EXISTS `m_roles`;
CREATE TABLE IF NOT EXISTS `m_roles` (
  `ID` int(10) unsigned NOT NULL AUTO_INCREMENT COMMENT 'ID',
  `role_name` char(50) COLLATE utf8_bin NOT NULL COMMENT '角色名',
  `status` char(1) COLLATE utf8_bin NOT NULL DEFAULT '1' COMMENT '状态(1:正常 2：删除)',
  `create_user` int(10) unsigned NOT NULL DEFAULT '0',
  `create_time` timestamp NOT NULL DEFAULT CURRENT_TIMESTAMP,
  `update_user` int(10) unsigned DEFAULT NULL,
  `update_time` timestamp NULL DEFAULT NULL,
  PRIMARY KEY (`ID`),
  KEY `role_name` (`role_name`)
) ENGINE=InnoDB AUTO_INCREMENT=6 DEFAULT CHARSET=utf8 COLLATE=utf8_bin COMMENT='角色表';

-- Dumping data for table xsglxtsql.m_roles: ~5 rows (approximately)
DELETE FROM `m_roles`;
/*!40000 ALTER TABLE `m_roles` DISABLE KEYS */;
INSERT INTO `m_roles` (`ID`, `role_name`, `status`, `create_user`, `create_time`, `update_user`, `update_time`) VALUES
	(1, '学生', '1', 0, '2014-10-08 11:10:17', 1, '2014-10-22 15:14:34'),
	(2, '教师', '1', 0, '2014-10-08 11:11:47', 1, '2014-10-24 19:58:23'),
	(3, '学工科', '1', 0, '2014-10-08 11:11:47', 1, '2014-10-24 19:51:52'),
	(4, '教务处', '1', 0, '2014-10-08 11:11:47', 1, '2014-10-24 19:58:40'),
	(5, '校长', '1', 1, '2014-10-09 15:34:20', 1, '2014-11-11 18:34:43');
/*!40000 ALTER TABLE `m_roles` ENABLE KEYS */;


-- Dumping structure for table xsglxtsql.m_role_authoritys
DROP TABLE IF EXISTS `m_role_authoritys`;
CREATE TABLE IF NOT EXISTS `m_role_authoritys` (
  `ID` int(10) unsigned NOT NULL AUTO_INCREMENT COMMENT 'ID',
  `role_id` int(10) unsigned NOT NULL COMMENT '角色ID',
  `authority_id` int(10) unsigned NOT NULL COMMENT '权限ID',
  `create_user` int(10) unsigned NOT NULL DEFAULT '0',
  `create_time` timestamp NOT NULL DEFAULT CURRENT_TIMESTAMP,
  `update_user` int(10) unsigned DEFAULT NULL,
  `update_time` timestamp NULL DEFAULT NULL,
  PRIMARY KEY (`ID`),
  KEY `role_id_authority_id` (`role_id`,`authority_id`),
  KEY `FK_m_role_authoritys_m_authoritys` (`authority_id`),
  CONSTRAINT `FK_m_role_authoritys_m_authoritys` FOREIGN KEY (`authority_id`) REFERENCES `m_authoritys` (`ID`),
  CONSTRAINT `FK_m_role_authoritys_m_roles` FOREIGN KEY (`role_id`) REFERENCES `m_roles` (`ID`)
) ENGINE=InnoDB AUTO_INCREMENT=590 DEFAULT CHARSET=utf8 COLLATE=utf8_bin COMMENT='角色权限表';

-- Dumping data for table xsglxtsql.m_role_authoritys: ~79 rows (approximately)
DELETE FROM `m_role_authoritys`;
/*!40000 ALTER TABLE `m_role_authoritys` DISABLE KEYS */;
INSERT INTO `m_role_authoritys` (`ID`, `role_id`, `authority_id`, `create_user`, `create_time`, `update_user`, `update_time`) VALUES
	(39, 1, 24, 1, '2014-10-22 15:14:34', 1, '2014-10-22 15:14:34'),
	(40, 1, 37, 1, '2014-10-22 15:14:34', 1, '2014-10-22 15:14:34'),
	(41, 1, 38, 1, '2014-10-22 15:14:34', 1, '2014-10-22 15:14:34'),
	(374, 3, 1, 1, '2014-10-24 19:51:52', 1, '2014-10-24 19:51:52'),
	(375, 3, 2, 1, '2014-10-24 19:51:52', 1, '2014-10-24 19:51:52'),
	(376, 3, 3, 1, '2014-10-24 19:51:52', 1, '2014-10-24 19:51:52'),
	(377, 3, 4, 1, '2014-10-24 19:51:52', 1, '2014-10-24 19:51:52'),
	(378, 3, 5, 1, '2014-10-24 19:51:52', 1, '2014-10-24 19:51:52'),
	(379, 3, 37, 1, '2014-10-24 19:51:52', 1, '2014-10-24 19:51:52'),
	(380, 3, 38, 1, '2014-10-24 19:51:52', 1, '2014-10-24 19:51:52'),
	(442, 2, 40, 1, '2014-10-24 19:58:23', 1, '2014-10-24 19:58:23'),
	(443, 2, 37, 1, '2014-10-24 19:58:23', 1, '2014-10-24 19:58:23'),
	(444, 2, 38, 1, '2014-10-24 19:58:23', 1, '2014-10-24 19:58:23'),
	(445, 4, 10, 1, '2014-10-24 19:58:40', 1, '2014-10-24 19:58:40'),
	(446, 4, 11, 1, '2014-10-24 19:58:40', 1, '2014-10-24 19:58:40'),
	(447, 4, 12, 1, '2014-10-24 19:58:40', 1, '2014-10-24 19:58:40'),
	(448, 4, 13, 1, '2014-10-24 19:58:40', 1, '2014-10-24 19:58:40'),
	(449, 4, 14, 1, '2014-10-24 19:58:40', 1, '2014-10-24 19:58:40'),
	(450, 4, 15, 1, '2014-10-24 19:58:40', 1, '2014-10-24 19:58:40'),
	(451, 4, 33, 1, '2014-10-24 19:58:40', 1, '2014-10-24 19:58:40'),
	(452, 4, 34, 1, '2014-10-24 19:58:40', 1, '2014-10-24 19:58:40'),
	(453, 4, 35, 1, '2014-10-24 19:58:40', 1, '2014-10-24 19:58:40'),
	(454, 4, 36, 1, '2014-10-24 19:58:40', 1, '2014-10-24 19:58:40'),
	(455, 4, 16, 1, '2014-10-24 19:58:40', 1, '2014-10-24 19:58:40'),
	(456, 4, 17, 1, '2014-10-24 19:58:40', 1, '2014-10-24 19:58:40'),
	(457, 4, 18, 1, '2014-10-24 19:58:40', 1, '2014-10-24 19:58:40'),
	(458, 4, 19, 1, '2014-10-24 19:58:40', 1, '2014-10-24 19:58:40'),
	(459, 4, 6, 1, '2014-10-24 19:58:40', 1, '2014-10-24 19:58:40'),
	(460, 4, 7, 1, '2014-10-24 19:58:40', 1, '2014-10-24 19:58:40'),
	(461, 4, 8, 1, '2014-10-24 19:58:40', 1, '2014-10-24 19:58:40'),
	(462, 4, 9, 1, '2014-10-24 19:58:40', 1, '2014-10-24 19:58:40'),
	(463, 4, 20, 1, '2014-10-24 19:58:40', 1, '2014-10-24 19:58:40'),
	(464, 4, 21, 1, '2014-10-24 19:58:40', 1, '2014-10-24 19:58:40'),
	(465, 4, 22, 1, '2014-10-24 19:58:40', 1, '2014-10-24 19:58:40'),
	(466, 4, 23, 1, '2014-10-24 19:58:40', 1, '2014-10-24 19:58:40'),
	(467, 4, 40, 1, '2014-10-24 19:58:40', 1, '2014-10-24 19:58:40'),
	(468, 4, 37, 1, '2014-10-24 19:58:40', 1, '2014-10-24 19:58:40'),
	(469, 4, 38, 1, '2014-10-24 19:58:40', 1, '2014-10-24 19:58:40'),
	(549, 5, 10, 1, '2014-11-11 18:34:44', NULL, NULL),
	(550, 5, 11, 1, '2014-11-11 18:34:44', NULL, NULL),
	(551, 5, 12, 1, '2014-11-11 18:34:44', NULL, NULL),
	(552, 5, 13, 1, '2014-11-11 18:34:44', NULL, NULL),
	(553, 5, 14, 1, '2014-11-11 18:34:44', NULL, NULL),
	(554, 5, 15, 1, '2014-11-11 18:34:44', NULL, NULL),
	(555, 5, 40, 1, '2014-11-11 18:34:44', NULL, NULL),
	(556, 5, 33, 1, '2014-11-11 18:34:44', NULL, NULL),
	(557, 5, 34, 1, '2014-11-11 18:34:44', NULL, NULL),
	(558, 5, 35, 1, '2014-11-11 18:34:44', NULL, NULL),
	(559, 5, 36, 1, '2014-11-11 18:34:44', NULL, NULL),
	(560, 5, 16, 1, '2014-11-11 18:34:44', NULL, NULL),
	(561, 5, 17, 1, '2014-11-11 18:34:44', NULL, NULL),
	(562, 5, 18, 1, '2014-11-11 18:34:44', NULL, NULL),
	(563, 5, 19, 1, '2014-11-11 18:34:44', NULL, NULL),
	(564, 5, 1, 1, '2014-11-11 18:34:44', NULL, NULL),
	(565, 5, 2, 1, '2014-11-11 18:34:44', NULL, NULL),
	(566, 5, 3, 1, '2014-11-11 18:34:44', NULL, NULL),
	(567, 5, 4, 1, '2014-11-11 18:34:44', NULL, NULL),
	(568, 5, 5, 1, '2014-11-11 18:34:44', NULL, NULL),
	(569, 5, 6, 1, '2014-11-11 18:34:44', NULL, NULL),
	(570, 5, 7, 1, '2014-11-11 18:34:44', NULL, NULL),
	(571, 5, 8, 1, '2014-11-11 18:34:44', NULL, NULL),
	(572, 5, 9, 1, '2014-11-11 18:34:44', NULL, NULL),
	(573, 5, 43, 1, '2014-11-11 18:34:44', NULL, NULL),
	(574, 5, 42, 1, '2014-11-11 18:34:44', NULL, NULL),
	(575, 5, 20, 1, '2014-11-11 18:34:44', NULL, NULL),
	(576, 5, 21, 1, '2014-11-11 18:34:44', NULL, NULL),
	(577, 5, 22, 1, '2014-11-11 18:34:44', NULL, NULL),
	(578, 5, 23, 1, '2014-11-11 18:34:44', NULL, NULL),
	(579, 5, 25, 1, '2014-11-11 18:34:44', NULL, NULL),
	(580, 5, 26, 1, '2014-11-11 18:34:44', NULL, NULL),
	(581, 5, 27, 1, '2014-11-11 18:34:44', NULL, NULL),
	(582, 5, 28, 1, '2014-11-11 18:34:44', NULL, NULL),
	(583, 5, 29, 1, '2014-11-11 18:34:44', NULL, NULL),
	(584, 5, 30, 1, '2014-11-11 18:34:44', NULL, NULL),
	(585, 5, 31, 1, '2014-11-11 18:34:44', NULL, NULL),
	(586, 5, 32, 1, '2014-11-11 18:34:44', NULL, NULL),
	(587, 5, 37, 1, '2014-11-11 18:34:44', NULL, NULL),
	(588, 5, 39, 1, '2014-11-11 18:34:44', NULL, NULL),
	(589, 5, 38, 1, '2014-11-11 18:34:44', NULL, NULL);
/*!40000 ALTER TABLE `m_role_authoritys` ENABLE KEYS */;


-- Dumping structure for table xsglxtsql.m_subjects
DROP TABLE IF EXISTS `m_subjects`;
CREATE TABLE IF NOT EXISTS `m_subjects` (
  `ID` int(10) unsigned NOT NULL AUTO_INCREMENT,
  `subject_code` char(10) COLLATE utf8_bin NOT NULL COMMENT '科目CODE',
  `subject_name` varchar(10) COLLATE utf8_bin NOT NULL COMMENT '科目名称',
  `subject_short_name` varchar(4) COLLATE utf8_bin NOT NULL COMMENT '科目名称(简称)',
  `subject_type` char(1) COLLATE utf8_bin NOT NULL DEFAULT '0' COMMENT '科目类型(0:普高 1:技能)',
  `total_score` int(3) unsigned NOT NULL DEFAULT '0' COMMENT '总分',
  `pass_score` int(3) unsigned NOT NULL DEFAULT '0' COMMENT '及格分数',
  `status` char(1) COLLATE utf8_bin NOT NULL DEFAULT '1' COMMENT '状态(1:正常 2:异常)',
  `level` int(2) unsigned NOT NULL COMMENT '显示排序用',
  `create_user` int(10) unsigned NOT NULL DEFAULT '0',
  `create_time` timestamp NOT NULL DEFAULT CURRENT_TIMESTAMP,
  `update_user` int(10) unsigned DEFAULT NULL,
  `update_time` timestamp NULL DEFAULT NULL,
  PRIMARY KEY (`ID`)
) ENGINE=InnoDB AUTO_INCREMENT=14 DEFAULT CHARSET=utf8 COLLATE=utf8_bin COMMENT='课程科目表';

-- Dumping data for table xsglxtsql.m_subjects: ~13 rows (approximately)
DELETE FROM `m_subjects`;
/*!40000 ALTER TABLE `m_subjects` DISABLE KEYS */;
INSERT INTO `m_subjects` (`ID`, `subject_code`, `subject_name`, `subject_short_name`, `subject_type`, `total_score`, `pass_score`, `status`, `level`, `create_user`, `create_time`, `update_user`, `update_time`) VALUES
	(1, 'YX', '语文', '语', '0', 150, 90, '1', 1, 0, '2014-09-23 10:47:15', 0, '2014-09-23 10:47:15'),
	(2, 'SX', '数学', '数', '0', 150, 90, '1', 2, 0, '2014-09-23 10:48:58', 0, '2014-09-23 10:48:58'),
	(3, 'YY', '英语', '英', '0', 150, 90, '1', 3, 0, '2014-09-23 10:49:07', 0, '2014-09-23 10:49:07'),
	(4, 'WL', '物理', '物', '1', 120, 72, '1', 4, 0, '2014-09-23 10:49:14', 0, '2014-09-23 10:49:14'),
	(5, 'HX', '化学', '化', '1', 120, 72, '1', 5, 0, '2014-09-23 10:49:18', 0, '2014-09-23 10:49:18'),
	(6, 'SW', '生物', '生', '1', 60, 36, '1', 6, 0, '2014-09-23 10:49:44', 1526, '2014-10-15 17:39:55'),
	(7, 'ZZ', '政治(思品)', '政', '1', 120, 72, '1', 7, 0, '2014-09-23 10:49:29', 0, '2014-09-23 10:49:29'),
	(8, 'LS', '历史', '史', '1', 120, 72, '1', 8, 0, '2014-09-23 10:49:34', 0, '2014-09-23 10:49:34'),
	(9, 'DL', '地理', '地', '1', 60, 36, '1', 9, 0, '2014-09-23 10:49:44', 0, '2014-09-23 10:49:44'),
	(10, 'YIN', '音乐', '音', '1', 60, 36, '1', 9, 0, '2014-09-23 10:49:44', 0, '2014-09-23 10:49:44'),
	(11, 'TY', '体育', '体', '1', 60, 36, '1', 9, 0, '2014-09-23 10:49:44', 0, '2014-09-23 10:49:44'),
	(12, 'MS', '美术', '美', '1', 60, 36, '1', 9, 0, '2014-09-23 10:49:44', 0, '2014-09-23 10:49:44'),
	(13, 'XXJS', '信息技术', '信', '1', 60, 36, '1', 9, 0, '2014-09-23 10:49:44', 0, '2014-09-23 10:49:44');
/*!40000 ALTER TABLE `m_subjects` ENABLE KEYS */;


-- Dumping structure for table xsglxtsql.t_classes
DROP TABLE IF EXISTS `t_classes`;
CREATE TABLE IF NOT EXISTS `t_classes` (
  `ID` int(10) unsigned NOT NULL AUTO_INCREMENT COMMENT 'ID',
  `class_code` char(20) COLLATE utf8_bin NOT NULL COMMENT '班级CODE',
  `class_name` char(50) COLLATE utf8_bin DEFAULT NULL COMMENT '班级名称',
  `grade` int(1) DEFAULT NULL COMMENT '年级',
  `entry_year` int(4) DEFAULT NULL COMMENT '入学年份',
  `term_type` enum('0','1','2') COLLATE utf8_bin DEFAULT NULL COMMENT '学期(0:整学年 1:上学期 2:下学期)',
  `class_type` char(1) COLLATE utf8_bin DEFAULT '0' COMMENT '班级类型(0:普通高中 1:技能专业)',
  `specialty_name` char(50) COLLATE utf8_bin DEFAULT NULL COMMENT '专业名称',
  `status` char(1) COLLATE utf8_bin NOT NULL DEFAULT '1' COMMENT '状态(1:使用中 2:未使用)',
  `teacher_id` int(10) unsigned DEFAULT NULL COMMENT '班主任ID',
  `create_user` int(10) unsigned NOT NULL DEFAULT '0',
  `create_time` timestamp NOT NULL DEFAULT CURRENT_TIMESTAMP,
  `update_user` int(10) unsigned DEFAULT NULL,
  `update_time` timestamp NULL DEFAULT NULL,
  PRIMARY KEY (`ID`),
  KEY `FK_t_classes_t_teachers` (`teacher_id`),
  CONSTRAINT `FK_t_classes_t_teachers` FOREIGN KEY (`teacher_id`) REFERENCES `t_teachers` (`ID`)
) ENGINE=InnoDB AUTO_INCREMENT=41 DEFAULT CHARSET=utf8 COLLATE=utf8_bin COMMENT='班级表';

-- Dumping data for table xsglxtsql.t_classes: ~40 rows (approximately)
DELETE FROM `t_classes`;
/*!40000 ALTER TABLE `t_classes` DISABLE KEYS */;
INSERT INTO `t_classes` (`ID`, `class_code`, `class_name`, `grade`, `entry_year`, `term_type`, `class_type`, `specialty_name`, `status`, `teacher_id`, `create_user`, `create_time`, `update_user`, `update_time`) VALUES
	(1, '101', '高一(1)', 1, 2014, '1', '0', NULL, '1', NULL, 0, '2014-09-23 17:17:22', 0, NULL),
	(2, '102', '高一(2)', 1, 2014, '1', '0', NULL, '1', NULL, 0, '2014-09-23 17:17:22', 0, NULL),
	(3, '103', '高一(3)', 1, 2014, '1', '0', NULL, '1', NULL, 0, '2014-09-23 17:17:22', 0, NULL),
	(4, '104', '高一(4)', 1, 2014, '1', '0', NULL, '1', NULL, 0, '2014-09-23 17:17:22', 0, NULL),
	(5, '105', '高一(5)', 1, 2014, '1', '0', NULL, '1', NULL, 0, '2014-09-23 17:17:22', 0, NULL),
	(6, '106', '高一(6)', 1, 2014, '1', '0', NULL, '1', NULL, 0, '2014-09-23 17:17:22', 0, NULL),
	(7, '107', '高一(7)', 1, 2014, '1', '0', NULL, '1', NULL, 0, '2014-09-23 17:17:22', 0, NULL),
	(8, '108', '高一(8)', 1, 2014, '1', '0', NULL, '1', NULL, 0, '2014-09-23 17:17:22', 0, NULL),
	(9, '109', '高一(9)', 1, 2014, '1', '0', NULL, '1', NULL, 0, '2014-09-23 17:17:22', 0, NULL),
	(10, '110', '高一(10)', 1, 2014, '1', '0', NULL, '1', NULL, 0, '2014-09-23 17:17:22', 0, NULL),
	(11, '111', '高一(11)', 1, 2014, '1', '0', NULL, '1', NULL, 0, '2014-09-23 17:17:22', 0, NULL),
	(12, '112', '高一(12)', 1, 2014, '1', '0', NULL, '1', NULL, 0, '2014-09-23 17:17:22', 0, NULL),
	(13, '113', '高一(13)', 1, 2014, '1', '0', NULL, '1', NULL, 0, '2014-09-23 17:17:22', 0, NULL),
	(14, '114', '高一(14)', 1, 2014, '1', '0', NULL, '1', NULL, 0, '2014-09-23 17:17:22', 0, NULL),
	(15, '115', '高一(15)', 1, 2014, '1', '0', NULL, '1', NULL, 0, '2014-09-23 17:17:22', 0, NULL),
	(16, '201', '高二(1)', 2, 2013, '1', '0', NULL, '1', NULL, 0, '2014-09-23 17:17:22', 0, NULL),
	(17, '202', '高二(2)', 2, 2013, '1', '0', NULL, '1', NULL, 0, '2014-09-23 17:17:22', 0, NULL),
	(18, '203', '高二(3)', 2, 2013, '1', '0', NULL, '1', NULL, 0, '2014-09-23 17:17:22', 0, NULL),
	(19, '204', '高二(4)', 2, 2013, '1', '0', NULL, '1', NULL, 0, '2014-11-04 17:06:41', 0, NULL),
	(20, '205', '高二(5)', 2, 2013, '1', '0', NULL, '1', NULL, 0, '2014-11-04 17:06:41', 0, NULL),
	(21, '206', '高二(6)', 2, 2013, '1', '0', NULL, '1', NULL, 0, '2014-11-04 17:06:41', 0, NULL),
	(22, '207', '高二(7)', 2, 2013, '1', '0', NULL, '1', NULL, 0, '2014-11-04 17:06:41', 0, NULL),
	(23, '208', '高二(8)', 2, 2013, '1', '0', NULL, '1', NULL, 0, '2014-11-04 17:06:41', 0, NULL),
	(24, '209', '高二(9)', 2, 2013, '1', '0', NULL, '1', NULL, 0, '2014-11-04 17:06:41', 0, NULL),
	(25, '210', '高二(10)', 2, 2013, '1', '0', NULL, '1', NULL, 0, '2014-11-04 17:06:41', 0, NULL),
	(26, '211', '高二(11)', 2, 2013, '1', '0', NULL, '1', NULL, 0, '2014-11-04 17:06:41', 0, NULL),
	(27, '212', '高二(12)', 2, 2013, '1', '0', NULL, '1', NULL, 0, '2014-11-04 17:06:41', 0, NULL),
	(28, '213', '高二(13)', 2, 2013, '1', '0', NULL, '1', NULL, 0, '2014-11-04 17:06:41', 0, NULL),
	(29, '301', '高三(1)', 3, 2012, '1', '0', NULL, '1', NULL, 0, '2014-11-04 17:06:41', 0, NULL),
	(30, '302', '高三(2)', 3, 2012, '1', '0', NULL, '1', NULL, 0, '2014-11-04 17:06:41', 0, NULL),
	(31, '303', '高三(3)', 3, 2012, '1', '0', NULL, '1', NULL, 0, '2014-11-04 17:06:41', 0, NULL),
	(32, '304', '高三(4)', 3, 2012, '1', '0', NULL, '1', NULL, 0, '2014-11-04 17:06:41', 0, NULL),
	(33, '305', '高三(5)', 3, 2012, '1', '0', NULL, '1', NULL, 0, '2014-11-04 17:06:41', 0, NULL),
	(34, '306', '高三(6)', 3, 2012, '1', '0', NULL, '1', NULL, 0, '2014-11-04 17:06:41', 0, NULL),
	(35, '307', '高三(7)', 3, 2012, '1', '0', NULL, '1', NULL, 0, '2014-11-04 17:06:41', 0, NULL),
	(36, '308', '高三(8)', 3, 2012, '1', '0', NULL, '1', NULL, 0, '2014-11-04 17:06:41', 0, NULL),
	(37, '309', '高三(9)', 3, 2012, '1', '0', NULL, '1', NULL, 0, '2014-11-04 17:06:41', 0, NULL),
	(38, '310', '高三(10)', 3, 2012, '1', '0', NULL, '1', NULL, 0, '2014-11-04 17:06:41', 0, NULL),
	(39, '311', '高三(11)', 3, 2012, '1', '0', NULL, '1', NULL, 0, '2014-11-04 17:06:41', 0, NULL),
	(40, '312', '高三(12)', 3, 2012, '1', '0', NULL, '1', NULL, 0, '2014-11-04 17:06:41', 1, '2014-11-06 17:21:25');
/*!40000 ALTER TABLE `t_classes` ENABLE KEYS */;


-- Dumping structure for table xsglxtsql.t_file_upload
DROP TABLE IF EXISTS `t_file_upload`;
CREATE TABLE IF NOT EXISTS `t_file_upload` (
  `ID` int(10) unsigned NOT NULL AUTO_INCREMENT COMMENT 'ID',
  `filename` char(50) COLLATE utf8_bin NOT NULL COMMENT '上传文件名',
  `realpath` char(128) COLLATE utf8_bin NOT NULL COMMENT '保存文件路径',
  `category` char(50) COLLATE utf8_bin DEFAULT NULL COMMENT '用途',
  `status` char(1) COLLATE utf8_bin DEFAULT NULL COMMENT '状态(0:未处理  1:处理正常  2:处理异常)',
  `create_user` int(10) unsigned NOT NULL DEFAULT '0',
  `create_time` timestamp NOT NULL DEFAULT CURRENT_TIMESTAMP,
  `update_user` int(10) unsigned DEFAULT NULL,
  `update_time` timestamp NULL DEFAULT NULL,
  PRIMARY KEY (`ID`)
) ENGINE=InnoDB AUTO_INCREMENT=69 DEFAULT CHARSET=utf8 COLLATE=utf8_bin;

-- Dumping data for table xsglxtsql.t_file_upload: ~4 rows (approximately)
DELETE FROM `t_file_upload`;
/*!40000 ALTER TABLE `t_file_upload` DISABLE KEYS */;
INSERT INTO `t_file_upload` (`ID`, `filename`, `realpath`, `category`, `status`, `create_user`, `create_time`, `update_user`, `update_time`) VALUES
	(58, '113学生信息表.xls', 'D:\\PHP\\manage\\IMSystem\\protected\\config\\..\\..\\files\\upload\\1415608054.xls', NULL, NULL, 1, '2014-11-10 17:27:34', 1, NULL),
	(60, '112.xls', 'D:\\PHP\\manage\\IMSystem\\protected\\config\\..\\..\\files\\upload\\1415675736.xls', NULL, NULL, 1, '2014-11-11 12:15:36', 1, NULL),
	(65, '学生信息一览表 总表.xls', 'D:\\PHP\\manage\\IMSystem\\protected\\config\\..\\..\\files\\upload\\1415677295.xls', NULL, NULL, 1, '2014-11-11 12:41:35', 1, NULL),
	(68, '教职工导入用Excel.xlsx', 'D:\\PHP\\manage\\IMSystem\\protected\\config\\..\\..\\files\\upload\\1415754669.xlsx', NULL, NULL, 1, '2014-11-12 10:11:09', 1, NULL);
/*!40000 ALTER TABLE `t_file_upload` ENABLE KEYS */;


-- Dumping structure for table xsglxtsql.t_scores
DROP TABLE IF EXISTS `t_scores`;
CREATE TABLE IF NOT EXISTS `t_scores` (
  `ID` int(10) unsigned NOT NULL AUTO_INCREMENT COMMENT 'ID',
  `exam_id` int(10) unsigned NOT NULL COMMENT '考试名称ID',
  `subject_id` int(10) unsigned NOT NULL COMMENT '科目ID',
  `class_id` int(10) unsigned NOT NULL COMMENT '班级ID',
  `student_id` int(10) unsigned NOT NULL COMMENT '学生ID',
  `student_number` char(10) COLLATE utf8_bin DEFAULT NULL COMMENT '当前学生学号',
  `score` float NOT NULL COMMENT '分数',
  `create_user` int(10) unsigned NOT NULL DEFAULT '0',
  `create_time` timestamp NOT NULL DEFAULT CURRENT_TIMESTAMP,
  `update_user` int(10) unsigned DEFAULT NULL,
  `update_time` timestamp NULL DEFAULT NULL,
  PRIMARY KEY (`ID`),
  KEY `FK_t_scores_m_exams` (`exam_id`),
  KEY `FK_t_scores_t_students` (`student_id`),
  KEY `FK_t_scores_m_subjects` (`subject_id`),
  KEY `FK_t_scores_t_classes` (`class_id`),
  CONSTRAINT `FK_t_scores_m_exams` FOREIGN KEY (`exam_id`) REFERENCES `m_exams` (`ID`),
  CONSTRAINT `FK_t_scores_m_subjects` FOREIGN KEY (`subject_id`) REFERENCES `m_subjects` (`ID`),
  CONSTRAINT `FK_t_scores_t_classes` FOREIGN KEY (`class_id`) REFERENCES `t_classes` (`ID`),
  CONSTRAINT `FK_t_scores_t_students` FOREIGN KEY (`student_id`) REFERENCES `t_students` (`ID`)
) ENGINE=InnoDB AUTO_INCREMENT=439 DEFAULT CHARSET=utf8 COLLATE=utf8_bin COMMENT='成绩表';

-- Dumping data for table xsglxtsql.t_scores: ~413 rows (approximately)
DELETE FROM `t_scores`;
/*!40000 ALTER TABLE `t_scores` DISABLE KEYS */;
INSERT INTO `t_scores` (`ID`, `exam_id`, `subject_id`, `class_id`, `student_id`, `student_number`, `score`, `create_user`, `create_time`, `update_user`, `update_time`) VALUES
	(26, 1, 1, 13, 40, '201511302', 88, 1, '2014-11-10 17:46:19', NULL, NULL),
	(27, 1, 1, 13, 41, '201511303', 120, 1, '2014-11-10 17:46:21', NULL, NULL),
	(28, 1, 1, 13, 42, '201511304', 113, 1, '2014-11-10 17:48:19', NULL, NULL),
	(29, 1, 1, 13, 43, '201511305', 145, 1, '2014-11-10 17:48:21', NULL, NULL),
	(30, 1, 1, 13, 44, '201511306', 116, 1, '2014-11-10 17:48:27', NULL, NULL),
	(31, 1, 1, 13, 45, '201511307', 100, 1, '2014-11-10 17:48:29', NULL, NULL),
	(32, 1, 1, 13, 46, '201511308', 89, 1, '2014-11-10 17:48:32', NULL, NULL),
	(33, 1, 1, 13, 47, '201511309', 97, 1, '2014-11-10 17:48:33', NULL, NULL),
	(34, 1, 1, 13, 48, '201511310', 88, 1, '2014-11-10 17:48:35', NULL, NULL),
	(35, 1, 1, 13, 49, '201511311', 123, 1, '2014-11-10 17:48:38', NULL, NULL),
	(36, 1, 1, 13, 50, '201511312', 88, 1, '2014-11-10 17:48:45', NULL, NULL),
	(37, 1, 1, 13, 51, '201511313', 78, 1, '2014-11-10 17:48:47', NULL, NULL),
	(38, 1, 1, 13, 52, '201511314', 98, 1, '2014-11-10 17:48:49', NULL, NULL),
	(39, 1, 1, 13, 53, '201511315', 100, 1, '2014-11-10 17:48:51', NULL, NULL),
	(40, 1, 1, 13, 54, '201511316', 120, 1, '2014-11-10 17:48:53', NULL, NULL),
	(41, 1, 1, 13, 55, '201511317', 85, 1, '2014-11-10 17:48:55', NULL, NULL),
	(42, 1, 1, 13, 56, '201511318', 77, 1, '2014-11-10 17:48:57', NULL, NULL),
	(43, 1, 1, 13, 57, '201511319', 62, 1, '2014-11-10 17:49:00', NULL, NULL),
	(44, 1, 1, 13, 58, '201511320', 98, 1, '2014-11-10 17:49:04', NULL, NULL),
	(45, 1, 1, 13, 59, '201511321', 120, 1, '2014-11-10 17:49:06', NULL, NULL),
	(46, 1, 1, 13, 60, '201511322', 113, 1, '2014-11-10 17:49:08', NULL, NULL),
	(47, 1, 1, 13, 61, '201511323', 112, 1, '2014-11-10 17:49:13', NULL, NULL),
	(48, 1, 1, 13, 62, '201511324', 50, 1, '2014-11-10 17:49:15', NULL, NULL),
	(49, 1, 1, 13, 64, '201511326', 85, 1, '2014-11-10 17:52:15', NULL, NULL),
	(50, 1, 1, 13, 65, '201511327', 16, 1, '2014-11-10 17:52:19', NULL, NULL),
	(51, 1, 1, 13, 66, '201511328', 55, 1, '2014-11-10 17:52:26', NULL, NULL),
	(52, 1, 1, 13, 67, '201511329', 48, 1, '2014-11-10 17:52:28', NULL, NULL),
	(53, 1, 1, 13, 68, '201511330', 90, 1, '2014-11-10 17:52:32', NULL, NULL),
	(54, 1, 1, 13, 69, '201511331', 100, 1, '2014-11-10 17:58:40', NULL, NULL),
	(55, 1, 1, 13, 70, '201511332', 123, 1, '2014-11-10 17:58:44', NULL, NULL),
	(56, 1, 1, 13, 71, '201511333', 143, 1, '2014-11-10 17:58:47', NULL, NULL),
	(57, 1, 1, 13, 72, '201511334', 120, 1, '2014-11-10 17:58:52', NULL, NULL),
	(58, 1, 1, 13, 73, '201511335', 111, 1, '2014-11-10 17:58:54', NULL, NULL),
	(59, 1, 1, 13, 74, '201511336', 84, 1, '2014-11-10 17:58:56', NULL, NULL),
	(60, 1, 1, 13, 75, '201511337', 75, 1, '2014-11-10 17:58:58', NULL, NULL),
	(61, 1, 1, 13, 76, '201511338', 96, 1, '2014-11-10 17:59:00', NULL, NULL),
	(62, 1, 1, 13, 77, '201511339', 88, 1, '2014-11-10 17:59:03', NULL, NULL),
	(63, 1, 1, 13, 78, '201511340', 37, 1, '2014-11-10 17:59:05', NULL, NULL),
	(64, 1, 1, 13, 79, '201511341', 67, 1, '2014-11-10 17:59:07', NULL, NULL),
	(65, 1, 1, 13, 80, '201511342', 77, 1, '2014-11-10 17:59:10', NULL, NULL),
	(66, 1, 1, 13, 81, '201511343', 18, 1, '2014-11-10 17:59:14', NULL, NULL),
	(67, 1, 1, 13, 82, '201511344', 120, 1, '2014-11-10 17:59:17', NULL, NULL),
	(68, 1, 1, 13, 83, '201511345', 123, 1, '2014-11-10 17:59:19', NULL, NULL),
	(69, 1, 1, 13, 84, '201511346', 147, 1, '2014-11-10 17:59:21', NULL, NULL),
	(70, 1, 1, 13, 85, '201511347', 98, 1, '2014-11-10 17:59:26', NULL, NULL),
	(71, 1, 1, 13, 86, '201511348', 99, 1, '2014-11-10 17:59:27', NULL, NULL),
	(72, 1, 1, 13, 87, '201511349', 90, 1, '2014-11-10 17:59:29', NULL, NULL),
	(73, 1, 1, 13, 88, '201511350', 58, 1, '2014-11-10 17:59:32', NULL, NULL),
	(74, 1, 1, 13, 89, '201511351', 107, 1, '2014-11-10 17:59:35', NULL, NULL),
	(75, 1, 1, 13, 90, '201511352', 144, 1, '2014-11-10 17:59:39', NULL, NULL),
	(76, 1, 1, 13, 91, '201511353', 42, 1, '2014-11-10 17:59:42', NULL, NULL),
	(77, 1, 1, 13, 92, '201511354', 77, 1, '2014-11-10 17:59:44', NULL, NULL),
	(78, 1, 1, 13, 93, '201511355', 98, 1, '2014-11-10 17:59:45', NULL, NULL),
	(79, 1, 1, 13, 94, '201511356', 20, 1, '2014-11-10 17:59:47', NULL, NULL),
	(80, 1, 1, 13, 95, '201511357', 1, 1, '2014-11-10 17:59:49', NULL, NULL),
	(81, 1, 1, 13, 96, '201511358', 88, 1, '2014-11-10 17:59:54', NULL, NULL),
	(82, 1, 1, 13, 97, '201511359', 99, 1, '2014-11-10 17:59:56', NULL, NULL),
	(83, 1, 1, 13, 98, '201511360', 24, 1, '2014-11-10 17:59:58', NULL, NULL),
	(84, 1, 1, 13, 99, '201511361', 77, 1, '2014-11-10 18:00:00', NULL, NULL),
	(85, 1, 1, 13, 100, '201511362', 86, 1, '2014-11-10 18:00:03', NULL, NULL),
	(86, 1, 1, 13, 101, '201511363', 104, 1, '2014-11-10 18:00:06', NULL, NULL),
	(87, 1, 1, 13, 102, '201511364', 123, 1, '2014-11-10 18:00:09', NULL, NULL),
	(88, 1, 1, 13, 103, '201511365', 47, 1, '2014-11-10 18:00:12', NULL, NULL),
	(89, 1, 1, 13, 104, '201511366', 80, 1, '2014-11-10 18:00:14', NULL, NULL),
	(90, 1, 1, 13, 105, '201511367', 89, 1, '2014-11-10 18:00:16', NULL, NULL),
	(91, 1, 1, 13, 106, '201511368', 68, 1, '2014-11-10 18:00:18', NULL, NULL),
	(92, 1, 1, 13, 107, '201511369', 132, 1, '2014-11-10 18:00:21', NULL, NULL),
	(93, 1, 1, 13, 63, '201511325', 44, 1, '2014-11-10 18:00:59', NULL, NULL),
	(94, 1, 2, 13, 40, '201511302', 112, 1, '2014-11-11 11:44:37', NULL, NULL),
	(95, 1, 2, 13, 41, '201511303', 114, 1, '2014-11-11 11:45:47', NULL, NULL),
	(96, 1, 2, 13, 42, '201511304', 58, 1, '2014-11-11 11:45:48', 1, '2014-11-11 11:45:54'),
	(97, 1, 2, 13, 43, '201511305', 98, 1, '2014-11-11 11:45:56', NULL, NULL),
	(98, 1, 2, 13, 44, '201511306', 114, 1, '2014-11-11 11:45:58', NULL, NULL),
	(99, 1, 2, 13, 45, '201511307', 26, 1, '2014-11-11 11:46:00', NULL, NULL),
	(100, 1, 2, 13, 46, '201511308', 27, 1, '2014-11-11 11:46:01', NULL, NULL),
	(101, 1, 2, 13, 47, '201511309', 98, 1, '2014-11-11 11:46:03', NULL, NULL),
	(102, 1, 2, 13, 48, '201511310', 96, 1, '2014-11-11 11:46:04', NULL, NULL),
	(103, 1, 2, 13, 49, '201511311', 85, 1, '2014-11-11 11:46:05', NULL, NULL),
	(104, 1, 2, 13, 50, '201511312', 74, 1, '2014-11-11 11:46:06', NULL, NULL),
	(105, 1, 2, 13, 51, '201511313', 15, 1, '2014-11-11 11:46:08', NULL, NULL),
	(106, 1, 2, 13, 52, '201511314', 98, 1, '2014-11-11 11:46:09', NULL, NULL),
	(107, 1, 2, 13, 53, '201511315', 99, 1, '2014-11-11 11:46:10', NULL, NULL),
	(108, 1, 2, 13, 54, '201511316', 98, 1, '2014-11-11 11:46:11', NULL, NULL),
	(109, 1, 2, 13, 55, '201511317', 97, 1, '2014-11-11 11:46:12', NULL, NULL),
	(110, 1, 2, 13, 56, '201511318', 102, 1, '2014-11-11 11:46:13', NULL, NULL),
	(111, 1, 2, 13, 57, '201511319', 105, 1, '2014-11-11 11:46:14', NULL, NULL),
	(112, 1, 2, 13, 58, '201511320', 111, 1, '2014-11-11 11:46:15', NULL, NULL),
	(113, 1, 2, 13, 59, '201511321', 16, 1, '2014-11-11 11:46:19', NULL, NULL),
	(114, 1, 2, 13, 60, '201511322', 125, 1, '2014-11-11 11:46:20', NULL, NULL),
	(115, 1, 2, 13, 61, '201511323', 145, 1, '2014-11-11 11:46:21', NULL, NULL),
	(116, 1, 2, 13, 62, '201511324', 135, 1, '2014-11-11 11:46:23', NULL, NULL),
	(117, 1, 2, 13, 63, '201511325', 100, 1, '2014-11-11 11:46:24', NULL, NULL),
	(118, 1, 2, 13, 64, '201511326', 99, 1, '2014-11-11 11:46:25', NULL, NULL),
	(119, 1, 2, 13, 65, '201511327', 98, 1, '2014-11-11 11:46:27', NULL, NULL),
	(120, 1, 2, 13, 66, '201511328', 97, 1, '2014-11-11 11:46:28', NULL, NULL),
	(121, 1, 2, 13, 67, '201511329', 96, 1, '2014-11-11 11:46:29', NULL, NULL),
	(122, 1, 2, 13, 68, '201511330', 95, 1, '2014-11-11 11:46:30', NULL, NULL),
	(123, 1, 2, 13, 69, '201511331', 58, 1, '2014-11-11 11:46:31', NULL, NULL),
	(124, 1, 2, 13, 70, '201511332', 45, 1, '2014-11-11 11:46:32', NULL, NULL),
	(125, 1, 2, 13, 71, '201511333', 75, 1, '2014-11-11 11:46:33', NULL, NULL),
	(126, 1, 2, 13, 72, '201511334', 95, 1, '2014-11-11 11:46:36', NULL, NULL),
	(127, 1, 2, 13, 73, '201511335', 52, 1, '2014-11-11 11:46:39', NULL, NULL),
	(128, 1, 2, 13, 74, '201511336', 65, 1, '2014-11-11 11:46:40', NULL, NULL),
	(129, 1, 2, 13, 75, '201511337', 99, 1, '2014-11-11 11:46:41', NULL, NULL),
	(130, 1, 2, 13, 76, '201511338', 87, 1, '2014-11-11 11:46:42', NULL, NULL),
	(131, 1, 2, 13, 77, '201511339', 78, 1, '2014-11-11 11:46:43', NULL, NULL),
	(132, 1, 2, 13, 78, '201511340', 96, 1, '2014-11-11 11:46:44', NULL, NULL),
	(133, 1, 2, 13, 79, '201511341', 98, 1, '2014-11-11 11:46:45', NULL, NULL),
	(134, 1, 2, 13, 80, '201511342', 102, 1, '2014-11-11 11:46:47', NULL, NULL),
	(135, 1, 2, 13, 81, '201511343', 101, 1, '2014-11-11 11:46:48', NULL, NULL),
	(136, 1, 2, 13, 82, '201511344', 102, 1, '2014-11-11 11:46:49', NULL, NULL),
	(137, 1, 2, 13, 83, '201511345', 103, 1, '2014-11-11 11:46:50', NULL, NULL),
	(138, 1, 2, 13, 84, '201511346', 114, 1, '2014-11-11 11:46:51', NULL, NULL),
	(139, 1, 2, 13, 85, '201511347', 113, 1, '2014-11-11 11:46:52', NULL, NULL),
	(140, 1, 2, 13, 86, '201511348', 136, 1, '2014-11-11 11:46:53', NULL, NULL),
	(141, 1, 2, 13, 87, '201511349', 150, 1, '2014-11-11 11:46:57', NULL, NULL),
	(142, 1, 2, 13, 88, '201511350', 124, 1, '2014-11-11 11:46:58', NULL, NULL),
	(143, 1, 2, 13, 89, '201511351', 150, 1, '2014-11-11 11:47:01', NULL, NULL),
	(144, 1, 2, 13, 90, '201511352', 118, 1, '2014-11-11 11:47:03', NULL, NULL),
	(145, 1, 2, 13, 91, '201511353', 117, 1, '2014-11-11 11:47:05', NULL, NULL),
	(146, 1, 2, 13, 92, '201511354', 127, 1, '2014-11-11 11:47:06', NULL, NULL),
	(147, 1, 2, 13, 93, '201511355', 124, 1, '2014-11-11 11:47:07', NULL, NULL),
	(148, 1, 2, 13, 94, '201511356', 123, 1, '2014-11-11 11:47:08', NULL, NULL),
	(149, 1, 2, 13, 95, '201511357', 65, 1, '2014-11-11 11:47:10', NULL, NULL),
	(150, 1, 2, 13, 96, '201511358', 64, 1, '2014-11-11 11:47:11', NULL, NULL),
	(151, 1, 2, 13, 97, '201511359', 78, 1, '2014-11-11 11:47:13', NULL, NULL),
	(152, 1, 2, 13, 98, '201511360', 86, 1, '2014-11-11 11:47:14', NULL, NULL),
	(153, 1, 2, 13, 99, '201511361', 63, 1, '2014-11-11 11:47:15', NULL, NULL),
	(154, 1, 2, 13, 100, '201511362', 65, 1, '2014-11-11 11:47:16', NULL, NULL),
	(155, 1, 2, 13, 101, '201511363', 84, 1, '2014-11-11 11:47:17', NULL, NULL),
	(156, 1, 2, 13, 102, '201511364', 24, 1, '2014-11-11 11:47:18', NULL, NULL),
	(157, 1, 2, 13, 103, '201511365', 68, 1, '2014-11-11 11:47:19', NULL, NULL),
	(158, 1, 2, 13, 104, '201511366', 87, 1, '2014-11-11 11:47:21', NULL, NULL),
	(159, 1, 2, 13, 105, '201511367', 55, 1, '2014-11-11 11:47:22', NULL, NULL),
	(160, 1, 2, 13, 106, '201511368', 123, 1, '2014-11-11 11:47:23', 1, '2014-11-11 11:47:39'),
	(161, 1, 2, 13, 107, '201511369', 66, 1, '2014-11-11 11:47:24', NULL, NULL),
	(162, 1, 2, 13, 114, '201511370', 100, 1, '2014-11-11 11:47:25', NULL, NULL),
	(163, 1, 3, 13, 40, '201511302', 102, 1, '2014-11-11 11:48:12', NULL, NULL),
	(164, 1, 3, 13, 41, '201511303', 123, 1, '2014-11-11 11:48:14', NULL, NULL),
	(165, 1, 3, 13, 42, '201511304', 125, 1, '2014-11-11 11:48:15', NULL, NULL),
	(166, 1, 3, 13, 43, '201511305', 142, 1, '2014-11-11 11:48:16', NULL, NULL),
	(167, 1, 3, 13, 44, '201511306', 112, 1, '2014-11-11 11:48:17', NULL, NULL),
	(168, 1, 3, 13, 45, '201511307', 110, 1, '2014-11-11 11:48:18', NULL, NULL),
	(169, 1, 3, 13, 46, '201511308', 110, 1, '2014-11-11 11:48:19', NULL, NULL),
	(170, 1, 3, 13, 47, '201511309', 142, 1, '2014-11-11 11:48:20', NULL, NULL),
	(171, 1, 3, 13, 48, '201511310', 21, 1, '2014-11-11 11:48:21', NULL, NULL),
	(172, 1, 3, 13, 49, '201511311', 59, 1, '2014-11-11 11:48:23', NULL, NULL),
	(173, 1, 3, 13, 50, '201511312', 67, 1, '2014-11-11 11:48:24', NULL, NULL),
	(174, 1, 3, 13, 51, '201511313', 145, 1, '2014-11-11 11:48:25', NULL, NULL),
	(175, 1, 3, 13, 52, '201511314', 102, 1, '2014-11-11 11:48:26', NULL, NULL),
	(176, 1, 3, 13, 53, '201511315', 49, 1, '2014-11-11 11:48:27', NULL, NULL),
	(177, 1, 3, 13, 54, '201511316', 97, 1, '2014-11-11 11:48:28', NULL, NULL),
	(178, 1, 3, 13, 55, '201511317', 98, 1, '2014-11-11 11:48:29', NULL, NULL),
	(179, 1, 3, 13, 56, '201511318', 96, 1, '2014-11-11 11:48:30', NULL, NULL),
	(180, 1, 3, 13, 57, '201511319', 99, 1, '2014-11-11 11:48:31', NULL, NULL),
	(181, 1, 3, 13, 58, '201511320', 145, 1, '2014-11-11 11:48:33', NULL, NULL),
	(182, 1, 3, 13, 59, '201511321', 110, 1, '2014-11-11 11:48:35', NULL, NULL),
	(183, 1, 3, 13, 60, '201511322', 118, 1, '2014-11-11 11:48:36', NULL, NULL),
	(184, 1, 3, 13, 61, '201511323', 21, 1, '2014-11-11 11:48:37', NULL, NULL),
	(185, 1, 3, 13, 62, '201511324', 118, 1, '2014-11-11 11:48:38', NULL, NULL),
	(186, 1, 3, 13, 63, '201511325', 127, 1, '2014-11-11 11:48:39', NULL, NULL),
	(187, 1, 3, 13, 64, '201511326', 127, 1, '2014-11-11 11:48:41', NULL, NULL),
	(188, 1, 3, 13, 65, '201511327', 119, 1, '2014-11-11 11:48:42', NULL, NULL),
	(189, 1, 3, 13, 66, '201511328', 118, 1, '2014-11-11 11:48:43', NULL, NULL),
	(190, 1, 3, 13, 67, '201511329', 20, 1, '2014-11-11 11:48:44', NULL, NULL),
	(191, 1, 3, 13, 68, '201511330', 100, 1, '2014-11-11 11:48:45', NULL, NULL),
	(192, 1, 3, 13, 69, '201511331', 99, 1, '2014-11-11 11:48:46', NULL, NULL),
	(193, 1, 3, 13, 70, '201511332', 101, 1, '2014-11-11 11:48:47', NULL, NULL),
	(194, 1, 3, 13, 71, '201511333', 150, 1, '2014-11-11 11:48:52', NULL, NULL),
	(195, 1, 3, 13, 72, '201511334', 112, 1, '2014-11-11 11:48:53', NULL, NULL),
	(196, 1, 3, 13, 73, '201511335', 1, 1, '2014-11-11 11:48:54', NULL, NULL),
	(197, 1, 3, 13, 74, '201511336', 145, 1, '2014-11-11 11:48:59', NULL, NULL),
	(198, 1, 3, 13, 75, '201511337', 11, 1, '2014-11-11 11:49:00', NULL, NULL),
	(199, 1, 3, 13, 76, '201511338', 112, 1, '2014-11-11 11:49:01', NULL, NULL),
	(200, 1, 3, 13, 77, '201511339', 117, 1, '2014-11-11 11:49:02', NULL, NULL),
	(201, 1, 3, 13, 78, '201511340', 107, 1, '2014-11-11 11:49:03', NULL, NULL),
	(202, 1, 3, 13, 79, '201511341', 104, 1, '2014-11-11 11:49:05', 1, '2014-11-11 11:49:07'),
	(203, 1, 3, 13, 80, '201511342', 112, 1, '2014-11-11 11:49:08', NULL, NULL),
	(204, 1, 3, 13, 81, '201511343', 14, 1, '2014-11-11 11:49:12', NULL, NULL),
	(205, 1, 3, 13, 82, '201511344', 65, 1, '2014-11-11 11:49:17', NULL, NULL),
	(206, 1, 3, 13, 83, '201511345', 37, 1, '2014-11-11 11:49:18', NULL, NULL),
	(207, 1, 3, 13, 84, '201511346', 68, 1, '2014-11-11 11:49:19', NULL, NULL),
	(208, 1, 3, 13, 85, '201511347', 87, 1, '2014-11-11 11:49:20', NULL, NULL),
	(209, 1, 3, 13, 86, '201511348', 98, 1, '2014-11-11 11:49:22', NULL, NULL),
	(210, 1, 3, 13, 87, '201511349', 95, 1, '2014-11-11 11:49:23', NULL, NULL),
	(211, 1, 3, 13, 88, '201511350', 96, 1, '2014-11-11 11:49:24', NULL, NULL),
	(212, 1, 3, 13, 89, '201511351', 82, 1, '2014-11-11 11:49:25', NULL, NULL),
	(213, 1, 3, 13, 90, '201511352', 15, 1, '2014-11-11 11:49:26', NULL, NULL),
	(214, 1, 3, 13, 91, '201511353', 74, 1, '2014-11-11 11:49:27', NULL, NULL),
	(215, 1, 3, 13, 92, '201511354', 81, 1, '2014-11-11 11:49:28', NULL, NULL),
	(216, 1, 3, 13, 93, '201511355', 11, 1, '2014-11-11 11:49:29', NULL, NULL),
	(217, 1, 3, 13, 94, '201511356', 58, 1, '2014-11-11 11:49:30', NULL, NULL),
	(218, 1, 3, 13, 95, '201511357', 59, 1, '2014-11-11 11:49:32', NULL, NULL),
	(219, 1, 3, 13, 96, '201511358', 46, 1, '2014-11-11 11:49:33', NULL, NULL),
	(220, 1, 3, 13, 97, '201511359', 68, 1, '2014-11-11 11:49:34', NULL, NULL),
	(221, 1, 3, 13, 98, '201511360', 98, 1, '2014-11-11 11:49:35', NULL, NULL),
	(222, 1, 3, 13, 99, '201511361', 71, 1, '2014-11-11 11:49:36', NULL, NULL),
	(223, 1, 3, 13, 100, '201511362', 108, 1, '2014-11-11 11:49:37', NULL, NULL),
	(224, 1, 3, 13, 101, '201511363', 11, 1, '2014-11-11 11:49:38', NULL, NULL),
	(225, 1, 3, 13, 102, '201511364', 35, 1, '2014-11-11 11:49:39', NULL, NULL),
	(226, 1, 3, 13, 103, '201511365', 109, 1, '2014-11-11 11:49:40', NULL, NULL),
	(227, 1, 3, 13, 104, '201511366', 145, 1, '2014-11-11 11:49:42', NULL, NULL),
	(228, 1, 3, 13, 105, '201511367', 146, 1, '2014-11-11 11:49:43', NULL, NULL),
	(229, 1, 3, 13, 106, '201511368', 147, 1, '2014-11-11 11:49:44', NULL, NULL),
	(230, 1, 3, 13, 107, '201511369', 134, 1, '2014-11-11 11:49:45', NULL, NULL),
	(231, 1, 3, 13, 114, '201511370', 125, 1, '2014-11-11 11:49:46', NULL, NULL),
	(232, 1, 4, 13, 41, '201511303', 14, 1, '2014-11-11 11:50:13', NULL, NULL),
	(233, 1, 4, 13, 40, '201511302', 78, 1, '2014-11-11 11:50:25', NULL, NULL),
	(234, 1, 4, 13, 42, '201511304', 71, 1, '2014-11-11 11:50:31', NULL, NULL),
	(235, 1, 4, 13, 43, '201511305', 78, 1, '2014-11-11 11:50:37', NULL, NULL),
	(236, 1, 4, 13, 44, '201511306', 95, 1, '2014-11-11 11:50:38', NULL, NULL),
	(237, 1, 4, 13, 45, '201511307', 45, 1, '2014-11-11 11:50:40', NULL, NULL),
	(238, 1, 4, 13, 46, '201511308', 44, 1, '2014-11-11 11:50:41', NULL, NULL),
	(239, 1, 4, 13, 47, '201511309', 57, 1, '2014-11-11 11:50:42', NULL, NULL),
	(240, 1, 4, 13, 48, '201511310', 18, 1, '2014-11-11 11:50:44', NULL, NULL),
	(241, 1, 4, 13, 49, '201511311', 102, 1, '2014-11-11 11:50:46', NULL, NULL),
	(242, 1, 4, 13, 50, '201511312', 44, 1, '2014-11-11 11:50:47', NULL, NULL),
	(243, 1, 4, 13, 51, '201511313', 98, 1, '2014-11-11 11:50:48', NULL, NULL),
	(244, 1, 4, 13, 52, '201511314', 64, 1, '2014-11-11 11:50:49', NULL, NULL),
	(245, 1, 4, 13, 53, '201511315', 67, 1, '2014-11-11 11:50:50', NULL, NULL),
	(246, 1, 4, 13, 54, '201511316', 38, 1, '2014-11-11 11:50:51', NULL, NULL),
	(247, 1, 4, 13, 55, '201511317', 47, 1, '2014-11-11 11:50:52', NULL, NULL),
	(248, 1, 4, 13, 56, '201511318', 6, 1, '2014-11-11 11:50:53', NULL, NULL),
	(249, 1, 4, 13, 57, '201511319', 6, 1, '2014-11-11 11:50:55', NULL, NULL),
	(250, 1, 4, 13, 58, '201511320', 78, 1, '2014-11-11 11:50:56', NULL, NULL),
	(251, 1, 4, 13, 59, '201511321', 49, 1, '2014-11-11 11:50:57', NULL, NULL),
	(252, 1, 4, 13, 60, '201511322', 56, 1, '2014-11-11 11:50:58', NULL, NULL),
	(253, 1, 4, 13, 61, '201511323', 98, 1, '2014-11-11 11:50:59', NULL, NULL),
	(254, 1, 4, 13, 62, '201511324', 69, 1, '2014-11-11 11:51:00', NULL, NULL),
	(255, 1, 4, 13, 63, '201511325', 79, 1, '2014-11-11 11:51:01', NULL, NULL),
	(256, 1, 4, 13, 64, '201511326', 6, 1, '2014-11-11 11:51:02', NULL, NULL),
	(257, 1, 4, 13, 65, '201511327', 9, 1, '2014-11-11 11:51:03', NULL, NULL),
	(258, 1, 4, 13, 66, '201511328', 69, 1, '2014-11-11 11:51:04', NULL, NULL),
	(259, 1, 4, 13, 67, '201511329', 94, 1, '2014-11-11 11:51:06', NULL, NULL),
	(260, 1, 4, 13, 68, '201511330', 78, 1, '2014-11-11 11:51:07', NULL, NULL),
	(261, 1, 4, 13, 69, '201511331', 98, 1, '2014-11-11 11:51:08', NULL, NULL),
	(262, 1, 4, 13, 70, '201511332', 64, 1, '2014-11-11 11:51:09', NULL, NULL),
	(263, 1, 4, 13, 71, '201511333', 65, 1, '2014-11-11 11:51:10', NULL, NULL),
	(264, 1, 4, 13, 72, '201511334', 78, 1, '2014-11-11 11:51:11', NULL, NULL),
	(265, 1, 4, 13, 73, '201511335', 49, 1, '2014-11-11 11:51:12', NULL, NULL),
	(266, 1, 4, 13, 74, '201511336', 66, 1, '2014-11-11 11:51:13', NULL, NULL),
	(267, 1, 4, 13, 75, '201511337', 84, 1, '2014-11-11 11:51:14', NULL, NULL),
	(268, 1, 4, 13, 76, '201511338', 69, 1, '2014-11-11 11:51:16', NULL, NULL),
	(269, 1, 4, 13, 77, '201511339', 55, 1, '2014-11-11 11:51:17', NULL, NULL),
	(270, 1, 4, 13, 78, '201511340', 88, 1, '2014-11-11 11:51:18', NULL, NULL),
	(271, 1, 4, 13, 79, '201511341', 5, 1, '2014-11-11 11:51:19', NULL, NULL),
	(272, 1, 4, 13, 80, '201511342', 77, 1, '2014-11-11 11:51:20', NULL, NULL),
	(273, 1, 4, 13, 81, '201511343', 88, 1, '2014-11-11 11:51:21', NULL, NULL),
	(274, 1, 4, 13, 82, '201511344', 99, 1, '2014-11-11 11:51:22', NULL, NULL),
	(275, 1, 4, 13, 83, '201511345', 77, 1, '2014-11-11 11:51:24', NULL, NULL),
	(276, 1, 4, 13, 84, '201511346', 58, 1, '2014-11-11 11:51:25', NULL, NULL),
	(277, 1, 4, 13, 85, '201511347', 68, 1, '2014-11-11 11:51:26', NULL, NULL),
	(278, 1, 4, 13, 86, '201511348', 95, 1, '2014-11-11 11:51:27', NULL, NULL),
	(279, 1, 4, 13, 87, '201511349', 74, 1, '2014-11-11 11:51:28', NULL, NULL),
	(280, 1, 4, 13, 88, '201511350', 101, 1, '2014-11-11 11:51:29', NULL, NULL),
	(281, 1, 4, 13, 89, '201511351', 120, 1, '2014-11-11 11:51:30', NULL, NULL),
	(282, 1, 4, 13, 90, '201511352', 12, 1, '2014-11-11 11:51:31', NULL, NULL),
	(283, 1, 4, 13, 91, '201511353', 112, 1, '2014-11-11 11:51:32', NULL, NULL),
	(284, 1, 4, 13, 92, '201511354', 98, 1, '2014-11-11 11:51:33', NULL, NULL),
	(285, 1, 4, 13, 93, '201511355', 97, 1, '2014-11-11 11:51:34', NULL, NULL),
	(286, 1, 4, 13, 94, '201511356', 69, 1, '2014-11-11 11:51:36', NULL, NULL),
	(287, 1, 4, 13, 95, '201511357', 87, 1, '2014-11-11 11:51:37', NULL, NULL),
	(288, 1, 4, 13, 96, '201511358', 45, 1, '2014-11-11 11:51:38', NULL, NULL),
	(289, 1, 4, 13, 97, '201511359', 12, 1, '2014-11-11 11:51:39', NULL, NULL),
	(290, 1, 4, 13, 98, '201511360', 96, 1, '2014-11-11 11:51:40', NULL, NULL),
	(291, 1, 4, 13, 99, '201511361', 75, 1, '2014-11-11 11:51:41', NULL, NULL),
	(292, 1, 4, 13, 100, '201511362', 98, 1, '2014-11-11 11:51:42', NULL, NULL),
	(293, 1, 4, 13, 101, '201511363', 68, 1, '2014-11-11 11:51:44', NULL, NULL),
	(294, 1, 4, 13, 102, '201511364', 101, 1, '2014-11-11 11:51:45', NULL, NULL),
	(295, 1, 4, 13, 103, '201511365', 11, 1, '2014-11-11 11:51:46', NULL, NULL),
	(296, 1, 4, 13, 104, '201511366', 112, 1, '2014-11-11 11:51:47', NULL, NULL),
	(297, 1, 4, 13, 105, '201511367', 18, 1, '2014-11-11 11:51:48', NULL, NULL),
	(298, 1, 4, 13, 106, '201511368', 78, 1, '2014-11-11 11:51:49', NULL, NULL),
	(299, 1, 4, 13, 107, '201511369', 97, 1, '2014-11-11 11:51:50', NULL, NULL),
	(300, 1, 4, 13, 114, '201511370', 68, 1, '2014-11-11 11:51:51', NULL, NULL),
	(301, 1, 5, 13, 40, '201511302', 119.5, 1, '2014-11-11 11:52:14', 1, '2014-11-11 11:55:45'),
	(302, 1, 5, 13, 41, '201511303', 0, 1, '2014-11-11 11:52:16', 1, '2014-11-11 11:55:50'),
	(303, 1, 5, 13, 42, '201511304', 88, 1, '2014-11-11 11:52:17', NULL, NULL),
	(304, 1, 5, 13, 43, '201511305', 47, 1, '2014-11-11 11:52:18', NULL, NULL),
	(305, 1, 5, 13, 44, '201511306', 58, 1, '2014-11-11 11:52:19', NULL, NULL),
	(306, 1, 5, 13, 45, '201511307', 88, 1, '2014-11-11 11:52:20', NULL, NULL),
	(307, 1, 5, 13, 46, '201511308', 95, 1, '2014-11-11 11:52:21', NULL, NULL),
	(308, 1, 5, 13, 47, '201511309', 75, 1, '2014-11-11 11:52:22', NULL, NULL),
	(309, 1, 5, 13, 48, '201511310', 84, 1, '2014-11-11 11:52:24', NULL, NULL),
	(310, 1, 5, 13, 49, '201511311', 28, 1, '2014-11-11 11:52:25', NULL, NULL),
	(311, 1, 5, 13, 50, '201511312', 67, 1, '2014-11-11 11:52:26', NULL, NULL),
	(312, 1, 5, 13, 51, '201511313', 58, 1, '2014-11-11 11:52:27', NULL, NULL),
	(313, 1, 5, 13, 52, '201511314', 25, 1, '2014-11-11 11:52:28', NULL, NULL),
	(314, 1, 5, 13, 53, '201511315', 74, 1, '2014-11-11 11:52:29', NULL, NULL),
	(315, 1, 5, 13, 54, '201511316', 96, 1, '2014-11-11 11:52:30', NULL, NULL),
	(316, 1, 5, 13, 55, '201511317', 75, 1, '2014-11-11 11:52:31', NULL, NULL),
	(317, 1, 5, 13, 56, '201511318', 75, 1, '2014-11-11 11:52:32', NULL, NULL),
	(318, 1, 5, 13, 57, '201511319', 99, 1, '2014-11-11 11:52:34', NULL, NULL),
	(319, 1, 5, 13, 58, '201511320', 67, 1, '2014-11-11 11:52:35', NULL, NULL),
	(320, 1, 5, 13, 59, '201511321', 57, 1, '2014-11-11 11:52:36', NULL, NULL),
	(321, 1, 5, 13, 60, '201511322', 85, 1, '2014-11-11 11:52:37', NULL, NULL),
	(322, 1, 5, 13, 61, '201511323', 45, 1, '2014-11-11 11:52:38', NULL, NULL),
	(323, 1, 5, 13, 62, '201511324', 85, 1, '2014-11-11 11:52:39', NULL, NULL),
	(324, 1, 5, 13, 63, '201511325', 69, 1, '2014-11-11 11:52:40', NULL, NULL),
	(325, 1, 5, 13, 64, '201511326', 4, 1, '2014-11-11 11:52:41', NULL, NULL),
	(326, 1, 5, 13, 65, '201511327', 95, 1, '2014-11-11 11:52:42', NULL, NULL),
	(327, 1, 5, 13, 66, '201511328', 79, 1, '2014-11-11 11:52:44', NULL, NULL),
	(328, 1, 5, 13, 67, '201511329', 67, 1, '2014-11-11 11:52:45', NULL, NULL),
	(329, 1, 5, 13, 68, '201511330', 6, 1, '2014-11-11 11:52:46', NULL, NULL),
	(330, 1, 5, 13, 69, '201511331', 75, 1, '2014-11-11 11:52:47', NULL, NULL),
	(331, 1, 5, 13, 70, '201511332', 94, 1, '2014-11-11 11:52:48', NULL, NULL),
	(332, 1, 5, 13, 71, '201511333', 9, 1, '2014-11-11 11:52:49', NULL, NULL),
	(333, 1, 5, 13, 72, '201511334', 57, 1, '2014-11-11 11:52:50', NULL, NULL),
	(334, 1, 5, 13, 73, '201511335', 67, 1, '2014-11-11 11:52:51', NULL, NULL),
	(335, 1, 5, 13, 74, '201511336', 5, 1, '2014-11-11 11:52:53', NULL, NULL),
	(336, 1, 5, 13, 75, '201511337', 79, 1, '2014-11-11 11:52:54', NULL, NULL),
	(337, 1, 5, 13, 76, '201511338', 6, 1, '2014-11-11 11:52:55', NULL, NULL),
	(338, 1, 5, 13, 77, '201511339', 7, 1, '2014-11-11 11:52:56', NULL, NULL),
	(339, 1, 5, 13, 78, '201511340', 9, 1, '2014-11-11 11:52:57', NULL, NULL),
	(340, 1, 5, 13, 79, '201511341', 67, 1, '2014-11-11 11:52:58', NULL, NULL),
	(341, 1, 5, 13, 80, '201511342', 9, 1, '2014-11-11 11:52:59', NULL, NULL),
	(342, 1, 5, 13, 81, '201511343', 57, 1, '2014-11-11 11:53:00', NULL, NULL),
	(343, 1, 5, 13, 82, '201511344', 78, 1, '2014-11-11 11:53:02', NULL, NULL),
	(344, 1, 5, 13, 83, '201511345', 9, 1, '2014-11-11 11:53:03', NULL, NULL),
	(345, 1, 5, 13, 84, '201511346', 64, 1, '2014-11-11 11:53:04', NULL, NULL),
	(346, 1, 5, 13, 85, '201511347', 75, 1, '2014-11-11 11:53:05', NULL, NULL),
	(347, 1, 5, 13, 86, '201511348', 88, 1, '2014-11-11 11:53:06', NULL, NULL),
	(348, 1, 5, 13, 87, '201511349', 99, 1, '2014-11-11 11:53:08', NULL, NULL),
	(349, 1, 5, 13, 88, '201511350', 101, 1, '2014-11-11 11:53:09', NULL, NULL),
	(350, 1, 5, 13, 89, '201511351', 12, 1, '2014-11-11 11:53:10', NULL, NULL),
	(351, 1, 5, 13, 90, '201511352', 45, 1, '2014-11-11 11:53:11', NULL, NULL),
	(352, 1, 5, 13, 91, '201511353', 84, 1, '2014-11-11 11:53:12', NULL, NULL),
	(353, 1, 5, 13, 92, '201511354', 8, 1, '2014-11-11 11:53:13', NULL, NULL),
	(354, 1, 5, 13, 93, '201511355', 95, 1, '2014-11-11 11:53:14', NULL, NULL),
	(355, 1, 5, 13, 94, '201511356', 74, 1, '2014-11-11 11:53:15', NULL, NULL),
	(356, 1, 5, 13, 95, '201511357', 5, 1, '2014-11-11 11:53:16', NULL, NULL),
	(357, 1, 5, 13, 96, '201511358', 75, 1, '2014-11-11 11:53:18', NULL, NULL),
	(358, 1, 5, 13, 97, '201511359', 8, 1, '2014-11-11 11:53:19', NULL, NULL),
	(359, 1, 5, 13, 98, '201511360', 57, 1, '2014-11-11 11:53:20', NULL, NULL),
	(360, 1, 5, 13, 99, '201511361', 5, 1, '2014-11-11 11:53:21', NULL, NULL),
	(361, 1, 5, 13, 100, '201511362', 75, 1, '2014-11-11 11:53:22', NULL, NULL),
	(362, 1, 5, 13, 101, '201511363', 7, 1, '2014-11-11 11:53:23', NULL, NULL),
	(363, 1, 5, 13, 102, '201511364', 5, 1, '2014-11-11 11:53:24', NULL, NULL),
	(364, 1, 5, 13, 103, '201511365', 85, 1, '2014-11-11 11:53:25', NULL, NULL),
	(365, 1, 5, 13, 104, '201511366', 78, 1, '2014-11-11 11:53:26', NULL, NULL),
	(366, 1, 5, 13, 105, '201511367', 5, 1, '2014-11-11 11:53:28', NULL, NULL),
	(367, 1, 5, 13, 106, '201511368', 96, 1, '2014-11-11 11:53:29', NULL, NULL),
	(368, 1, 5, 13, 107, '201511369', 87, 1, '2014-11-11 11:53:30', NULL, NULL),
	(369, 1, 5, 13, 114, '201511370', 8, 1, '2014-11-11 11:53:31', NULL, NULL),
	(370, 1, 6, 13, 40, '201511302', 60, 1, '2014-11-11 11:56:18', NULL, NULL),
	(371, 1, 6, 13, 41, '201511303', 35, 1, '2014-11-11 11:56:36', NULL, NULL),
	(372, 1, 6, 13, 42, '201511304', 26, 1, '2014-11-11 11:56:37', NULL, NULL),
	(373, 1, 6, 13, 43, '201511305', 14, 1, '2014-11-11 11:56:39', NULL, NULL),
	(374, 1, 6, 13, 44, '201511306', 35, 1, '2014-11-11 11:56:43', NULL, NULL),
	(375, 1, 6, 13, 45, '201511307', 45, 1, '2014-11-11 11:56:45', NULL, NULL),
	(376, 1, 6, 13, 46, '201511308', 42, 1, '2014-11-11 11:56:46', NULL, NULL),
	(377, 1, 6, 13, 47, '201511309', 41, 1, '2014-11-11 11:56:47', NULL, NULL),
	(378, 1, 6, 13, 48, '201511310', 43, 1, '2014-11-11 11:56:48', NULL, NULL),
	(379, 1, 6, 13, 49, '201511311', 45, 1, '2014-11-11 11:56:50', NULL, NULL),
	(380, 1, 6, 13, 50, '201511312', 45, 1, '2014-11-11 11:56:51', NULL, NULL),
	(381, 1, 6, 13, 51, '201511313', 45, 1, '2014-11-11 11:56:52', NULL, NULL),
	(382, 1, 6, 13, 52, '201511314', 45, 1, '2014-11-11 11:56:53', NULL, NULL),
	(383, 1, 6, 13, 53, '201511315', 32, 1, '2014-11-11 11:56:54', NULL, NULL),
	(384, 1, 6, 13, 54, '201511316', 45, 1, '2014-11-11 11:56:56', NULL, NULL),
	(385, 1, 6, 13, 55, '201511317', 45, 1, '2014-11-11 11:58:28', NULL, NULL),
	(386, 1, 6, 13, 56, '201511318', 42, 1, '2014-11-11 11:58:29', NULL, NULL),
	(387, 1, 6, 13, 57, '201511319', 43, 1, '2014-11-11 11:58:31', NULL, NULL),
	(388, 1, 6, 13, 58, '201511320', 11, 1, '2014-11-11 11:58:32', NULL, NULL),
	(389, 1, 6, 13, 59, '201511321', 12, 1, '2014-11-11 11:58:33', NULL, NULL),
	(390, 1, 6, 13, 60, '201511322', 13, 1, '2014-11-11 11:58:34', NULL, NULL),
	(391, 1, 6, 13, 61, '201511323', 14, 1, '2014-11-11 11:58:35', NULL, NULL),
	(392, 1, 6, 13, 62, '201511324', 52, 1, '2014-11-11 11:58:36', NULL, NULL),
	(393, 1, 6, 13, 63, '201511325', 54, 1, '2014-11-11 11:58:37', NULL, NULL),
	(394, 1, 6, 13, 64, '201511326', 53, 1, '2014-11-11 11:58:38', NULL, NULL),
	(395, 1, 6, 13, 65, '201511327', 53, 1, '2014-11-11 11:58:40', NULL, NULL),
	(396, 1, 6, 13, 66, '201511328', 52, 1, '2014-11-11 11:58:41', NULL, NULL),
	(397, 1, 6, 13, 67, '201511329', 41, 1, '2014-11-11 11:58:42', NULL, NULL),
	(398, 1, 6, 13, 68, '201511330', 24, 1, '2014-11-11 11:58:43', NULL, NULL),
	(399, 1, 6, 13, 69, '201511331', 4, 1, '2014-11-11 11:58:44', NULL, NULL),
	(400, 1, 6, 13, 70, '201511332', 24, 1, '2014-11-11 11:58:45', NULL, NULL),
	(401, 1, 6, 13, 71, '201511333', 52, 1, '2014-11-11 11:58:47', NULL, NULL),
	(402, 1, 6, 13, 72, '201511334', 42, 1, '2014-11-11 11:58:48', NULL, NULL),
	(403, 1, 6, 13, 73, '201511335', 43, 1, '2014-11-11 11:58:49', NULL, NULL),
	(404, 1, 6, 13, 74, '201511336', 14, 1, '2014-11-11 11:58:50', NULL, NULL),
	(405, 1, 6, 13, 75, '201511337', 11, 1, '2014-11-11 11:58:51', NULL, NULL),
	(406, 1, 6, 13, 76, '201511338', 52, 1, '2014-11-11 11:58:52', NULL, NULL),
	(407, 1, 6, 13, 77, '201511339', 42, 1, '2014-11-11 11:58:53', NULL, NULL),
	(408, 1, 6, 13, 78, '201511340', 51, 1, '2014-11-11 11:58:54', NULL, NULL),
	(409, 1, 6, 13, 79, '201511341', 5, 1, '2014-11-11 11:58:55', NULL, NULL),
	(410, 1, 6, 13, 80, '201511342', 4, 1, '2014-11-11 11:58:57', NULL, NULL),
	(411, 1, 6, 13, 81, '201511343', 2, 1, '2014-11-11 11:58:58', NULL, NULL),
	(412, 1, 6, 13, 82, '201511344', 12, 1, '2014-11-11 11:58:59', NULL, NULL),
	(413, 1, 6, 13, 83, '201511345', 13, 1, '2014-11-11 11:59:00', NULL, NULL),
	(414, 1, 6, 13, 84, '201511346', 54, 1, '2014-11-11 11:59:01', NULL, NULL),
	(415, 1, 6, 13, 85, '201511347', 52, 1, '2014-11-11 11:59:02', NULL, NULL),
	(416, 1, 6, 13, 86, '201511348', 41, 1, '2014-11-11 11:59:04', NULL, NULL),
	(417, 1, 6, 13, 87, '201511349', 42, 1, '2014-11-11 11:59:05', NULL, NULL),
	(418, 1, 6, 13, 88, '201511350', 41, 1, '2014-11-11 11:59:06', NULL, NULL),
	(419, 1, 6, 13, 89, '201511351', 2, 1, '2014-11-11 11:59:07', NULL, NULL),
	(420, 1, 6, 13, 90, '201511352', 41, 1, '2014-11-11 11:59:08', NULL, NULL),
	(421, 1, 6, 13, 91, '201511353', 2, 1, '2014-11-11 11:59:09', NULL, NULL),
	(422, 1, 6, 13, 92, '201511354', 41, 1, '2014-11-11 11:59:10', NULL, NULL),
	(423, 1, 6, 13, 93, '201511355', 2, 1, '2014-11-11 11:59:11', NULL, NULL),
	(424, 1, 6, 13, 94, '201511356', 41, 1, '2014-11-11 11:59:13', NULL, NULL),
	(425, 1, 6, 13, 95, '201511357', 2, 1, '2014-11-11 11:59:14', NULL, NULL),
	(426, 1, 6, 13, 96, '201511358', 41, 1, '2014-11-11 11:59:15', NULL, NULL),
	(427, 1, 6, 13, 97, '201511359', 2, 1, '2014-11-11 11:59:16', NULL, NULL),
	(428, 1, 6, 13, 98, '201511360', 41, 1, '2014-11-11 11:59:17', NULL, NULL),
	(429, 1, 6, 13, 99, '201511361', 24, 1, '2014-11-11 11:59:18', NULL, NULL),
	(430, 1, 6, 13, 100, '201511362', 51, 1, '2014-11-11 11:59:19', NULL, NULL),
	(431, 1, 6, 13, 101, '201511363', 54, 1, '2014-11-11 11:59:20', NULL, NULL),
	(432, 1, 6, 13, 102, '201511364', 54, 1, '2014-11-11 11:59:22', NULL, NULL),
	(433, 1, 6, 13, 103, '201511365', 53, 1, '2014-11-11 11:59:23', NULL, NULL),
	(434, 1, 6, 13, 104, '201511366', 54, 1, '2014-11-11 11:59:24', NULL, NULL),
	(435, 1, 6, 13, 105, '201511367', 56, 1, '2014-11-11 11:59:25', NULL, NULL),
	(436, 1, 6, 13, 106, '201511368', 54, 1, '2014-11-11 11:59:26', NULL, NULL),
	(437, 1, 6, 13, 107, '201511369', 56, 1, '2014-11-11 11:59:27', NULL, NULL),
	(438, 1, 6, 13, 114, '201511370', 52, 1, '2014-11-11 11:59:28', NULL, NULL);
/*!40000 ALTER TABLE `t_scores` ENABLE KEYS */;


-- Dumping structure for table xsglxtsql.t_students
DROP TABLE IF EXISTS `t_students`;
CREATE TABLE IF NOT EXISTS `t_students` (
  `ID` int(10) unsigned NOT NULL AUTO_INCREMENT COMMENT 'ID',
  `province_code` char(20) COLLATE utf8_bin DEFAULT NULL COMMENT '省内编号',
  `name` char(12) COLLATE utf8_bin NOT NULL COMMENT '姓名',
  `status` char(1) COLLATE utf8_bin NOT NULL DEFAULT '1' COMMENT '状态(1:在校 2:离校)',
  `sex` enum('F','M') COLLATE utf8_bin NOT NULL COMMENT '性别(F: 女 M:男)',
  `id_card_no` varchar(20) COLLATE utf8_bin DEFAULT NULL COMMENT '身份证号码',
  `birthday` date DEFAULT NULL COMMENT '出生年月日',
  `accommodation` varchar(50) COLLATE utf8_bin DEFAULT NULL COMMENT '住宿情况',
  `payment1` char(1) COLLATE utf8_bin DEFAULT NULL COMMENT '缴费情况（第1学期）(0: 未缴  1:已缴)',
  `payment2` char(1) COLLATE utf8_bin DEFAULT NULL COMMENT '缴费情况（第2学期）',
  `payment3` char(1) COLLATE utf8_bin DEFAULT NULL COMMENT '缴费情况（第3学期）',
  `payment4` char(1) COLLATE utf8_bin DEFAULT NULL COMMENT '缴费情况（第4学期）',
  `payment5` char(1) COLLATE utf8_bin DEFAULT NULL COMMENT '缴费情况（第5学期）',
  `payment6` char(1) COLLATE utf8_bin DEFAULT NULL COMMENT '缴费情况（第6学期）',
  `bonus_penalty` varchar(200) COLLATE utf8_bin DEFAULT NULL COMMENT '奖惩情况',
  `address` varchar(100) COLLATE utf8_bin DEFAULT NULL COMMENT '家庭住址',
  `parents_tel` char(11) COLLATE utf8_bin DEFAULT NULL COMMENT '家长电话',
  `parents_qq` char(15) COLLATE utf8_bin DEFAULT NULL COMMENT '家长QQ',
  `school_of_graduation` varchar(50) COLLATE utf8_bin DEFAULT NULL COMMENT '毕业学校',
  `senior_score` float unsigned DEFAULT NULL COMMENT '中考总分',
  `school_year` int(11) DEFAULT NULL COMMENT '入学年份',
  `college_score` float unsigned DEFAULT NULL COMMENT '高考总分',
  `university` varchar(100) COLLATE utf8_bin DEFAULT NULL COMMENT '录取学校',
  `comment` text COLLATE utf8_bin COMMENT '备注',
  `create_user` int(10) unsigned NOT NULL DEFAULT '0',
  `create_time` timestamp NOT NULL DEFAULT CURRENT_TIMESTAMP,
  `update_user` int(10) unsigned DEFAULT NULL,
  `update_time` timestamp NULL DEFAULT NULL,
  PRIMARY KEY (`ID`),
  CONSTRAINT `FK_t_students_t_users` FOREIGN KEY (`ID`) REFERENCES `t_users` (`ID`)
) ENGINE=InnoDB AUTO_INCREMENT=251 DEFAULT CHARSET=utf8 COLLATE=utf8_bin COMMENT='学生信息表';

-- Dumping data for table xsglxtsql.t_students: ~205 rows (approximately)
DELETE FROM `t_students`;
/*!40000 ALTER TABLE `t_students` DISABLE KEYS */;
INSERT INTO `t_students` (`ID`, `province_code`, `name`, `status`, `sex`, `id_card_no`, `birthday`, `accommodation`, `payment1`, `payment2`, `payment3`, `payment4`, `payment5`, `payment6`, `bonus_penalty`, `address`, `parents_tel`, `parents_qq`, `school_of_graduation`, `senior_score`, `school_year`, `college_score`, `university`, `comment`, `create_user`, `create_time`, `update_user`, `update_time`) VALUES
	(40, NULL, '李宽', '1', 'M', '420902199907122641', NULL, NULL, '', '', '', '', '', '', '', '孝感市孝南区卧龙乡', '13871855289', '', '西湖中学', NULL, 2014, NULL, NULL, '', 1, '2014-11-10 17:27:44', NULL, NULL),
	(41, NULL, '周志', '1', 'M', '420902199904050752', NULL, NULL, '', '', '', '', '', '', '', '南门桥17栋', '18971969963', '', '实验中学', NULL, 2014, NULL, NULL, '', 1, '2014-11-10 17:27:44', NULL, NULL),
	(42, NULL, '钱思美', '1', 'F', '420922199809125323', NULL, NULL, '', '', '', '', '', '', '', '孝感市大悟县吕王镇黄楼村', '13667235650', '', '吕王中学', NULL, 2014, NULL, NULL, '', 1, '2014-11-10 17:27:44', NULL, NULL),
	(43, NULL, '李征美', '1', 'F', '420922199903255327', NULL, NULL, '', '', '', '', '', '', '', '孝感市大悟县吕王镇韩田村', '15549534193', '', '吕王中学', NULL, 2014, NULL, NULL, '', 1, '2014-11-10 17:27:44', NULL, NULL),
	(44, NULL, '李思倩', '1', 'F', '420922199909035325', NULL, NULL, '', '', '', '', '', '', '', '孝感市大悟县吕王镇西边巷14号', '15571260720', '', '吕王中学', NULL, 2014, NULL, NULL, '', 1, '2014-11-10 17:27:44', NULL, NULL),
	(45, NULL, '陈尚哲', '1', 'M', '420984199905228436', NULL, NULL, '', '', '', '', '', '', '', '汉川市中州农场建筑路', '15572507180', '', '江汉中学', NULL, 2014, NULL, NULL, '', 1, '2014-11-10 17:27:44', NULL, NULL),
	(46, NULL, '屈哲奡', '1', 'M', '420984199911248417', NULL, NULL, '', '', '', '', '', '', '', '汉川市中州农场正街', '13227143653', '', '中州中学', NULL, 2014, NULL, NULL, '', 1, '2014-11-10 17:27:45', NULL, NULL),
	(47, NULL, '冯展', '1', 'M', '420922199811188219', NULL, NULL, '', '', '', '', '', '', '', '孝感市大悟县三里镇', '15926842928', '', '三里中学', NULL, 2014, NULL, NULL, '', 1, '2014-11-10 17:27:45', NULL, NULL),
	(48, NULL, '刘雨', '1', 'F', '420902199907270422', NULL, NULL, '', '', '', '', '', '', '', '孝感市香澳路步行街', '13871918422', '', '丹阳中学', NULL, 2014, NULL, NULL, '', 1, '2014-11-10 17:27:45', NULL, NULL),
	(49, NULL, '陈棋', '1', 'F', '420902199812142225', NULL, NULL, '', '', '', '', '', '', '', '杨店镇广源小区', '13487206844', '', '杨店初中', NULL, 2014, NULL, NULL, '', 1, '2014-11-10 17:27:45', NULL, NULL),
	(50, NULL, '蔡文明', '1', 'M', '422201199712262518', NULL, NULL, '', '', '', '', '', '', '', '杨店镇刘陈村蔡家村', '13687128658', '', '杨店初中', NULL, 2014, NULL, NULL, '', 1, '2014-11-10 17:27:45', NULL, NULL),
	(51, NULL, '杨沙', '1', 'F', '420902200002102227', NULL, NULL, '', '', '', '', '', '', '', '杨店镇东方二村', '15826869964', '', '杨店初中', NULL, 2014, NULL, NULL, '', 1, '2014-11-10 17:27:45', NULL, NULL),
	(52, NULL, '吕莹莹', '1', 'F', '420984199804187022', NULL, NULL, '', '', '', '', '', '', '', '汉川市新河镇吕家河村', '15072629458', '', '民乐中学', NULL, 2014, NULL, NULL, '', 1, '2014-11-10 17:27:45', NULL, NULL),
	(53, NULL, '张成', '1', 'M', '420902199805048417', NULL, NULL, '', '', '', '', '', '', '', '孝感市大新华村', '15971224048', '', '西湖中学', NULL, 2014, NULL, NULL, '', 1, '2014-11-10 17:27:45', NULL, NULL),
	(54, NULL, '刘慧慧', '1', 'F', '42092319990504436X', NULL, NULL, '', '', '', '', '', '', '', '孝感市云梦县', '15971204353', '', '沙河中学', NULL, 2014, NULL, NULL, '', 1, '2014-11-10 17:27:45', NULL, NULL),
	(55, NULL, '周争', '1', 'M', '42090219990511643X', NULL, NULL, '', '', '', '', '', '', '', '卧龙乡熊家湾', '13135610267', '', '西湖中学', NULL, 2014, NULL, NULL, '', 1, '2014-11-10 17:27:45', NULL, NULL),
	(56, NULL, '李苗', '1', 'M', '420902200001232214', NULL, NULL, '', '', '', '', '', '', '', '杨店镇永红村', '18327607631', '', '杨店初中', NULL, 2014, NULL, NULL, '', 1, '2014-11-10 17:27:45', NULL, NULL),
	(57, NULL, '黄健康', '1', 'M', '420922199901275316', NULL, NULL, '', '', '', '', '', '', '', '孝感市大悟县吕王镇八一村', '18371268119', '', '吕王中学', NULL, 2014, NULL, NULL, '', 1, '2014-11-10 17:27:45', NULL, NULL),
	(58, NULL, '王洪', '1', 'M', '420922199902185312', NULL, NULL, '', '', '', '', '', '', '', '孝感市大悟县花桥村', '13476500935', '', '吕王中学', NULL, 2014, NULL, NULL, '', 1, '2014-11-10 17:27:45', NULL, NULL),
	(59, NULL, '熊建勋', '1', 'M', '340826199912066616', NULL, NULL, '', '', '', '', '', '', '', '杨店镇东大市场', '13789968840', '', '杨店初中', NULL, 2014, NULL, NULL, '', 1, '2014-11-10 17:27:45', NULL, NULL),
	(60, NULL, '张传恒', '1', 'M', '42090219991110416', NULL, NULL, '', '', '', '', '', '', '', '孝感市河口大桥', '13035189481', '', '永新中学', NULL, 2014, NULL, NULL, '', 1, '2014-11-10 17:27:45', NULL, NULL),
	(61, NULL, '熊子超', '1', 'M', '420902199809010432', NULL, NULL, '', '', '', '', '', '', '', '孝感市南桥小区', '15826874868', '', '实验中学', NULL, 2014, NULL, NULL, '', 1, '2014-11-10 17:27:45', NULL, NULL),
	(62, NULL, '王成军', '1', 'M', '420922200005267719', NULL, NULL, '', '', '', '', '', '', '', '孝感市大悟县高店乡', '15871323848', '', '大新中学', NULL, 2014, NULL, NULL, '', 1, '2014-11-10 17:27:45', NULL, NULL),
	(63, NULL, '李云阳', '1', 'M', '420921199911205710', NULL, NULL, '', '', '', '', '', '', '', '孝昌县花西乡界河村', '15327156202', '', '台北路中学', NULL, 2014, NULL, NULL, '', 1, '2014-11-10 17:27:45', NULL, NULL),
	(64, NULL, '佘加勇', '1', 'M', '420921199802175516', NULL, NULL, '', '', '', '', '', '', '', '孝昌县白沙镇双佘村', '15272765879', '', '白沙中学', NULL, 2014, NULL, NULL, '', 1, '2014-11-10 17:27:45', NULL, NULL),
	(65, NULL, '朱淼', '1', 'F', '420118119990901354', NULL, NULL, '', '', '', '', '', '', '', '杨店镇刘陈村蔡家湾', '15629628735', '', '白果镇中学', NULL, 2014, NULL, NULL, '', 1, '2014-11-10 17:27:45', NULL, NULL),
	(66, NULL, '孙佳念', '1', 'F', '420902199907056864', NULL, NULL, '', '', '', '', '', '', '', '南大开发区燎原村', '13277129039', '', '西湖中学', NULL, 2014, NULL, NULL, '', 1, '2014-11-10 17:27:45', NULL, NULL),
	(67, NULL, '丁一梅', '1', 'F', '420921199810085545', NULL, NULL, '', '', '', '', '', '', '', '孝昌县白沙镇三合村三组', '13992524182', '', '安康初中', NULL, 2014, NULL, NULL, '', 1, '2014-11-10 17:27:45', NULL, NULL),
	(68, NULL, '杨盈', '1', 'F', '420921199806083029', NULL, NULL, '', '', '', '', '', '', '', '杨店镇档子镇杨家湾', '15098058201', '', '杨店中学', NULL, 2014, NULL, NULL, '', 1, '2014-11-10 17:27:45', NULL, NULL),
	(69, NULL, '曾繁繁', '1', 'F', '42092219980512602X', NULL, NULL, '', '', '', '', '', '', '', '孝感市大悟县宣化镇新店村', '13534944098', '', '宣化镇中', NULL, 2014, NULL, NULL, '', 1, '2014-11-10 17:27:45', NULL, NULL),
	(70, NULL, '黄贤淑', '1', 'F', '420982199806177220', NULL, NULL, '', '', '', '', '', '', '', '孝感市安陆烟店镇水寨村', '13227178065', '', '烟店初级中学', NULL, 2014, NULL, NULL, '', 1, '2014-11-10 17:27:45', NULL, NULL),
	(71, NULL, '周丽铭', '1', 'F', '420982199806167225', NULL, NULL, '', '', '', '', '', '', '', '孝感市安陆烟店镇周冲村', '18771700579', '', '烟店初级中学', NULL, 2014, NULL, NULL, '', 1, '2014-11-10 17:27:45', NULL, NULL),
	(72, NULL, '陈阳', '1', 'M', '420922199908231439', NULL, NULL, '', '', '', '', '', '', '', '孝感市大悟县城关镇建新街', '15072678325', '', '城关中学', NULL, 2014, NULL, NULL, '', 1, '2014-11-10 17:27:45', NULL, NULL),
	(73, NULL, '代航', '1', 'M', '420902199906136811', NULL, NULL, '', '', '', '', '', '', '', '孝感市孝南区毛陈镇', '13871865715', '', '毛陈中学', NULL, 2014, NULL, NULL, '', 1, '2014-11-10 17:27:45', NULL, NULL),
	(74, NULL, '普耳泰', '1', 'M', '422202199908051313', NULL, NULL, '', '', '', '', '', '', '', '孝感市应城市', '18071191682', '', '长江中学', NULL, 2014, NULL, NULL, '', 1, '2014-11-10 17:27:45', NULL, NULL),
	(75, NULL, '朱光耀', '1', 'M', '420902199910102251', NULL, NULL, '', '', '', '', '', '', '', '孝感市孝南区杨店镇', '18164139443', '', '杨店初中', NULL, 2014, NULL, NULL, '', 1, '2014-11-10 17:27:45', NULL, NULL),
	(76, NULL, '涂志怀', '1', 'M', '40922200005048217', NULL, NULL, '', '', '', '', '', '', '', '孝感市大悟县三里镇', '13545449788', '', '三里中学', NULL, 2014, NULL, NULL, '', 1, '2014-11-10 17:27:45', NULL, NULL),
	(77, NULL, '姚海航', '1', 'M', '420921200007184814', NULL, NULL, '', '', '', '', '', '', '', '孝昌县花园镇府东小区', '18672584530', '', '孝昌一初', NULL, 2014, NULL, NULL, '', 1, '2014-11-10 17:27:45', NULL, NULL),
	(78, NULL, '曾成军', '1', 'M', '42092219990705491X', NULL, NULL, '', '', '', '', '', '', '', '孝感市大悟县四姑镇', '13297556923', '', '吕王中学', NULL, 2014, NULL, NULL, '', 1, '2014-11-10 17:27:45', NULL, NULL),
	(79, NULL, '徐程明', '1', 'M', '420921199809103013', NULL, NULL, '', '', '', '', '', '', '', '孝昌市邹岗镇', '15263166167', '', '芦管中学', NULL, 2014, NULL, NULL, '', 1, '2014-11-10 17:27:45', NULL, NULL),
	(80, NULL, '唐志杰', '1', 'M', '420923199809260935', NULL, NULL, '', '', '', '', '', '', '', '云梦县倒店乡魏家店唐王村', '13177272895', '', '罗庙中学', NULL, 2014, NULL, NULL, '', 1, '2014-11-10 17:27:45', NULL, NULL),
	(81, NULL, '阮业胜', '1', 'M', '420923199810040972', NULL, NULL, '', '', '', '', '', '', '', '云梦县倒店乡小阮', '15826805846', '', '罗庙中学', NULL, 2014, NULL, NULL, '', 1, '2014-11-10 17:27:45', NULL, NULL),
	(82, NULL, '夏涛', '1', 'M', '42220219971029183X', NULL, NULL, '', '', '', '', '', '', '', '应城市东子坊', '15928611419', '', '东中中学', NULL, 2014, NULL, NULL, '', 1, '2014-11-10 17:27:45', NULL, NULL),
	(83, NULL, '丁若晨', '1', 'F', '', NULL, NULL, '', '', '', '', '', '', '', '香澳路步行街', '13581460239', '', '丹阳中学', NULL, 2014, NULL, NULL, '', 1, '2014-11-10 17:27:45', NULL, NULL),
	(84, NULL, '陈梦林', '1', 'F', '420921199804185742', NULL, NULL, '', '', '', '', '', '', '', '文化路富康小区', '15571218870', '', '楚环中学', NULL, 2014, NULL, NULL, '', 1, '2014-11-10 17:27:45', NULL, NULL),
	(85, NULL, '陈佳顺', '1', 'M', '420902199901076231', NULL, NULL, '', '', '', '', '', '', '', '孝感市孝南区', '13609115713', '', '盐步中学', NULL, 2014, NULL, NULL, '', 1, '2014-11-10 17:27:45', NULL, NULL),
	(86, NULL, '卢从山', '1', 'M', '420922199809235311', NULL, NULL, '', '', '', '', '', '', '', '孝感市大悟县吕王镇砚盘村2组', '15571291218', '', '吕王中学', NULL, 2014, NULL, NULL, '', 1, '2014-11-10 17:27:45', NULL, NULL),
	(87, NULL, '陈佳康', '1', 'M', '420902199909147719', NULL, NULL, '', '', '', '', '', '', '', '孝感市', '15971205174', '', '车站中学', NULL, 2014, NULL, NULL, '', 1, '2014-11-10 17:27:45', NULL, NULL),
	(88, NULL, '杨康', '1', 'M', '420902199908207214', NULL, NULL, '', '', '', '', '', '', '', '孝感市孝南区三村', '', '', '东山头学校', NULL, 2014, NULL, NULL, '', 1, '2014-11-10 17:27:45', NULL, NULL),
	(89, NULL, '杨骐', '1', 'M', '420923199981215003', NULL, NULL, '', '', '', '', '', '', '', '云梦县沙河街3号', '18727485390', '', '沙河中学', NULL, 2014, NULL, NULL, '', 1, '2014-11-10 17:27:45', NULL, NULL),
	(90, NULL, '田喜', '1', 'M', '422202199912155713', NULL, NULL, '', '', '', '', '', '', '', '应城市天鹅镇', '13682688835', '', '黄滩中学', NULL, 2014, NULL, NULL, '', 1, '2014-11-10 17:27:45', NULL, NULL),
	(91, NULL, '刘聪', '1', 'M', '422201199906173230', NULL, NULL, '', '', '', '', '', '', '', '孝感市孝南区', '13458634154', '', '成都大学附属中学', NULL, 2014, NULL, NULL, '', 1, '2014-11-10 17:27:45', NULL, NULL),
	(92, NULL, '童辉', '1', 'M', '420921199812085514', NULL, NULL, '', '', '', '', '', '', '', '孝南区万福街98号', '13986488068', '', '文昌中学', NULL, 2014, NULL, NULL, '', 1, '2014-11-10 17:27:45', NULL, NULL),
	(93, NULL, '宁锐', '1', 'M', '420921199811214636', NULL, NULL, '', '', '', '', '', '', '', '孝昌县花园镇一致村八组', '15869028398', '', '孝昌一初', NULL, 2014, NULL, NULL, '', 1, '2014-11-10 17:27:45', NULL, NULL),
	(94, NULL, '胡庆阳', '1', 'M', '420922199812036014', NULL, NULL, '', '', '', '', '', '', '', '孝感市大悟县宣化镇中心街173号', '13823737385', '', '金山中学', NULL, 2014, NULL, NULL, '', 1, '2014-11-10 17:27:45', NULL, NULL),
	(95, NULL, '周佑俊', '1', 'M', '420922199911055617', NULL, NULL, '', '', '', '', '', '', '', '孝感市大悟县吕王镇施畈村一组', '', '', '吕王中学', NULL, 2014, NULL, NULL, '未参加中考', 1, '2014-11-10 17:27:45', NULL, NULL),
	(96, NULL, '高原秋儿', '1', 'F', '420902199908060443', NULL, NULL, '', '', '', '', '', '', '', '孝感市孝南区', '13789938002', '', '实验中学', NULL, 2014, NULL, NULL, '', 1, '2014-11-10 17:27:45', NULL, NULL),
	(97, NULL, '徐雨芬', '1', 'F', '420923199808163949', NULL, NULL, '', '', '', '', '', '', '', '云梦县伍洛镇三集村', '13476552053', '', '伍洛中学', NULL, 2014, NULL, NULL, '', 1, '2014-11-10 17:27:45', NULL, NULL),
	(98, NULL, '张紫薇', '1', 'F', '420984199810087028', NULL, NULL, '', '', '', '', '', '', '', '汉川市新河镇窑头村', '15926859991', '', '伍洛中学', NULL, 2014, NULL, NULL, '', 1, '2014-11-10 17:27:45', NULL, NULL),
	(99, NULL, '李洋', '1', 'M', '42090219981022645X', NULL, NULL, '', '', '', '', '', '', '', '孝感市孝南区七里村', '13972687210', '', '永新中学', NULL, 2014, NULL, NULL, '', 1, '2014-11-10 17:27:45', NULL, NULL),
	(100, NULL, '熊宏宇', '1', 'M', '420984199811130059', NULL, NULL, '', '', '', '', '', '', '', '汉川市汉正服装城旁', '13397278773', '', '北大附中', NULL, 2014, NULL, NULL, '', 1, '2014-11-10 17:27:45', NULL, NULL),
	(101, NULL, '徐文娟', '1', 'F', '42090219990525772X', NULL, NULL, '', '', '', '', '', '', '', '孝感市孝南区祝站镇联丰村孙家田', '13545460702', '', '祝站二中', NULL, 2014, NULL, NULL, '', 1, '2014-11-10 17:27:45', NULL, NULL),
	(102, NULL, '魏茜', '1', 'F', '422202200003173426', NULL, NULL, '', '', '', '', '', '', '', '应城市城北', '13688942213', '', '巡检中学', NULL, 2014, NULL, NULL, '', 1, '2014-11-10 17:27:45', NULL, NULL),
	(103, NULL, '周琴', '1', 'F', '420902199905192221', NULL, NULL, '', '', '', '', '', '', '', '孝感市孝南区杨店镇柏树村道院湾4号', '18710390358', '', '杨店初中', NULL, 2014, NULL, NULL, '', 1, '2014-11-10 17:27:45', NULL, NULL),
	(104, NULL, '柳庆伟', '1', 'M', '420923199907164373', NULL, NULL, '', '', '', '', '', '', '', '黄花路68号', '13227185479', '', '实验中学', NULL, 2014, NULL, NULL, '', 1, '2014-11-10 17:27:45', NULL, NULL),
	(105, NULL, '冷耳聪', '1', 'M', '', NULL, NULL, '', '', '', '', '', '', '', '孝南区公安局三东三单元', '15897723162', '', '实验中学', NULL, 2014, NULL, NULL, '', 1, '2014-11-10 17:27:45', NULL, NULL),
	(106, NULL, '李婷婷', '1', 'F', '420921199711074461', NULL, NULL, '', '', '', '', '', '', '', '孝昌县王店镇', '13601220083', '', '裕中中学', NULL, 2014, NULL, NULL, '', 1, '2014-11-10 17:27:45', NULL, NULL),
	(107, NULL, '万惠惠', '1', 'F', '420923199810263949', NULL, NULL, '', '', '', '', '', '', '', '孝感市云梦县伍洛镇沿河街', '15549586843', '', '五洛中学', NULL, 2014, NULL, NULL, '', 1, '2014-11-10 17:27:45', NULL, NULL),
	(114, '', '钟纪伟', '1', 'M', '420984', '1998-10-24', '', '0', '0', '0', '0', '0', '0', '', '', '', '', '', NULL, NULL, NULL, '', '', 1, '2014-11-11 10:41:39', NULL, NULL),
	(115, NULL, '冷甜雨', '1', 'F', '420921199906064626', NULL, NULL, '', '', '', '', '', '', '', '孝感市长湖海燕花园', '18727561397', '', '孝南实验', NULL, 2014, NULL, NULL, '', 1, '2014-11-11 12:15:52', NULL, NULL),
	(116, NULL, '戴思成', '1', 'M', '422201199812080017', NULL, NULL, '', '', '', '', '', '', '', '孝感市环城路', '13507298674', '', '孝南实验', NULL, 2014, NULL, NULL, '', 1, '2014-11-11 12:15:52', NULL, NULL),
	(117, NULL, '黄诗婷', '1', 'F', '42090120000129112X', NULL, NULL, '', '', '', '', '', '', '', '孝感市解放街三元井儒家巷2号', '13545484847', '', '孝南实验', NULL, 2014, NULL, NULL, '', 1, '2014-11-11 12:15:52', NULL, NULL),
	(118, NULL, '黄帮川', '1', 'M', '420902199906113257', NULL, NULL, '', '', '', '', '', '', '', '孝南区丰收村布店湾', '15327573487', '', '西河中学', NULL, 2014, NULL, NULL, '', 1, '2014-11-11 12:15:52', NULL, NULL),
	(119, NULL, '黄莹莹', '1', 'F', '42092219990215572X', NULL, NULL, '', '', '', '', '', '', '', '大悟县黄站镇张寨村', '15971303866', '', '黄站中学', NULL, 2014, NULL, NULL, '', 1, '2014-11-11 12:15:52', NULL, NULL),
	(120, NULL, '崔灵杰', '1', 'M', '410825199807307571', NULL, NULL, '', '', '', '', '', '', '', '孝感高新区新铺镇魏站村', '13264867382', '', '龙站中学', NULL, 2014, NULL, NULL, '', 1, '2014-11-11 12:15:52', NULL, NULL),
	(121, NULL, '周驰驰', '1', 'M', '42092219990730531X', NULL, NULL, '', '', '', '', '', '', '', '大悟县吕王镇韩田村', '18513119332', '', '吕王中学', NULL, 2014, NULL, NULL, '', 1, '2014-11-11 12:15:52', NULL, NULL),
	(122, NULL, '马志广', '1', 'M', '420922199805166013', NULL, NULL, '', '', '', '', '', '', '', '大悟县宣化店镇北岗村八组', '13995860791', '', '宣化店中学', NULL, 2014, NULL, NULL, '', 1, '2014-11-11 12:15:52', NULL, NULL),
	(123, NULL, '孙宗劲', '1', 'M', '420972199906256034', NULL, NULL, '', '', '', '', '', '', '', '大悟县宣化店镇中原街493号', '13227170059', '', '宣化镇中学', NULL, 2014, NULL, NULL, '', 1, '2014-11-11 12:15:53', NULL, NULL),
	(124, NULL, '黄维浩', '1', 'M', '420922199810096013', NULL, NULL, '', '', '', '', '', '', '', '大悟县宣化店镇杨桥村5组', '13476557508', '', '宣化镇中学', NULL, 2014, NULL, NULL, '', 1, '2014-11-11 12:15:53', NULL, NULL),
	(125, NULL, '王福鑫', '1', 'M', '420902199812176812', NULL, NULL, '', '', '', '', '', '', '', '孝南区毛陈镇管家西湾39号', '15971288342', '', '毛陈中学', NULL, 2014, NULL, NULL, '', 1, '2014-11-11 12:15:53', NULL, NULL),
	(126, NULL, '熊珊', '1', 'F', '420902199902112222', NULL, NULL, '', '', '', '', '', '', '', '孝南区杨店镇粮管所开发区', '13035171515', '', '杨店中学', NULL, 2014, NULL, NULL, '', 1, '2014-11-11 12:15:53', NULL, NULL),
	(127, NULL, '喻天星', '1', 'M', '420902199911236497', NULL, NULL, '', '', '', '', '', '', '', '孝感市永新路七号', '13871895710', '', '永新中学', NULL, 2014, NULL, NULL, '', 1, '2014-11-11 12:15:53', NULL, NULL),
	(128, NULL, '付群', '1', 'M', '420922199812151434', NULL, NULL, '', '', '', '', '', '', '', '大悟县高店乡水恒村', '13147295805', '', '大悟实验', NULL, 2014, NULL, NULL, '', 1, '2014-11-11 12:15:53', NULL, NULL),
	(129, NULL, '徐星', '1', 'M', '42092220000213235X', NULL, NULL, '', '', '', '', '', '', '', '大悟县芳畈镇大悟山村12组', '15327082695', '', '方畈中学', NULL, 2014, NULL, NULL, '', 1, '2014-11-11 12:15:53', NULL, NULL),
	(130, NULL, '陈卓', '1', 'M', '420902199902192218', NULL, NULL, '', '', '', '', '', '', '', '孝南区新华街南桥小区东街16幢301', '18638553635', '', '孝南实验', NULL, 2014, NULL, NULL, '', 1, '2014-11-11 12:15:53', NULL, NULL),
	(131, NULL, '韩欢', '1', 'M', '422201199712297315', NULL, NULL, '', '', '', '', '', '', '', '孝南区三汊镇三汊初级中学', '15971188897', '', '三叉镇中学', NULL, 2014, NULL, NULL, '', 1, '2014-11-11 12:15:53', NULL, NULL),
	(132, NULL, '李思龙', '1', 'M', '420922199808274933', NULL, NULL, '', '', '', '', '', '', '', '大悟县四姑镇羊角村周家湾', '15549526507', '', '四姑镇中学', NULL, 2014, NULL, NULL, '', 1, '2014-11-11 12:15:53', NULL, NULL),
	(133, NULL, '杨博', '1', 'M', '422201199905242513', NULL, NULL, '', '', '', '', '', '', '', '孝南区同升小区1栋', '13227302879', '', '车站中学', NULL, 2014, NULL, NULL, '', 1, '2014-11-11 12:15:53', NULL, NULL),
	(134, NULL, '唐如港', '1', 'M', '420921199712013038', NULL, NULL, '', '', '', '', '', '', '', '孝感市九真三路', '13264878451', '', '西湖中学', NULL, 2014, NULL, NULL, '', 1, '2014-11-11 12:15:53', NULL, NULL),
	(135, NULL, '袁浩', '1', 'M', '422202199907311814', NULL, NULL, '', '', '', '', '', '', '', '应城市东马坊双鑫佳苑3栋2单元402', '15171214566', '', '东马坊中学', NULL, 2014, NULL, NULL, '', 1, '2014-11-11 12:15:53', NULL, NULL),
	(136, NULL, '黄坤', '1', 'M', '420902199901202058', NULL, NULL, '', '', '', '', '', '', '', '孝南区解放街207号', '15549548483', '', '孝南实验', NULL, 2014, NULL, NULL, '', 1, '2014-11-11 12:15:53', NULL, NULL),
	(137, NULL, '汤新喜', '1', 'M', '420922199802288613', NULL, NULL, '', '', '', '', '', '', '', '大悟县大新镇汤畈村五组', '13227170459', '', '大新镇中学', NULL, 2014, NULL, NULL, '', 1, '2014-11-11 12:15:53', NULL, NULL),
	(138, NULL, '殷世豪', '1', 'M', '420921199810174652', NULL, NULL, '', '', '', '', '', '', '', '孝感市永新路七号', '13986500711', '', '永新中学', NULL, 2014, NULL, NULL, '', 1, '2014-11-11 12:15:53', NULL, NULL),
	(139, NULL, '万童', '1', 'M', '420902199807082037', NULL, NULL, '', '', '', '', '', '', '', '孝南区新铺镇新铺街', '13379714095', '', '新铺中学', NULL, 2014, NULL, NULL, '', 1, '2014-11-11 12:15:53', NULL, NULL),
	(140, NULL, '袁慕容', '1', 'F', '420921199809112649', NULL, NULL, '', '', '', '', '', '', '', '孝感市孝三路丹阳中学', '13177277380', '', '丹阳中学', NULL, 2014, NULL, NULL, '', 1, '2014-11-11 12:15:53', NULL, NULL),
	(141, NULL, '罗立宇', '1', 'M', '420802199810060034', NULL, NULL, '', '', '', '', '', '', '', '孝感市香澳路', '13093236906', '', '楚环中学', NULL, 2014, NULL, NULL, '', 1, '2014-11-11 12:15:53', NULL, NULL),
	(142, NULL, '张进峰', '1', 'M', '420902199804082234', NULL, NULL, '', '', '', '', '', '', '', '孝南区杨店镇新春村张家湾', '15807156437', '', '孝南实验', NULL, 2014, NULL, NULL, '', 1, '2014-11-11 12:15:53', NULL, NULL),
	(143, NULL, '戴志鹏', '1', 'M', '420922199805200015', NULL, NULL, '', '', '', '', '', '', '', '大悟县汉大市场', '15826821607', '', '大悟实验', NULL, 2014, NULL, NULL, '', 1, '2014-11-11 12:15:53', NULL, NULL),
	(144, NULL, '万佩珊', '1', 'F', '420902199810246223', NULL, NULL, '', '', '', '', '', '', '', '孝南区陡岗镇白莲村2组', '18671238480', '', '书院中学', NULL, 2014, NULL, NULL, '', 1, '2014-11-11 12:15:54', NULL, NULL),
	(145, NULL, '王玲', '1', 'F', '420902200003046423', NULL, NULL, '', '', '', '', '', '', '', '孝南区卧龙乡大明村五组', '13135635772', '', '书院中学', NULL, 2014, NULL, NULL, '', 1, '2014-11-11 12:15:54', NULL, NULL),
	(146, NULL, '黄思敏', '1', 'F', '420921199903065543', NULL, NULL, '', '', '', '', '', '', '', '孝昌县白沙镇黄院村', '18272109125', '', '书院中学', NULL, 2014, NULL, NULL, '', 1, '2014-11-11 12:15:54', NULL, NULL),
	(147, NULL, '翁祝翔', '1', 'M', '441424199907024235', NULL, NULL, '', '', '', '', '', '', '', '孝感市长征一路城乡规划局6栋', '15926829089', '', '楚环中学', NULL, 2014, NULL, NULL, '', 1, '2014-11-11 12:15:54', NULL, NULL),
	(148, NULL, '冯华阳', '1', 'M', '420525199901160014', NULL, NULL, '', '', '', '', '', '', '', '孝感市文化路航天新村', '13697135196', '', '丹阳中学', NULL, 2014, NULL, NULL, '', 1, '2014-11-11 12:15:54', NULL, NULL),
	(149, NULL, '黄傲琪', '1', 'F', '420921199905054821', NULL, NULL, '', '', '', '', '', '', '', '孝昌县季店乡张店村4组', '13135644712', '', '孝昌花园', NULL, 2014, NULL, NULL, '', 1, '2014-11-11 12:15:54', NULL, NULL),
	(150, NULL, '刘盼盼', '1', 'F', '420922199808222324', NULL, NULL, '', '', '', '', '', '', '', '大悟县芳畈镇吴河村', '13693101575', '', '大悟芳畈', NULL, 2014, NULL, NULL, '', 1, '2014-11-11 12:15:54', NULL, NULL),
	(151, NULL, '严煖', '1', 'F', '42090119990724114X', NULL, NULL, '', '', '', '', '', '', '', '孝感市全洲盛世城二单元一栋1807号', '13476531008', '', '丹阳中学', NULL, 2014, NULL, NULL, '', 1, '2014-11-11 12:15:54', NULL, NULL),
	(152, NULL, '沈方婧', '1', 'F', '420921200002294440', NULL, NULL, '', '', '', '', '', '', '', '孝感市香澳路E17栋三单元201', '15897725588', '', '丹阳中学', NULL, 2014, NULL, NULL, '', 1, '2014-11-11 12:15:54', NULL, NULL),
	(153, NULL, '徐佳仙', '1', 'F', '422201200006012525', NULL, NULL, '', '', '', '', '', '', '', '孝南区南大三军帅府E二栋一单元三楼301', '15897681633', '', '孝南实验', NULL, 2014, NULL, NULL, '', 1, '2014-11-11 12:15:54', NULL, NULL),
	(154, NULL, '孙婷婷', '1', 'F', '420982199610297829', NULL, NULL, '', '', '', '', '', '', '', '孝南区严桥', '13545461348', '', '车站中学', NULL, 2014, NULL, NULL, '', 1, '2014-11-11 12:15:54', NULL, NULL),
	(155, NULL, '邹杨格', '1', 'F', '420923199909181329', NULL, NULL, '', '', '', '', '', '', '', '云梦县曾店乡刘店村庙邹', '13986454524', '', '曾店中学', NULL, 2014, NULL, NULL, '', 1, '2014-11-11 12:15:54', NULL, NULL),
	(156, NULL, '卞怀玉', '1', 'F', '42220120000726592X', NULL, NULL, '', '', '', '', '', '', '', '孝南区解放街三元井', '13972645758', '', '孝南实验', NULL, 2014, NULL, NULL, '', 1, '2014-11-11 12:15:54', NULL, NULL),
	(157, NULL, '张钊', '1', 'M', '420984199910220316', NULL, NULL, '', '', '', '', '', '', '', '汉川市麻河镇中学', '13227178377', '', '麻河中学', NULL, 2014, NULL, NULL, '', 1, '2014-11-11 12:15:54', NULL, NULL),
	(158, NULL, '史玉龙', '1', 'M', '420921199909274637', NULL, NULL, '', '', '', '', '', '', '', '孝昌县古城大道350号', '15098069957', '', '东城学校', NULL, 2014, NULL, NULL, '', 1, '2014-11-11 12:15:54', NULL, NULL),
	(159, NULL, '周宇晨', '1', 'M', '420901199903031110', NULL, NULL, '', '', '', '', '', '', '', '孝感市孝三路丹阳中学', '15171226656', '', '丹阳中学', NULL, 2014, NULL, NULL, '', 1, '2014-11-11 12:15:54', NULL, NULL),
	(160, NULL, '罗子豪', '1', 'M', '420902199812127332', NULL, NULL, '', '', '', '', '', '', '', '孝南区三汊镇熙湖新城', '15071267994', '', '龙店中学', NULL, 2014, NULL, NULL, '', 1, '2014-11-11 12:15:54', NULL, NULL),
	(161, NULL, '鲍用利', '1', 'M', '42090219990715611X', NULL, NULL, '', '', '', '', '', '', '', '孝感市永安汇源小区3栋', '15871280286', '', '孝南实验', NULL, 2014, NULL, NULL, '', 1, '2014-11-11 12:15:54', NULL, NULL),
	(162, NULL, '邹家豪', '1', 'M', '420902199911147718', NULL, NULL, '', '', '', '', '', '', '', '孝南区祝站镇万青村', '2488188', '', '祝站中学', NULL, 2014, NULL, NULL, '', 1, '2014-11-11 12:15:54', NULL, NULL),
	(163, NULL, '王盛龙', '1', 'M', '420902199901025936', NULL, NULL, '', '', '', '', '', '', '', '孝感市中山街武家巷17号', '15717291501', '', '孝南实验', NULL, 2014, NULL, NULL, '', 1, '2014-11-11 12:15:54', NULL, NULL),
	(164, NULL, '邱家民', '1', 'M', '422201199908130816', NULL, NULL, '', '', '', '', '', '', '', '孝感市香澳路步行街187号', '13807297977', '', '西湖中学', NULL, 2014, NULL, NULL, '', 1, '2014-11-11 12:15:54', NULL, NULL),
	(165, NULL, '洪务健', '1', 'M', '420902199810312235', NULL, NULL, '', '', '', '', '', '', '', '孝南区杨店镇杨店中学', '13871860967', '', '杨店中学', NULL, 2014, NULL, NULL, '', 1, '2014-11-11 12:15:54', NULL, NULL),
	(166, NULL, '张程', '1', 'M', '420921199810115572', NULL, NULL, '', '', '', '', '', '', '', '孝感市书院街彭家巷34号', '18671299463', '', '孝南实验', NULL, 2014, NULL, NULL, '', 1, '2014-11-11 12:15:54', NULL, NULL),
	(167, NULL, '邓捷', '1', 'M', '420902199901306412', NULL, NULL, '', '', '', '', '', '', '', '孝感市实验高中旁', '15272792942', '', '孝南实验', NULL, 2014, NULL, NULL, '', 1, '2014-11-11 12:15:54', NULL, NULL),
	(168, NULL, '熊雨晴', '1', 'F', '420921199909105120', NULL, NULL, '', '', '', '', '', '', '', '孝感市黄花路南巷三号4楼', '13907290838', '', '丹阳中学', NULL, 2014, NULL, NULL, '', 1, '2014-11-11 12:15:54', NULL, NULL),
	(169, NULL, '胡鹏', '1', 'M', '420921199709154470', NULL, NULL, '', '', '', '', '', '', '', '孝感市兴隆路50号', '13733437081', '', '楚环中学', NULL, 2014, NULL, NULL, '', 1, '2014-11-11 12:15:54', NULL, NULL),
	(170, NULL, '宋亚龙', '1', 'M', '42090219990903815X', NULL, NULL, '', '', '', '', '', '', '', '孝感市熊咀村二组', '1589768540', '', '西湖中学', NULL, 2014, NULL, NULL, '', 1, '2014-11-11 12:15:54', NULL, NULL),
	(171, NULL, '肖益泽', '1', 'M', '422201199810070851', NULL, NULL, '', '', '', '', '', '', '', '孝感市熊咀村四组', '13986505992', '', '西湖中学', NULL, 2014, NULL, NULL, '', 1, '2014-11-11 12:15:54', NULL, NULL),
	(172, NULL, '徐明星', '1', 'M', '420923200005220052', NULL, NULL, '', '', '', '', '', '', '', '云梦县伍洛镇三集村', '13339842552', '', '伍洛中学', NULL, 2014, NULL, NULL, '', 1, '2014-11-11 12:15:54', NULL, NULL),
	(173, NULL, '邓雅琴', '1', 'F', '420981200001271841', NULL, NULL, '', '', '', '', '', '', '', '应城市东马坊邓家湾15号', '18371250980', '', '东马坊中学', NULL, 2014, NULL, NULL, '', 1, '2014-11-11 12:15:54', NULL, NULL),
	(174, NULL, '刘欢', '1', 'F', '420922199806046021', NULL, NULL, '', '', '', '', '', '', '', '大悟县长征南路农业局对面', '15072619846', '', '孝南实验', NULL, 2014, NULL, NULL, '', 1, '2014-11-11 12:15:55', NULL, NULL),
	(175, NULL, '李心怡', '1', 'F', '420902199809292249', NULL, NULL, '', '', '', '', '', '', '', '孝南区车站中学', '15072105863', '', '车站中学', NULL, 2014, NULL, NULL, '', 1, '2014-11-11 12:15:55', NULL, NULL),
	(176, NULL, '陈静', '1', 'F', '420902199707221845', NULL, NULL, '', '', '', '', '', '', '', '孝南区涂河镇', '15072130961', '', '车站中学', NULL, 2014, NULL, NULL, '', 1, '2014-11-11 12:15:55', NULL, NULL),
	(177, NULL, '杨斯磊', '1', 'M', '422201199909290416', NULL, NULL, '', '', '', '', '', '', '', '孝南区新华街大东门外正街17号', '18707291983', '', '孝南实验', NULL, 2014, NULL, NULL, '', 1, '2014-11-11 12:15:55', NULL, NULL),
	(178, NULL, '吴志远', '1', 'M', '420902200001010814', NULL, NULL, '', '', '', '', '', '', '', '孝感市北正街', '18327635435', '', '文昌中学', NULL, 2014, NULL, NULL, '', 1, '2014-11-11 12:15:55', NULL, NULL),
	(179, NULL, '石航飞', '1', 'M', '42090219980926001X', NULL, NULL, '', '', '', '', '', '', '', '孝南区书院中学', '15327090233', '', '书院中学', NULL, 2014, NULL, NULL, '', 1, '2014-11-11 12:15:55', NULL, NULL),
	(180, NULL, '陈晓丹', '1', 'F', '420922199812235742', NULL, NULL, '', '', '', '', '', '', '', '', '13720328248', '', '黄站中学', NULL, 2014, NULL, NULL, '', 1, '2014-11-11 12:15:55', NULL, NULL),
	(181, NULL, '栾浩', '1', 'M', '420984199804020732', NULL, NULL, '', '', '', '', '', '', '', '汉川市麻河镇港角村', '15697121385', '', '太平中学', NULL, 2014, NULL, NULL, '', 1, '2014-11-11 12:15:55', NULL, NULL),
	(182, NULL, '张壮壮', '1', 'M', '420921199903125518', NULL, NULL, '', '', '', '', '', '', '', '孝昌白沙镇金港村四组', '13886081358', '', '堤角中学', NULL, 2014, NULL, NULL, '', 1, '2014-11-11 12:15:55', NULL, NULL),
	(183, NULL, '刘帅垠', '1', 'M', '420922199711087736', NULL, NULL, '', '', '', '', '', '', '', '大悟县东新镇正街', '7827315', '', '灵杰学校', NULL, 2014, NULL, NULL, '', 1, '2014-11-11 12:15:55', NULL, NULL),
	(184, NULL, '陈智君', '1', 'M', '422201199812055911', NULL, NULL, '', '', '', '', '', '', '', '孝南区陡岗镇新堤村坝子湾', '15826809254', '', '永新中学', NULL, 2014, NULL, NULL, '', 1, '2014-11-11 12:15:55', NULL, NULL),
	(185, NULL, '祝子祥', '1', 'M', '420902199907200416', NULL, NULL, '', '', '', '', '', '', '', '', '18871260170', '', '卧龙中学', NULL, 2014, NULL, NULL, '', 1, '2014-11-11 12:15:55', NULL, NULL),
	(186, NULL, '何迪', '1', 'M', '420922199908162314', NULL, NULL, '', '', '', '', '', '', '', '大悟县芳畈镇滚河村7组', '18301403596', '', '大悟芳畈', NULL, 2014, NULL, NULL, '', 1, '2014-11-11 12:41:47', NULL, NULL),
	(187, NULL, '李博', '1', 'M', '420902199807112232', NULL, NULL, '', '', '', '', '', '', '', '中山街90号', '13972687863', '', '孝南实验中学', NULL, 2014, NULL, NULL, '', 1, '2014-11-11 12:41:47', NULL, NULL),
	(188, NULL, '黄宏富', '1', 'M', '42092219980926573X', NULL, NULL, '', '', '', '', '', '', '', '大悟黄站镇黄站村2组', '13545478033', '', '孝南楚环', NULL, 2014, NULL, NULL, '', 1, '2014-11-11 12:41:47', NULL, NULL),
	(189, NULL, '李落成', '1', 'M', '420922199704245337', NULL, NULL, '', '', '', '', '', '', '', '大悟吕王镇龙田村3组', '15072625082', '', '大悟吕王', NULL, 2014, NULL, NULL, '', 1, '2014-11-11 12:41:47', NULL, NULL),
	(190, NULL, '何汉波', '1', 'M', '420922199908265313', NULL, NULL, '', '', '', '', '', '', '', '大悟吕王镇龙田村4组', '15207148792', '', '大悟吕王', NULL, 2014, NULL, NULL, '', 1, '2014-11-11 12:41:47', NULL, NULL),
	(191, NULL, '周满星', '1', 'M', '420922199709155314', NULL, NULL, '', '', '', '', '', '', '', '大悟吕王镇花桥村5组', '13760669005', '', '大悟吕王', NULL, 2014, NULL, NULL, '', 1, '2014-11-11 12:41:47', NULL, NULL),
	(192, NULL, '方华', '1', 'F', '420921199908293043', NULL, NULL, '', '', '', '', '', '', '', '孝南区杨店镇杨店中学', '15971199402', '', '杨店中心', NULL, 2014, NULL, NULL, '', 1, '2014-11-11 12:41:47', NULL, NULL),
	(193, NULL, '潘茜', '1', 'F', '42090219991130084x', NULL, NULL, '', '', '', '', '', '', '', '九真三路12号', '13907298344', '', '孝南楚环', NULL, 2014, NULL, NULL, '', 1, '2014-11-11 12:41:47', NULL, NULL),
	(194, NULL, '段文才', '1', 'M', '420902199905206814', NULL, NULL, '', '', '', '', '', '', '', '孝南区毛陈镇好又多后面一单元四楼左', '13997266833', '', '毛陈中学', NULL, 2014, NULL, NULL, '', 1, '2014-11-11 12:41:47', NULL, NULL),
	(195, NULL, '李思玲', '1', 'F', '420902199911170440', NULL, NULL, '', '', '', '', '', '', '', '孝感市黄花二路', '13177257206', '', '孝南西湖中学', NULL, 2014, NULL, NULL, '', 1, '2014-11-11 12:41:47', NULL, NULL),
	(196, NULL, '邓玉杰', '1', 'M', '42092220000623381', NULL, NULL, '', '', '', '', '', '', '', '大悟夏店镇二畈村7组', '15572513218', '', '夏店中心初中', NULL, 2014, NULL, NULL, '', 1, '2014-11-11 12:41:47', NULL, NULL),
	(197, NULL, '徐琴', '1', 'F', '42092119971143025', NULL, NULL, '', '', '', '', '', '', '', '孝昌县邹岗中学905', '13197380857', '', '邹岗中学', NULL, 2014, NULL, NULL, '', 1, '2014-11-11 12:41:47', NULL, NULL),
	(198, NULL, '刘文强', '1', 'M', '420921199905162611', NULL, NULL, '', '', '', '', '', '', '', '孝昌县周巷镇青山初级中学', '13797158036', '', '周巷青山中学', NULL, 2014, NULL, NULL, '', 1, '2014-11-11 12:41:47', NULL, NULL),
	(199, NULL, '钟锦钰', '1', 'F', '420922199809285722', NULL, NULL, '', '', '', '', '', '', '', '大悟黄站镇', '13972692592', '', '大悟吕王中学', NULL, 2014, NULL, NULL, '', 1, '2014-11-11 12:41:47', NULL, NULL),
	(200, NULL, '刘琴', '1', 'F', '420923199810086241', NULL, NULL, '', '', '', '', '', '', '', '云梦县下辛店镇爱国村一组', '13297535207', '', '下辛店中学', NULL, 2014, NULL, NULL, '', 1, '2014-11-11 12:41:47', NULL, NULL),
	(201, NULL, '游洋', '1', 'F', '422201199903248145', NULL, NULL, '', '', '', '', '', '', '', '孝南区朱湖农场团结村', '15171256087', '', '孝昌邹岗中学', NULL, 2014, NULL, NULL, '', 1, '2014-11-11 12:41:47', NULL, NULL),
	(202, NULL, '田志', '1', 'M', '420923199907044398', NULL, NULL, '', '', '', '', '', '', '', '卧龙博文小区', '15971220830', '', '孝南区实验中学', NULL, 2014, NULL, NULL, '', 1, '2014-11-11 12:41:47', NULL, NULL),
	(203, NULL, '佘易培', '1', 'M', '4209219991130632x', NULL, NULL, '', '', '', '', '', '', '', '孝感市汪雷村', '15335532527', '', '孝南实验中学', NULL, 2014, NULL, NULL, '', 1, '2014-11-11 12:41:47', NULL, NULL),
	(204, NULL, '张正', '1', 'M', '420902199909302010', NULL, NULL, '', '', '', '', '', '', '', '新浦镇府前街', '13733527185', '', '孝南区实验中学', NULL, 2014, NULL, NULL, '', 1, '2014-11-11 12:41:47', NULL, NULL),
	(205, NULL, '王一鸣', '1', 'M', '42090119990801119', NULL, NULL, '', '', '', '', '', '', '', '东苑小区', '13871887934', '', '孝昌邹岗中学', NULL, 2014, NULL, NULL, '', 1, '2014-11-11 12:41:47', NULL, NULL),
	(206, NULL, '陈佳琪', '1', 'F', '42090119990719112x', NULL, NULL, '', '', '', '', '', '', '', '孝感市孝三路丹阳中学', '13429930364', '', '孝南区祝站一中', NULL, 2014, NULL, NULL, '', 1, '2014-11-11 12:41:47', NULL, NULL),
	(207, NULL, '严帅星', '1', 'M', '42092119971115447x', NULL, NULL, '', '', '', '', '', '', '', '王店镇金三角', '4831988', '', '孝南徒岗', NULL, 2014, NULL, NULL, '', 1, '2014-11-11 12:41:47', NULL, NULL),
	(208, NULL, '张镇', '1', 'M', '422201199903222519', NULL, NULL, '', '', '', '', '', '', '', '王家岩', '13545459053', '', '实验中学', NULL, 2014, NULL, NULL, '', 1, '2014-11-11 12:41:47', NULL, NULL),
	(209, NULL, '杨传喜', '1', 'M', '422201199805152211', NULL, NULL, '', '', '', '', '', '', '', '孝南区杨店镇杨店中学', '18871269845', '', '楚环中学', NULL, 2014, NULL, NULL, '', 1, '2014-11-11 12:41:47', NULL, NULL),
	(210, NULL, '黄毅', '1', 'M', '420921199910054850', NULL, NULL, '', '', '', '', '', '', '开除', '孝昌县季店乡联兴村三组', '15971265953', '', '实验中学', NULL, 2014, NULL, NULL, '', 1, '2014-11-11 12:41:47', NULL, NULL),
	(211, NULL, '邓杰', '1', 'M', '420923199811306453', NULL, NULL, '', '', '', '', '', '', '', '槐荫大道133号', '13307298648', '', '孝南西湖中学', NULL, 2014, NULL, NULL, '', 1, '2014-11-11 12:41:47', NULL, NULL),
	(212, NULL, '汤丹雅', '1', 'F', '420902199806258926', NULL, NULL, '', '', '', '', '', '', '', '孝感市9真2路13号', '13871918433', '', '孝南西湖中学', NULL, 2014, NULL, NULL, '', 1, '2014-11-11 12:41:47', NULL, NULL),
	(213, NULL, '张芷琪', '1', 'F', '422202199912216520', NULL, NULL, '', '', '', '', '', '', '', '孝感市孝三路丹阳中学', '18071797787', '', '丹阳中学', NULL, 2014, NULL, NULL, '', 1, '2014-11-11 12:41:47', NULL, NULL),
	(214, NULL, '李佳帅', '1', 'M', '42090219980906115x', NULL, NULL, '', '', '', '', '', '', '', '孝感市孝三路丹阳中学', '13797219389', '', '丹阳中学', NULL, 2014, NULL, NULL, '', 1, '2014-11-11 12:41:47', NULL, NULL),
	(215, NULL, '张颖', '1', 'M', '422202199904203412', NULL, NULL, '', '', '', '', '', '', '', '湖北省应城市季墩桥张挡湾80', '13733518321', '', '应城蒲阳初中', NULL, 2014, NULL, NULL, '', 1, '2014-11-11 12:41:47', NULL, NULL),
	(216, NULL, '余本杰', '1', 'M', '42220219981219', NULL, NULL, '', '', '', '', '', '', '', '东马坊腾飞街44号', '13971946988', '', '东方坊初中', NULL, 2014, NULL, NULL, '', 1, '2014-11-11 12:41:47', NULL, NULL),
	(217, NULL, '李浩', '1', 'M', '420902199903216410', NULL, NULL, '', '', '', '', '', '', '', '孝感市孝南区卧龙乡八埠10组', '13789958177', '', '卧龙中学', NULL, 2014, NULL, NULL, '', 1, '2014-11-11 12:41:47', NULL, NULL),
	(218, NULL, '胡文洲', '1', 'M', '420922199804164913', NULL, NULL, '', '', '', '', '', '', '', '四姑镇羊角村胡家', '18671250282', '', '大悟四姑镇中', NULL, 2014, NULL, NULL, '', 1, '2014-11-11 12:41:47', NULL, NULL),
	(219, NULL, '杨琪', '1', 'F', '422201199909052522', NULL, NULL, '', '', '', '', '', '', '', '孝南区杨店镇杨店中学', '18671208478', '', '杨店中学', NULL, 2014, NULL, NULL, '', 1, '2014-11-11 12:41:47', NULL, NULL),
	(220, NULL, '杨爽', '1', 'M', '422201199901032519', NULL, NULL, '', '', '', '', '', '', '', '孝南区杨店镇杨店中学', '15826804715', '', '杨店中学', NULL, 2014, NULL, NULL, '', 1, '2014-11-11 12:41:47', NULL, NULL),
	(221, NULL, '向官杰', '1', 'F', '42090219991127002x', NULL, NULL, '', '', '', '', '', '', '', '宇济滨湖天地竹苑6栋2单元1505', '13789941686', '', '实验中学', NULL, 2014, NULL, NULL, '', 1, '2014-11-11 12:41:47', NULL, NULL),
	(222, NULL, '文育全', '1', 'M', '42092119990520261', NULL, NULL, '', '', '', '', '', '', '', '京御苑5栋709', '13871948663', '', '丹阳中学', NULL, 2014, NULL, NULL, '', 1, '2014-11-11 12:41:47', NULL, NULL),
	(223, NULL, '杨凯林', '1', 'M', '4222011998072251x', NULL, NULL, '', '', '', '', '', '', '', '孝南区杨店镇杨店中学', '15971188573', '', '杨店中学', NULL, 2014, NULL, NULL, '', 1, '2014-11-11 12:41:47', NULL, NULL),
	(224, NULL, '胡辉玲', '1', 'F', '420922199908074902', NULL, NULL, '', '', '', '', '', '', '', '四姑镇羊角村8组', '15571296889', '', '大悟吕王', NULL, 2014, NULL, NULL, '', 1, '2014-11-11 12:41:47', NULL, NULL),
	(225, NULL, '程雄枫', '1', 'M', '420981200004022410', NULL, NULL, '', '', '', '', '', '', '', '应城市郎君镇', '15971293586', '', '应城郎君中学', NULL, 2014, NULL, NULL, '', 1, '2014-11-11 12:41:47', NULL, NULL),
	(226, NULL, '周才', '1', 'M', '42090219970918841X', NULL, NULL, '', '', '', '', '', '', '', '孝感市孝南区南大经济开发区四条街67号', '15926810090', '', '毛陈中学', NULL, 2014, NULL, NULL, '', 1, '2014-11-11 12:41:47', NULL, NULL),
	(227, NULL, '孙雨晴', '1', 'F', '420902199907038447', NULL, NULL, '', '', '', '', '', '', '', '长征路天紫名苑四栋', '13177257206', '', '楚环中学', NULL, 2014, NULL, NULL, '', 1, '2014-11-11 12:41:47', NULL, NULL),
	(228, NULL, '彭梦云', '1', 'F', '420984099911057023', NULL, NULL, '', '', '', '', '', '', '', '汉川新河铁路村', '13995875672', '', '汉川民乐', NULL, 2014, NULL, NULL, '', 1, '2014-11-11 12:41:47', NULL, NULL),
	(229, NULL, '詹文静', '1', 'F', '420923199912120420', NULL, NULL, '', '', '', '', '', '', '', '云梦占桥村七组66号', '18727554256', '', '云梦实验中学', NULL, 2014, NULL, NULL, '', 1, '2014-11-11 12:41:47', NULL, NULL),
	(230, NULL, '周恒', '1', 'M', '420902199912096417', NULL, NULL, '', '', '', '', '', '', '', '孝南区卧龙乡同春村1组26号', '15826790839', '', '毛陈中学', NULL, 2014, NULL, NULL, '', 1, '2014-11-11 12:41:47', NULL, NULL),
	(231, NULL, '周澳美', '1', 'F', '4209219991115444X', NULL, NULL, '', '', '', '', '', '', '', '孝昌县王店镇红胜村2组', '13297536139', '', '王店初中', NULL, 2014, NULL, NULL, '', 1, '2014-11-11 12:41:47', NULL, NULL),
	(232, NULL, '陈虓', '1', 'M', '420902199812166817', NULL, NULL, '', '', '', '', '', '', '', '孝南区毛陈镇段家长湾', '15271674418', '', '毛陈中学', NULL, 2014, NULL, NULL, '', 1, '2014-11-11 12:41:47', NULL, NULL),
	(233, NULL, '唐志强', '1', 'M', '420921199810183030', NULL, NULL, '', '', '', '', '', '', '开除', '邹岗中学901', '15971194871', '', '文昌中学', NULL, 2014, NULL, NULL, '', 1, '2014-11-11 12:41:47', NULL, NULL),
	(234, NULL, '李志强', '1', 'M', '420921200002085550', NULL, NULL, '', '', '', '', '', '', '', '孝昌县叶河村8组', '15072681959', '', '实验中学', NULL, 2014, NULL, NULL, '', 1, '2014-11-11 12:41:47', NULL, NULL),
	(235, NULL, '罗虎', '1', 'M', '420902199812310030', NULL, NULL, '', '', '', '', '', '', '', '孝南区三元井17号', '13886396646', '', '实验中学', NULL, 2014, NULL, NULL, '', 1, '2014-11-11 12:41:47', NULL, NULL),
	(236, NULL, '肖祥', '1', 'M', '421223199909014638', NULL, NULL, '', '', '', '', '', '', '', '孝南区陡岗镇山湾村2组', '13094157595', '', '兴国中学', NULL, 2014, NULL, NULL, '', 1, '2014-11-11 12:41:48', NULL, NULL),
	(237, NULL, '陈鹏飞', '1', 'M', '421223199909014638', NULL, NULL, '', '', '', '', '', '', '', '孝南区三汊镇三汊中学', '13094157595', '', '三汊镇中学', NULL, 2014, NULL, NULL, '', 1, '2014-11-11 12:41:48', NULL, NULL),
	(238, NULL, '吴飞', '1', 'M', '420923199808083914', NULL, NULL, '', '', '', '', '', '', '', '云梦伍洛镇大杨7队', '13995858419', '', '云梦外校', NULL, 2014, NULL, NULL, '', 1, '2014-11-11 12:41:48', NULL, NULL),
	(239, NULL, '黄松', '1', 'M', '421202199807271076', NULL, NULL, '', '', '', '', '', '', '', '孝感市新浦镇黄榨村', '15007123405', '', '龙店中学', NULL, 2014, NULL, NULL, '', 1, '2014-11-11 12:41:48', NULL, NULL),
	(240, NULL, '高天', '1', 'M', '', NULL, NULL, '', '', '', '', '', '', '', '孝南区杨店镇杨店中学', '', '', '杨店中学', NULL, 2014, NULL, NULL, '', 1, '2014-11-11 12:41:48', NULL, NULL),
	(241, NULL, '石爽', '1', 'M', '420921199809132818', NULL, NULL, '', '', '', '', '', '', '', '孝感市孝三路丹阳中学', '15549505466', '', '丹阳中学', NULL, 2014, NULL, NULL, '', 1, '2014-11-11 12:41:48', NULL, NULL),
	(242, NULL, '周泰', '1', 'M', '', NULL, NULL, '', '', '', '', '', '', '', '孝感市宇济滨湖天地', '13733440500', '', '少林寺罗汉院教育集团', NULL, 2014, NULL, NULL, '', 1, '2014-11-11 12:41:48', NULL, NULL),
	(243, NULL, '田小羽', '1', 'F', '422202199710255724', NULL, NULL, '', '', '', '', '', '', '', '应城市天鹅镇应奎村下坡湾', '13871900969', '', '应城天鹅镇沈铺中学', NULL, 2014, NULL, NULL, '', 1, '2014-11-11 12:41:48', NULL, NULL),
	(244, NULL, '李佳文', '1', 'F', '42090219981102792X', NULL, NULL, '', '', '', '', '', '', '', '孝南闵集乡上新村', '13556857530', '', '', NULL, 2014, NULL, NULL, '', 1, '2014-11-11 12:41:48', NULL, NULL),
	(245, NULL, '徐梦瑶', '1', 'F', '420981199912016125', NULL, NULL, '', '', '', '', '', '', '', '应城市义和镇徐邓村', '15207169830', '', '武汉博学中学', NULL, 2014, NULL, NULL, '', 1, '2014-11-11 12:41:48', NULL, NULL),
	(246, NULL, '吴霞', '1', 'F', '421381199812204725', NULL, NULL, '', '', '', '', '', '', '', '广水市龙泉镇', '13264709391', '', '武汉市二桥中学', NULL, 2014, NULL, NULL, '', 1, '2014-11-11 12:41:48', NULL, NULL),
	(247, NULL, '程鹏飞', '1', 'M', '420921199912285150', NULL, NULL, '', '', '', '', '', '', '开除', '孝感市园林路', '15926867442', '', '未毕业', NULL, 2014, NULL, NULL, '', 1, '2014-11-11 12:41:48', NULL, NULL),
	(248, NULL, '鲁振', '1', 'M', '420902199907096815', NULL, NULL, '', '', '', '', '', '', '', '孝南区南大经济开发区井岗村8组35号', '13545458010', '', '', NULL, 2014, NULL, NULL, '', 1, '2014-11-11 12:41:48', NULL, NULL),
	(249, NULL, '刘德豪', '1', 'M', '420921199804125571', NULL, NULL, '', '', '', '', '', '', '', '孝感市文化东路', '13545224064', '', '未毕业', NULL, 2014, NULL, NULL, '', 1, '2014-11-11 12:41:48', NULL, NULL),
	(250, NULL, '徐紫哲', '1', 'F', '420923199807154389', NULL, NULL, '', '', '', '', '', '', '', '云梦县沙河乡铁铺村一组', '07122466500', '', '', NULL, 2014, NULL, NULL, '', 1, '2014-11-11 12:41:48', NULL, NULL);
/*!40000 ALTER TABLE `t_students` ENABLE KEYS */;


-- Dumping structure for table xsglxtsql.t_student_classes
DROP TABLE IF EXISTS `t_student_classes`;
CREATE TABLE IF NOT EXISTS `t_student_classes` (
  `ID` int(10) unsigned NOT NULL AUTO_INCREMENT COMMENT 'ID',
  `student_number` char(10) COLLATE utf8_bin DEFAULT NULL COMMENT '学号',
  `student_id` int(10) unsigned NOT NULL DEFAULT '0' COMMENT '学生ID',
  `class_id` int(10) unsigned NOT NULL DEFAULT '0' COMMENT '班级ID',
  `status` char(1) COLLATE utf8_bin NOT NULL DEFAULT '0' COMMENT '0:暂停 1:正常',
  `create_user` int(10) unsigned NOT NULL DEFAULT '0',
  `create_time` timestamp NOT NULL DEFAULT CURRENT_TIMESTAMP,
  `update_user` int(10) unsigned DEFAULT NULL,
  `update_time` timestamp NULL DEFAULT NULL,
  PRIMARY KEY (`ID`),
  KEY `FK_t_student_classes_t_classes` (`class_id`),
  KEY `FK_t_student_classes_t_students` (`student_id`),
  CONSTRAINT `FK_t_student_classes_t_classes` FOREIGN KEY (`class_id`) REFERENCES `t_classes` (`ID`),
  CONSTRAINT `FK_t_student_classes_t_students` FOREIGN KEY (`student_id`) REFERENCES `t_students` (`ID`)
) ENGINE=InnoDB AUTO_INCREMENT=223 DEFAULT CHARSET=utf8 COLLATE=utf8_bin;

-- Dumping data for table xsglxtsql.t_student_classes: ~205 rows (approximately)
DELETE FROM `t_student_classes`;
/*!40000 ALTER TABLE `t_student_classes` DISABLE KEYS */;
INSERT INTO `t_student_classes` (`ID`, `student_number`, `student_id`, `class_id`, `status`, `create_user`, `create_time`, `update_user`, `update_time`) VALUES
	(18, '201511302', 40, 13, '1', 1, '2014-11-10 17:27:44', NULL, NULL),
	(19, '201511303', 41, 13, '1', 1, '2014-11-10 17:27:44', NULL, NULL),
	(20, '201511304', 42, 13, '1', 1, '2014-11-10 17:27:44', NULL, NULL),
	(21, '201511305', 43, 13, '1', 1, '2014-11-10 17:27:44', NULL, NULL),
	(22, '201511306', 44, 13, '1', 1, '2014-11-10 17:27:44', NULL, NULL),
	(23, '201511307', 45, 13, '1', 1, '2014-11-10 17:27:44', NULL, NULL),
	(24, '201511308', 46, 13, '1', 1, '2014-11-10 17:27:45', NULL, NULL),
	(25, '201511309', 47, 13, '1', 1, '2014-11-10 17:27:45', NULL, NULL),
	(26, '201511310', 48, 13, '1', 1, '2014-11-10 17:27:45', NULL, NULL),
	(27, '201511311', 49, 13, '1', 1, '2014-11-10 17:27:45', NULL, NULL),
	(28, '201511312', 50, 13, '1', 1, '2014-11-10 17:27:45', NULL, NULL),
	(29, '201511313', 51, 13, '1', 1, '2014-11-10 17:27:45', NULL, NULL),
	(30, '201511314', 52, 13, '1', 1, '2014-11-10 17:27:45', NULL, NULL),
	(31, '201511315', 53, 13, '1', 1, '2014-11-10 17:27:45', NULL, NULL),
	(32, '201511316', 54, 13, '1', 1, '2014-11-10 17:27:45', NULL, NULL),
	(33, '201511317', 55, 13, '1', 1, '2014-11-10 17:27:45', NULL, NULL),
	(34, '201511318', 56, 13, '1', 1, '2014-11-10 17:27:45', NULL, NULL),
	(35, '201511319', 57, 13, '1', 1, '2014-11-10 17:27:45', NULL, NULL),
	(36, '201511320', 58, 13, '1', 1, '2014-11-10 17:27:45', NULL, NULL),
	(37, '201511321', 59, 13, '1', 1, '2014-11-10 17:27:45', NULL, NULL),
	(38, '201511322', 60, 13, '1', 1, '2014-11-10 17:27:45', NULL, NULL),
	(39, '201511323', 61, 13, '1', 1, '2014-11-10 17:27:45', NULL, NULL),
	(40, '201511324', 62, 13, '1', 1, '2014-11-10 17:27:45', NULL, NULL),
	(41, '201511325', 63, 13, '1', 1, '2014-11-10 17:27:45', NULL, NULL),
	(42, '201511326', 64, 13, '1', 1, '2014-11-10 17:27:45', NULL, NULL),
	(43, '201511327', 65, 13, '1', 1, '2014-11-10 17:27:45', NULL, NULL),
	(44, '201511328', 66, 13, '1', 1, '2014-11-10 17:27:45', NULL, NULL),
	(45, '201511329', 67, 13, '1', 1, '2014-11-10 17:27:45', NULL, NULL),
	(46, '201511330', 68, 13, '1', 1, '2014-11-10 17:27:45', NULL, NULL),
	(47, '201511331', 69, 13, '1', 1, '2014-11-10 17:27:45', NULL, NULL),
	(48, '201511332', 70, 13, '1', 1, '2014-11-10 17:27:45', NULL, NULL),
	(49, '201511333', 71, 13, '1', 1, '2014-11-10 17:27:45', NULL, NULL),
	(50, '201511334', 72, 13, '1', 1, '2014-11-10 17:27:45', NULL, NULL),
	(51, '201511335', 73, 13, '1', 1, '2014-11-10 17:27:45', NULL, NULL),
	(52, '201511336', 74, 13, '1', 1, '2014-11-10 17:27:45', NULL, NULL),
	(53, '201511337', 75, 13, '1', 1, '2014-11-10 17:27:45', NULL, NULL),
	(54, '201511338', 76, 13, '1', 1, '2014-11-10 17:27:45', NULL, NULL),
	(55, '201511339', 77, 13, '1', 1, '2014-11-10 17:27:45', NULL, NULL),
	(56, '201511340', 78, 13, '1', 1, '2014-11-10 17:27:45', NULL, NULL),
	(57, '201511341', 79, 13, '1', 1, '2014-11-10 17:27:45', NULL, NULL),
	(58, '201511342', 80, 13, '1', 1, '2014-11-10 17:27:45', NULL, NULL),
	(59, '201511343', 81, 13, '1', 1, '2014-11-10 17:27:45', NULL, NULL),
	(60, '201511344', 82, 13, '1', 1, '2014-11-10 17:27:45', NULL, NULL),
	(61, '201511345', 83, 13, '1', 1, '2014-11-10 17:27:45', NULL, NULL),
	(62, '201511346', 84, 13, '1', 1, '2014-11-10 17:27:45', NULL, NULL),
	(63, '201511347', 85, 13, '1', 1, '2014-11-10 17:27:45', NULL, NULL),
	(64, '201511348', 86, 13, '1', 1, '2014-11-10 17:27:45', NULL, NULL),
	(65, '201511349', 87, 13, '1', 1, '2014-11-10 17:27:45', NULL, NULL),
	(66, '201511350', 88, 13, '1', 1, '2014-11-10 17:27:45', NULL, NULL),
	(67, '201511351', 89, 13, '1', 1, '2014-11-10 17:27:45', NULL, NULL),
	(68, '201511352', 90, 13, '1', 1, '2014-11-10 17:27:45', NULL, NULL),
	(69, '201511353', 91, 13, '1', 1, '2014-11-10 17:27:45', NULL, NULL),
	(70, '201511354', 92, 13, '1', 1, '2014-11-10 17:27:45', NULL, NULL),
	(71, '201511355', 93, 13, '1', 1, '2014-11-10 17:27:45', NULL, NULL),
	(72, '201511356', 94, 13, '1', 1, '2014-11-10 17:27:45', NULL, NULL),
	(73, '201511357', 95, 13, '1', 1, '2014-11-10 17:27:45', NULL, NULL),
	(74, '201511358', 96, 13, '1', 1, '2014-11-10 17:27:45', NULL, NULL),
	(75, '201511359', 97, 13, '1', 1, '2014-11-10 17:27:45', NULL, NULL),
	(76, '201511360', 98, 13, '1', 1, '2014-11-10 17:27:45', NULL, NULL),
	(77, '201511361', 99, 13, '1', 1, '2014-11-10 17:27:45', NULL, NULL),
	(78, '201511362', 100, 13, '1', 1, '2014-11-10 17:27:45', NULL, NULL),
	(79, '201511363', 101, 13, '1', 1, '2014-11-10 17:27:45', NULL, NULL),
	(80, '201511364', 102, 13, '1', 1, '2014-11-10 17:27:45', NULL, NULL),
	(81, '201511365', 103, 13, '1', 1, '2014-11-10 17:27:45', NULL, NULL),
	(82, '201511366', 104, 13, '1', 1, '2014-11-10 17:27:45', NULL, NULL),
	(83, '201511367', 105, 13, '1', 1, '2014-11-10 17:27:45', NULL, NULL),
	(84, '201511368', 106, 13, '1', 1, '2014-11-10 17:27:45', NULL, NULL),
	(85, '201511369', 107, 13, '1', 1, '2014-11-10 17:27:45', NULL, NULL),
	(86, '201511370', 114, 13, '1', 1, '2014-11-11 10:41:39', NULL, NULL),
	(87, '201411201', 115, 12, '1', 1, '2014-11-11 12:15:52', NULL, NULL),
	(88, '201411202', 116, 12, '1', 1, '2014-11-11 12:15:52', NULL, NULL),
	(89, '201411203', 117, 12, '1', 1, '2014-11-11 12:15:52', NULL, NULL),
	(90, '201411204', 118, 12, '1', 1, '2014-11-11 12:15:52', NULL, NULL),
	(91, '201411205', 119, 12, '1', 1, '2014-11-11 12:15:52', NULL, NULL),
	(92, '201411206', 120, 12, '1', 1, '2014-11-11 12:15:52', NULL, NULL),
	(93, '201411207', 121, 12, '1', 1, '2014-11-11 12:15:52', NULL, NULL),
	(94, '201411208', 122, 12, '1', 1, '2014-11-11 12:15:52', NULL, NULL),
	(95, '201411209', 123, 12, '1', 1, '2014-11-11 12:15:53', NULL, NULL),
	(96, '201411210', 124, 12, '1', 1, '2014-11-11 12:15:53', NULL, NULL),
	(97, '201411211', 125, 12, '1', 1, '2014-11-11 12:15:53', NULL, NULL),
	(98, '201411212', 126, 12, '1', 1, '2014-11-11 12:15:53', NULL, NULL),
	(99, '201411213', 127, 12, '1', 1, '2014-11-11 12:15:53', NULL, NULL),
	(100, '201411214', 128, 12, '1', 1, '2014-11-11 12:15:53', NULL, NULL),
	(101, '201411215', 129, 12, '1', 1, '2014-11-11 12:15:53', NULL, NULL),
	(102, '201411216', 130, 12, '1', 1, '2014-11-11 12:15:53', NULL, NULL),
	(103, '201411217', 131, 12, '1', 1, '2014-11-11 12:15:53', NULL, NULL),
	(104, '201411218', 132, 12, '1', 1, '2014-11-11 12:15:53', NULL, NULL),
	(105, '201411219', 133, 12, '1', 1, '2014-11-11 12:15:53', NULL, NULL),
	(106, '201411220', 134, 12, '1', 1, '2014-11-11 12:15:53', NULL, NULL),
	(107, '201411221', 135, 12, '1', 1, '2014-11-11 12:15:53', NULL, NULL),
	(108, '201411222', 136, 12, '1', 1, '2014-11-11 12:15:53', NULL, NULL),
	(109, '201411223', 137, 12, '1', 1, '2014-11-11 12:15:53', NULL, NULL),
	(110, '201411224', 138, 12, '1', 1, '2014-11-11 12:15:53', NULL, NULL),
	(111, '201411225', 139, 12, '1', 1, '2014-11-11 12:15:53', NULL, NULL),
	(112, '201411226', 140, 12, '1', 1, '2014-11-11 12:15:53', NULL, NULL),
	(113, '201411227', 141, 12, '1', 1, '2014-11-11 12:15:53', NULL, NULL),
	(114, '201411228', 142, 12, '1', 1, '2014-11-11 12:15:53', NULL, NULL),
	(115, '201411229', 143, 12, '1', 1, '2014-11-11 12:15:54', NULL, NULL),
	(116, '201411230', 144, 12, '1', 1, '2014-11-11 12:15:54', NULL, NULL),
	(117, '201411231', 145, 12, '1', 1, '2014-11-11 12:15:54', NULL, NULL),
	(118, '201411232', 146, 12, '1', 1, '2014-11-11 12:15:54', NULL, NULL),
	(119, '201411233', 147, 12, '1', 1, '2014-11-11 12:15:54', NULL, NULL),
	(120, '201411234', 148, 12, '1', 1, '2014-11-11 12:15:54', NULL, NULL),
	(121, '201411235', 149, 12, '1', 1, '2014-11-11 12:15:54', NULL, NULL),
	(122, '201411236', 150, 12, '1', 1, '2014-11-11 12:15:54', NULL, NULL),
	(123, '201411237', 151, 12, '1', 1, '2014-11-11 12:15:54', NULL, NULL),
	(124, '201411238', 152, 12, '1', 1, '2014-11-11 12:15:54', NULL, NULL),
	(125, '201411239', 153, 12, '1', 1, '2014-11-11 12:15:54', NULL, NULL),
	(126, '201411240', 154, 12, '1', 1, '2014-11-11 12:15:54', NULL, NULL),
	(127, '201411241', 155, 12, '1', 1, '2014-11-11 12:15:54', NULL, NULL),
	(128, '201411242', 156, 12, '1', 1, '2014-11-11 12:15:54', NULL, NULL),
	(129, '201411243', 157, 12, '1', 1, '2014-11-11 12:15:54', NULL, NULL),
	(130, '201411244', 158, 12, '1', 1, '2014-11-11 12:15:54', NULL, NULL),
	(131, '201411245', 159, 12, '1', 1, '2014-11-11 12:15:54', NULL, NULL),
	(132, '201411246', 160, 12, '1', 1, '2014-11-11 12:15:54', NULL, NULL),
	(133, '201411247', 161, 12, '1', 1, '2014-11-11 12:15:54', NULL, NULL),
	(134, '201411248', 162, 12, '1', 1, '2014-11-11 12:15:54', NULL, NULL),
	(135, '201411249', 163, 12, '1', 1, '2014-11-11 12:15:54', NULL, NULL),
	(136, '201411250', 164, 12, '1', 1, '2014-11-11 12:15:54', NULL, NULL),
	(137, '201411251', 165, 12, '1', 1, '2014-11-11 12:15:54', NULL, NULL),
	(138, '201411252', 166, 12, '1', 1, '2014-11-11 12:15:54', NULL, NULL),
	(139, '201411253', 167, 12, '1', 1, '2014-11-11 12:15:54', NULL, NULL),
	(140, '201411254', 168, 12, '1', 1, '2014-11-11 12:15:54', NULL, NULL),
	(141, '201411255', 169, 12, '1', 1, '2014-11-11 12:15:54', NULL, NULL),
	(142, '201411256', 170, 12, '1', 1, '2014-11-11 12:15:54', NULL, NULL),
	(143, '201411257', 171, 12, '1', 1, '2014-11-11 12:15:54', NULL, NULL),
	(144, '201411258', 172, 12, '1', 1, '2014-11-11 12:15:54', NULL, NULL),
	(145, '201411259', 173, 12, '1', 1, '2014-11-11 12:15:55', NULL, NULL),
	(146, '201411260', 174, 12, '1', 1, '2014-11-11 12:15:55', NULL, NULL),
	(147, '201411261', 175, 12, '1', 1, '2014-11-11 12:15:55', NULL, NULL),
	(148, '201411262', 176, 12, '1', 1, '2014-11-11 12:15:55', NULL, NULL),
	(149, '201411263', 177, 12, '1', 1, '2014-11-11 12:15:55', NULL, NULL),
	(150, '201411264', 178, 12, '1', 1, '2014-11-11 12:15:55', NULL, NULL),
	(151, '201411265', 179, 12, '1', 1, '2014-11-11 12:15:55', NULL, NULL),
	(152, '201411266', 180, 12, '1', 1, '2014-11-11 12:15:55', NULL, NULL),
	(153, '201411267', 181, 12, '1', 1, '2014-11-11 12:15:55', NULL, NULL),
	(154, '201411268', 182, 12, '1', 1, '2014-11-11 12:15:55', NULL, NULL),
	(155, '201411269', 183, 12, '1', 1, '2014-11-11 12:15:55', NULL, NULL),
	(156, '201411270', 184, 12, '1', 1, '2014-11-11 12:15:55', NULL, NULL),
	(157, '201411271', 185, 12, '1', 1, '2014-11-11 12:15:55', NULL, NULL),
	(158, '201411001', 186, 10, '1', 1, '2014-11-11 12:41:47', NULL, NULL),
	(159, '201411002', 187, 10, '1', 1, '2014-11-11 12:41:47', NULL, NULL),
	(160, '201411003', 188, 10, '1', 1, '2014-11-11 12:41:47', NULL, NULL),
	(161, '201411004', 189, 10, '1', 1, '2014-11-11 12:41:47', NULL, NULL),
	(162, '201411005', 190, 10, '1', 1, '2014-11-11 12:41:47', NULL, NULL),
	(163, '201411006', 191, 10, '1', 1, '2014-11-11 12:41:47', NULL, NULL),
	(164, '201411007', 192, 10, '1', 1, '2014-11-11 12:41:47', NULL, NULL),
	(165, '201411008', 193, 10, '1', 1, '2014-11-11 12:41:47', NULL, NULL),
	(166, '201411009', 194, 10, '1', 1, '2014-11-11 12:41:47', NULL, NULL),
	(167, '201411010', 195, 10, '1', 1, '2014-11-11 12:41:47', NULL, NULL),
	(168, '201411011', 196, 10, '1', 1, '2014-11-11 12:41:47', NULL, NULL),
	(169, '201411012', 197, 10, '1', 1, '2014-11-11 12:41:47', NULL, NULL),
	(170, '201411013', 198, 10, '1', 1, '2014-11-11 12:41:47', NULL, NULL),
	(171, '201411014', 199, 10, '1', 1, '2014-11-11 12:41:47', NULL, NULL),
	(172, '201411015', 200, 10, '1', 1, '2014-11-11 12:41:47', NULL, NULL),
	(173, '201411016', 201, 10, '1', 1, '2014-11-11 12:41:47', NULL, NULL),
	(174, '201411017', 202, 10, '1', 1, '2014-11-11 12:41:47', NULL, NULL),
	(175, '201411018', 203, 10, '1', 1, '2014-11-11 12:41:47', NULL, NULL),
	(176, '201411019', 204, 10, '1', 1, '2014-11-11 12:41:47', NULL, NULL),
	(177, '201411020', 205, 10, '1', 1, '2014-11-11 12:41:47', NULL, NULL),
	(178, '201411021', 206, 10, '1', 1, '2014-11-11 12:41:47', NULL, NULL),
	(179, '201411022', 207, 10, '1', 1, '2014-11-11 12:41:47', NULL, NULL),
	(180, '201411023', 208, 10, '1', 1, '2014-11-11 12:41:47', NULL, NULL),
	(181, '201411024', 209, 10, '1', 1, '2014-11-11 12:41:47', NULL, NULL),
	(182, '201411025', 210, 10, '1', 1, '2014-11-11 12:41:47', NULL, NULL),
	(183, '201411026', 211, 10, '1', 1, '2014-11-11 12:41:47', NULL, NULL),
	(184, '201411027', 212, 10, '1', 1, '2014-11-11 12:41:47', NULL, NULL),
	(185, '201411028', 213, 10, '1', 1, '2014-11-11 12:41:47', NULL, NULL),
	(186, '201411029', 214, 10, '1', 1, '2014-11-11 12:41:47', NULL, NULL),
	(187, '201411030', 215, 10, '1', 1, '2014-11-11 12:41:47', NULL, NULL),
	(188, '201411031', 216, 10, '1', 1, '2014-11-11 12:41:47', NULL, NULL),
	(189, '201411032', 217, 10, '1', 1, '2014-11-11 12:41:47', NULL, NULL),
	(190, '201411033', 218, 10, '1', 1, '2014-11-11 12:41:47', NULL, NULL),
	(191, '201411034', 219, 10, '1', 1, '2014-11-11 12:41:47', NULL, NULL),
	(192, '201411035', 220, 10, '1', 1, '2014-11-11 12:41:47', NULL, NULL),
	(193, '201411036', 221, 10, '1', 1, '2014-11-11 12:41:47', NULL, NULL),
	(194, '201411037', 222, 10, '1', 1, '2014-11-11 12:41:47', NULL, NULL),
	(195, '201411038', 223, 10, '1', 1, '2014-11-11 12:41:47', NULL, NULL),
	(196, '201411039', 224, 10, '1', 1, '2014-11-11 12:41:47', NULL, NULL),
	(197, '201411040', 225, 10, '1', 1, '2014-11-11 12:41:47', NULL, NULL),
	(198, '201411041', 226, 10, '1', 1, '2014-11-11 12:41:47', NULL, NULL),
	(199, '201411042', 227, 10, '1', 1, '2014-11-11 12:41:47', NULL, NULL),
	(200, '201411043', 228, 10, '1', 1, '2014-11-11 12:41:47', NULL, NULL),
	(201, '201411044', 229, 10, '1', 1, '2014-11-11 12:41:47', NULL, NULL),
	(202, '201411045', 230, 10, '1', 1, '2014-11-11 12:41:47', NULL, NULL),
	(203, '201411046', 231, 10, '1', 1, '2014-11-11 12:41:47', NULL, NULL),
	(204, '201411047', 232, 10, '1', 1, '2014-11-11 12:41:47', NULL, NULL),
	(205, '201411048', 233, 10, '1', 1, '2014-11-11 12:41:47', NULL, NULL),
	(206, '201411049', 234, 10, '1', 1, '2014-11-11 12:41:47', NULL, NULL),
	(207, '201411050', 235, 10, '1', 1, '2014-11-11 12:41:48', NULL, NULL),
	(208, '201411051', 236, 10, '1', 1, '2014-11-11 12:41:48', NULL, NULL),
	(209, '201411052', 237, 10, '1', 1, '2014-11-11 12:41:48', NULL, NULL),
	(210, '201411053', 238, 10, '1', 1, '2014-11-11 12:41:48', NULL, NULL),
	(211, '201411054', 239, 10, '1', 1, '2014-11-11 12:41:48', NULL, NULL),
	(212, '201411055', 240, 10, '1', 1, '2014-11-11 12:41:48', NULL, NULL),
	(213, '201411056', 241, 10, '1', 1, '2014-11-11 12:41:48', NULL, NULL),
	(214, '201411057', 242, 10, '1', 1, '2014-11-11 12:41:48', NULL, NULL),
	(215, '201411058', 243, 10, '1', 1, '2014-11-11 12:41:48', NULL, NULL),
	(216, '201411059', 244, 10, '1', 1, '2014-11-11 12:41:48', NULL, NULL),
	(217, '201411060', 245, 10, '1', 1, '2014-11-11 12:41:48', NULL, NULL),
	(218, '201411061', 246, 10, '1', 1, '2014-11-11 12:41:48', NULL, NULL),
	(219, '201411062', 247, 10, '1', 1, '2014-11-11 12:41:48', NULL, NULL),
	(220, '201411063', 248, 10, '1', 1, '2014-11-11 12:41:48', NULL, NULL),
	(221, '201411064', 249, 10, '1', 1, '2014-11-11 12:41:48', NULL, NULL),
	(222, '201411065', 250, 10, '1', 1, '2014-11-11 12:41:48', NULL, NULL);
/*!40000 ALTER TABLE `t_student_classes` ENABLE KEYS */;


-- Dumping structure for table xsglxtsql.t_teachers
DROP TABLE IF EXISTS `t_teachers`;
CREATE TABLE IF NOT EXISTS `t_teachers` (
  `ID` int(10) unsigned NOT NULL AUTO_INCREMENT COMMENT 'ID',
  `code` char(20) COLLATE utf8_bin DEFAULT NULL COMMENT '教师CODE',
  `name` char(12) COLLATE utf8_bin NOT NULL COMMENT '教师姓名',
  `status` char(1) COLLATE utf8_bin NOT NULL DEFAULT '1' COMMENT '状态(1:正常 2:异常)',
  `sex` enum('F','M') COLLATE utf8_bin NOT NULL COMMENT '性别(F: 女 M:男)',
  `birthday` date DEFAULT NULL COMMENT '出生年月日',
  `id_card_no` char(18) COLLATE utf8_bin DEFAULT NULL COMMENT '身份证号码',
  `home_address` char(100) COLLATE utf8_bin DEFAULT NULL COMMENT '家庭住址',
  `telephone` char(11) COLLATE utf8_bin DEFAULT NULL COMMENT '电话号码',
  `nation` char(10) COLLATE utf8_bin DEFAULT NULL COMMENT '民族',
  `birthplace` char(10) COLLATE utf8_bin DEFAULT NULL COMMENT '籍贯',
  `working_date` char(7) COLLATE utf8_bin DEFAULT NULL COMMENT '工作年月',
  `party_date` char(7) COLLATE utf8_bin DEFAULT NULL COMMENT '入党年月',
  `before_degree` char(10) COLLATE utf8_bin DEFAULT NULL COMMENT '职前学历',
  `before_graduate_date` char(7) COLLATE utf8_bin DEFAULT NULL COMMENT '职前毕业时间',
  `before_graduate_school` char(50) COLLATE utf8_bin DEFAULT NULL COMMENT '职前毕业院校',
  `before_graduate_major` char(50) COLLATE utf8_bin DEFAULT NULL COMMENT '职前毕业专业',
  `current_degree` char(10) COLLATE utf8_bin DEFAULT NULL COMMENT '现学历',
  `current_graduate_date` char(7) COLLATE utf8_bin DEFAULT NULL COMMENT '现学历毕业时间',
  `current_graduate_school` char(50) COLLATE utf8_bin DEFAULT NULL COMMENT '现学历毕业院校',
  `current_graduate_major` char(50) COLLATE utf8_bin DEFAULT NULL COMMENT '现学历毕业专业',
  `professional_technical_position` char(50) COLLATE utf8_bin DEFAULT NULL COMMENT '专业技术职务',
  `work_departments_postion` char(50) COLLATE utf8_bin DEFAULT NULL COMMENT '工作科室及职务',
  `current_position_rank` char(50) COLLATE utf8_bin DEFAULT NULL COMMENT '现职级',
  `current_position_date` char(7) COLLATE utf8_bin DEFAULT NULL COMMENT '任现职年月',
  `current_level_date` char(7) COLLATE utf8_bin DEFAULT NULL COMMENT '任现级年月',
  `basic_memo` text COLLATE utf8_bin COMMENT '基本情况备注',
  `continue_education_address` char(50) COLLATE utf8_bin DEFAULT NULL COMMENT '继续教育地址',
  `continue_education_date` char(20) COLLATE utf8_bin DEFAULT NULL COMMENT '继续教育时间',
  `continue_education_credit` int(4) DEFAULT NULL COMMENT '获得学分',
  `continue_education_prove_people` char(50) COLLATE utf8_bin DEFAULT NULL COMMENT '证明人',
  `moral_praise` text COLLATE utf8_bin COMMENT '表彰情况',
  `moral_student_evaluation` text COLLATE utf8_bin COMMENT '学生测评',
  `moral_target_check` text COLLATE utf8_bin COMMENT '目标考核',
  `moral_memo` text COLLATE utf8_bin COMMENT '师德备注',
  `teach_grades` char(50) COLLATE utf8_bin DEFAULT NULL COMMENT '任教年级',
  `teach_subjects` char(50) COLLATE utf8_bin DEFAULT NULL COMMENT '课程',
  `teaching_research_postion` char(50) COLLATE utf8_bin DEFAULT NULL COMMENT '教研职务',
  `recruit_students` text COLLATE utf8_bin COMMENT '招生情况',
  `attendance` text COLLATE utf8_bin COMMENT '考勤情况',
  `working_memo` text COLLATE utf8_bin COMMENT '履职备注',
  `tutorship_award` text COLLATE utf8_bin COMMENT '辅导获奖',
  `competition_award` text COLLATE utf8_bin COMMENT '参赛获奖',
  `paper_work` text COLLATE utf8_bin COMMENT '论文著作',
  `competition_item` text COLLATE utf8_bin COMMENT '参赛项目情况',
  `business_memo` text COLLATE utf8_bin COMMENT '业务备注',
  `create_user` int(10) unsigned NOT NULL DEFAULT '0',
  `create_time` timestamp NOT NULL DEFAULT CURRENT_TIMESTAMP,
  `update_user` int(10) unsigned DEFAULT NULL,
  `update_time` timestamp NULL DEFAULT NULL,
  PRIMARY KEY (`ID`),
  CONSTRAINT `FK_t_teacher_t_users` FOREIGN KEY (`ID`) REFERENCES `t_users` (`ID`)
) ENGINE=InnoDB AUTO_INCREMENT=253 DEFAULT CHARSET=utf8 COLLATE=utf8_bin COMMENT='教师表';

-- Dumping data for table xsglxtsql.t_teachers: ~8 rows (approximately)
DELETE FROM `t_teachers`;
/*!40000 ALTER TABLE `t_teachers` DISABLE KEYS */;
INSERT INTO `t_teachers` (`ID`, `code`, `name`, `status`, `sex`, `birthday`, `id_card_no`, `home_address`, `telephone`, `nation`, `birthplace`, `working_date`, `party_date`, `before_degree`, `before_graduate_date`, `before_graduate_school`, `before_graduate_major`, `current_degree`, `current_graduate_date`, `current_graduate_school`, `current_graduate_major`, `professional_technical_position`, `work_departments_postion`, `current_position_rank`, `current_position_date`, `current_level_date`, `basic_memo`, `continue_education_address`, `continue_education_date`, `continue_education_credit`, `continue_education_prove_people`, `moral_praise`, `moral_student_evaluation`, `moral_target_check`, `moral_memo`, `teach_grades`, `teach_subjects`, `teaching_research_postion`, `recruit_students`, `attendance`, `working_memo`, `tutorship_award`, `competition_award`, `paper_work`, `competition_item`, `business_memo`, `create_user`, `create_time`, `update_user`, `update_time`) VALUES
	(1, 'ROOT', '校长', '1', 'F', '2014-10-22', '', '', '', '', '', '', '', '', '', '', '', '', '', '', '', '', '', '', '', '', '', '', '', NULL, '', '', '', '', '', '', NULL, '', '', '', '', '', '', '', '', '', 0, '2014-10-22 15:02:30', 1, '2014-11-06 15:29:47'),
	(108, 'T0001', '语文教师01', '1', 'M', '1980-02-04', '', '', '', '', '', '', '', '', '', '', '', '', '', '', '', '', '', '', '', '', '', '', '', NULL, '', '', '', '', '', '', NULL, '', '', '', '', '', '', '', '', '', 1, '2014-11-10 18:15:12', 1, '2014-11-10 18:15:12'),
	(109, 'T0002', '数学教师01', '1', 'M', '1980-05-25', '', '', '', '', '', '', '', '', '', '', '', '', '', '', '', '', '', '', '', '', '', '', '', NULL, '', '', '', '', '', '', NULL, '', '', '', '', '', '', '', '', '', 1, '2014-11-10 18:16:00', 1, '2014-11-10 18:16:00'),
	(110, 'T0003', '英语教师01', '1', 'M', '1980-05-25', '', '', '', '', '', '', '', '', '', '', '', '', '', '', '', '', '', '', '', '', '', '', '', NULL, '', '', '', '', '', '', NULL, '', '', '', '', '', '', '', '', '', 1, '2014-11-10 18:16:34', 1, '2014-11-10 18:16:34'),
	(111, 'T0004', '物理教师01', '1', 'M', '2014-11-12', '', '', '', '', '', '', '', '', '', '', '', '', '', '', '', '', '', '', '', '', '', '', '', NULL, '', '', '', '', '', '', NULL, '', '', '', '', '', '', '', '', '', 1, '2014-11-10 18:17:04', 1, '2014-11-10 18:17:04'),
	(112, 'T0005', '化学教师01', '1', 'M', '2014-11-04', '', '', '', '', '', '', '', '', '', '', '', '', '', '', '', '', '', '', '', '', '', '', '', NULL, '', '', '', '', '', '', NULL, '', '', '', '', '', '', '', '', '', 1, '2014-11-10 18:17:31', 1, '2014-11-10 18:17:31'),
	(113, ' 生物', '生物教师01', '1', 'M', '1980-05-25', '', '', '', '', '', '', '', '', '', '', '', '', '', '', '', '', '', '', '', '', '', '', '', NULL, '', '', '', '', '', '', NULL, '', '', '', '', '', '', '', '', '', 1, '2014-11-10 18:18:00', 1, '2014-11-10 18:18:00'),
	(252, '', '钟纪伟', '1', 'M', '1980-05-14', '420984198605252712', '1', '2', '3', '4', '5', '', '', '', '', '', '', '', '', '', '', '', '', '', '', '', '', '', NULL, '', '', '', '', '', '', NULL, '', '', '', '', '', '', '', '', '', 1, '2014-11-12 14:15:25', 1, '2014-11-12 14:28:59');
/*!40000 ALTER TABLE `t_teachers` ENABLE KEYS */;


-- Dumping structure for table xsglxtsql.t_teacher_subjects
DROP TABLE IF EXISTS `t_teacher_subjects`;
CREATE TABLE IF NOT EXISTS `t_teacher_subjects` (
  `ID` int(10) unsigned NOT NULL AUTO_INCREMENT COMMENT 'ID',
  `teacher_id` int(10) unsigned NOT NULL COMMENT '教师ID',
  `subject_id` int(10) unsigned NOT NULL COMMENT '科目ID',
  `create_user` int(10) unsigned NOT NULL DEFAULT '0',
  `create_time` timestamp NOT NULL DEFAULT CURRENT_TIMESTAMP,
  `update_user` int(10) unsigned DEFAULT NULL,
  `update_time` timestamp NULL DEFAULT NULL,
  PRIMARY KEY (`ID`),
  KEY `FK_t_teacher_subjects_t_teachers` (`teacher_id`),
  KEY `FK_t_teacher_subjects_m_subjects` (`subject_id`),
  CONSTRAINT `FK_t_teacher_subjects_m_subjects` FOREIGN KEY (`subject_id`) REFERENCES `m_subjects` (`ID`),
  CONSTRAINT `FK_t_teacher_subjects_t_teachers` FOREIGN KEY (`teacher_id`) REFERENCES `t_teachers` (`ID`)
) ENGINE=InnoDB AUTO_INCREMENT=30 DEFAULT CHARSET=utf8 COLLATE=utf8_bin COMMENT='教师表';

-- Dumping data for table xsglxtsql.t_teacher_subjects: ~6 rows (approximately)
DELETE FROM `t_teacher_subjects`;
/*!40000 ALTER TABLE `t_teacher_subjects` DISABLE KEYS */;
INSERT INTO `t_teacher_subjects` (`ID`, `teacher_id`, `subject_id`, `create_user`, `create_time`, `update_user`, `update_time`) VALUES
	(24, 108, 1, 1, '2014-11-10 18:15:12', 1, '2014-11-10 18:15:12'),
	(25, 109, 2, 1, '2014-11-10 18:16:00', 1, '2014-11-10 18:16:00'),
	(26, 110, 3, 1, '2014-11-10 18:16:34', 1, '2014-11-10 18:16:34'),
	(27, 111, 4, 1, '2014-11-10 18:17:04', 1, '2014-11-10 18:17:04'),
	(28, 112, 5, 1, '2014-11-10 18:17:31', 1, '2014-11-10 18:17:31'),
	(29, 113, 6, 1, '2014-11-10 18:18:00', 1, '2014-11-10 18:18:00');
/*!40000 ALTER TABLE `t_teacher_subjects` ENABLE KEYS */;


-- Dumping structure for table xsglxtsql.t_users
DROP TABLE IF EXISTS `t_users`;
CREATE TABLE IF NOT EXISTS `t_users` (
  `ID` int(10) unsigned NOT NULL AUTO_INCREMENT COMMENT 'ID',
  `username` char(20) COLLATE utf8_bin NOT NULL COMMENT '用户名',
  `password` varchar(20) COLLATE utf8_bin NOT NULL COMMENT '密码',
  `status` char(1) COLLATE utf8_bin NOT NULL DEFAULT '1' COMMENT '状态(1:正常 2:异常)',
  `last_login_time` timestamp NULL DEFAULT NULL COMMENT '上次登录时间',
  `last_password_time` timestamp NULL DEFAULT NULL COMMENT '上次密码修改时间',
  `create_user` int(10) unsigned NOT NULL DEFAULT '0',
  `create_time` timestamp NOT NULL DEFAULT CURRENT_TIMESTAMP,
  `update_user` int(10) unsigned DEFAULT NULL,
  `update_time` timestamp NULL DEFAULT NULL,
  PRIMARY KEY (`ID`),
  UNIQUE KEY `username` (`username`)
) ENGINE=InnoDB AUTO_INCREMENT=253 DEFAULT CHARSET=utf8 COLLATE=utf8_bin COMMENT='用户表';

-- Dumping data for table xsglxtsql.t_users: ~214 rows (approximately)
DELETE FROM `t_users`;
/*!40000 ALTER TABLE `t_users` DISABLE KEYS */;
INSERT INTO `t_users` (`ID`, `username`, `password`, `status`, `last_login_time`, `last_password_time`, `create_user`, `create_time`, `update_user`, `update_time`) VALUES
	(1, 'root', 'rootadmin', '1', '2014-11-12 14:21:44', '2014-11-05 12:08:13', 0, '2014-10-22 15:01:57', 1, '2014-11-05 12:08:13'),
	(40, '201511302', '19990712', '1', NULL, NULL, 1, '2014-11-10 17:27:44', NULL, NULL),
	(41, '201511303', '19990405', '1', NULL, NULL, 1, '2014-11-10 17:27:44', NULL, NULL),
	(42, '201511304', '19980912', '1', NULL, NULL, 1, '2014-11-10 17:27:44', NULL, NULL),
	(43, '201511305', '19990325', '1', NULL, NULL, 1, '2014-11-10 17:27:44', NULL, NULL),
	(44, '201511306', '19990903', '1', NULL, NULL, 1, '2014-11-10 17:27:44', NULL, NULL),
	(45, '201511307', '19990522', '1', NULL, NULL, 1, '2014-11-10 17:27:44', NULL, NULL),
	(46, '201511308', '19991124', '1', NULL, NULL, 1, '2014-11-10 17:27:44', NULL, NULL),
	(47, '201511309', '19981118', '1', NULL, NULL, 1, '2014-11-10 17:27:45', NULL, NULL),
	(48, '201511310', '19990727', '1', NULL, NULL, 1, '2014-11-10 17:27:45', NULL, NULL),
	(49, '201511311', '19981214', '1', NULL, NULL, 1, '2014-11-10 17:27:45', NULL, NULL),
	(50, '201511312', '19971226', '1', NULL, NULL, 1, '2014-11-10 17:27:45', NULL, NULL),
	(51, '201511313', '20000210', '1', NULL, NULL, 1, '2014-11-10 17:27:45', NULL, NULL),
	(52, '201511314', '19980418', '1', NULL, NULL, 1, '2014-11-10 17:27:45', NULL, NULL),
	(53, '201511315', '19980504', '1', NULL, NULL, 1, '2014-11-10 17:27:45', NULL, NULL),
	(54, '201511316', '19990504', '1', NULL, NULL, 1, '2014-11-10 17:27:45', NULL, NULL),
	(55, '201511317', '19990511', '1', NULL, NULL, 1, '2014-11-10 17:27:45', NULL, NULL),
	(56, '201511318', '20000123', '1', NULL, NULL, 1, '2014-11-10 17:27:45', NULL, NULL),
	(57, '201511319', '19990127', '1', NULL, NULL, 1, '2014-11-10 17:27:45', NULL, NULL),
	(58, '201511320', '19990218', '1', NULL, NULL, 1, '2014-11-10 17:27:45', NULL, NULL),
	(59, '201511321', '19991206', '1', NULL, NULL, 1, '2014-11-10 17:27:45', NULL, NULL),
	(60, '201511322', '19991110', '1', NULL, NULL, 1, '2014-11-10 17:27:45', NULL, NULL),
	(61, '201511323', '19980901', '1', NULL, NULL, 1, '2014-11-10 17:27:45', NULL, NULL),
	(62, '201511324', '20000526', '1', NULL, NULL, 1, '2014-11-10 17:27:45', NULL, NULL),
	(63, '201511325', '19991120', '1', NULL, NULL, 1, '2014-11-10 17:27:45', NULL, NULL),
	(64, '201511326', '19980217', '1', NULL, NULL, 1, '2014-11-10 17:27:45', NULL, NULL),
	(65, '201511327', '11999090', '1', NULL, NULL, 1, '2014-11-10 17:27:45', NULL, NULL),
	(66, '201511328', '19990705', '1', NULL, NULL, 1, '2014-11-10 17:27:45', NULL, NULL),
	(67, '201511329', '19981008', '1', NULL, NULL, 1, '2014-11-10 17:27:45', NULL, NULL),
	(68, '201511330', '19980608', '1', NULL, NULL, 1, '2014-11-10 17:27:45', NULL, NULL),
	(69, '201511331', '19980512', '1', NULL, NULL, 1, '2014-11-10 17:27:45', NULL, NULL),
	(70, '201511332', '19980617', '1', NULL, NULL, 1, '2014-11-10 17:27:45', NULL, NULL),
	(71, '201511333', '19980616', '1', NULL, NULL, 1, '2014-11-10 17:27:45', NULL, NULL),
	(72, '201511334', '19990823', '1', NULL, NULL, 1, '2014-11-10 17:27:45', NULL, NULL),
	(73, '201511335', '19990613', '1', NULL, NULL, 1, '2014-11-10 17:27:45', NULL, NULL),
	(74, '201511336', '19990805', '1', NULL, NULL, 1, '2014-11-10 17:27:45', NULL, NULL),
	(75, '201511337', '19991010', '1', NULL, NULL, 1, '2014-11-10 17:27:45', NULL, NULL),
	(76, '201511338', '00005048', '1', NULL, NULL, 1, '2014-11-10 17:27:45', NULL, NULL),
	(77, '201511339', '20000718', '1', NULL, NULL, 1, '2014-11-10 17:27:45', NULL, NULL),
	(78, '201511340', '19990705', '1', NULL, NULL, 1, '2014-11-10 17:27:45', NULL, NULL),
	(79, '201511341', '19980910', '1', NULL, NULL, 1, '2014-11-10 17:27:45', NULL, NULL),
	(80, '201511342', '19980926', '1', NULL, NULL, 1, '2014-11-10 17:27:45', NULL, NULL),
	(81, '201511343', '19981004', '1', NULL, NULL, 1, '2014-11-10 17:27:45', NULL, NULL),
	(82, '201511344', '19971029', '1', NULL, NULL, 1, '2014-11-10 17:27:45', NULL, NULL),
	(83, '201511345', '88888888', '1', NULL, NULL, 1, '2014-11-10 17:27:45', NULL, NULL),
	(84, '201511346', '19980418', '1', NULL, NULL, 1, '2014-11-10 17:27:45', NULL, NULL),
	(85, '201511347', '19990107', '1', NULL, NULL, 1, '2014-11-10 17:27:45', NULL, NULL),
	(86, '201511348', '19980923', '1', NULL, NULL, 1, '2014-11-10 17:27:45', NULL, NULL),
	(87, '201511349', '19990914', '1', NULL, NULL, 1, '2014-11-10 17:27:45', NULL, NULL),
	(88, '201511350', '19990820', '1', NULL, NULL, 1, '2014-11-10 17:27:45', NULL, NULL),
	(89, '201511351', '19998121', '1', NULL, NULL, 1, '2014-11-10 17:27:45', NULL, NULL),
	(90, '201511352', '19991215', '1', NULL, NULL, 1, '2014-11-10 17:27:45', NULL, NULL),
	(91, '201511353', '19990617', '1', NULL, NULL, 1, '2014-11-10 17:27:45', NULL, NULL),
	(92, '201511354', '19981208', '1', NULL, NULL, 1, '2014-11-10 17:27:45', NULL, NULL),
	(93, '201511355', '19981121', '1', NULL, NULL, 1, '2014-11-10 17:27:45', NULL, NULL),
	(94, '201511356', '19981203', '1', NULL, NULL, 1, '2014-11-10 17:27:45', NULL, NULL),
	(95, '201511357', '19991105', '1', NULL, NULL, 1, '2014-11-10 17:27:45', NULL, NULL),
	(96, '201511358', '19990806', '1', NULL, NULL, 1, '2014-11-10 17:27:45', NULL, NULL),
	(97, '201511359', '19980816', '1', NULL, NULL, 1, '2014-11-10 17:27:45', NULL, NULL),
	(98, '201511360', '19981008', '1', NULL, NULL, 1, '2014-11-10 17:27:45', NULL, NULL),
	(99, '201511361', '19981022', '1', NULL, NULL, 1, '2014-11-10 17:27:45', NULL, NULL),
	(100, '201511362', '19981113', '1', NULL, NULL, 1, '2014-11-10 17:27:45', NULL, NULL),
	(101, '201511363', '19990525', '1', NULL, NULL, 1, '2014-11-10 17:27:45', NULL, NULL),
	(102, '201511364', '20000317', '1', NULL, NULL, 1, '2014-11-10 17:27:45', NULL, NULL),
	(103, '201511365', '19990519', '1', NULL, NULL, 1, '2014-11-10 17:27:45', NULL, NULL),
	(104, '201511366', '19990716', '1', NULL, NULL, 1, '2014-11-10 17:27:45', NULL, NULL),
	(105, '201511367', '88888888', '1', NULL, NULL, 1, '2014-11-10 17:27:45', NULL, NULL),
	(106, '201511368', '19971107', '1', NULL, NULL, 1, '2014-11-10 17:27:45', NULL, NULL),
	(107, '201511369', '19981026', '1', NULL, NULL, 1, '2014-11-10 17:27:45', NULL, NULL),
	(108, 'T0001', '19800204', '1', NULL, NULL, 1, '2014-11-10 18:15:11', 1, '2014-11-10 18:15:11'),
	(109, 'T0002', '19800525', '1', NULL, NULL, 1, '2014-11-10 18:16:00', 1, '2014-11-10 18:16:00'),
	(110, 'T0003', '19800525', '1', NULL, NULL, 1, '2014-11-10 18:16:34', 1, '2014-11-10 18:16:34'),
	(111, 'T0004', '20141112', '1', NULL, NULL, 1, '2014-11-10 18:17:04', 1, '2014-11-10 18:17:04'),
	(112, 'T0005', '20141104', '1', NULL, NULL, 1, '2014-11-10 18:17:31', 1, '2014-11-10 18:17:31'),
	(113, ' 生物', '19800525', '1', NULL, NULL, 1, '2014-11-10 18:18:00', 1, '2014-11-10 18:18:00'),
	(114, '201511370', '19981024', '1', NULL, NULL, 1, '2014-11-11 10:41:39', NULL, NULL),
	(115, '201411201', '19990606', '1', NULL, NULL, 1, '2014-11-11 12:15:52', NULL, NULL),
	(116, '201411202', '19981208', '1', NULL, NULL, 1, '2014-11-11 12:15:52', NULL, NULL),
	(117, '201411203', '20000129', '1', NULL, NULL, 1, '2014-11-11 12:15:52', NULL, NULL),
	(118, '201411204', '19990611', '1', NULL, NULL, 1, '2014-11-11 12:15:52', NULL, NULL),
	(119, '201411205', '19990215', '1', NULL, NULL, 1, '2014-11-11 12:15:52', NULL, NULL),
	(120, '201411206', '19980730', '1', NULL, NULL, 1, '2014-11-11 12:15:52', NULL, NULL),
	(121, '201411207', '19990730', '1', NULL, NULL, 1, '2014-11-11 12:15:52', NULL, NULL),
	(122, '201411208', '19980516', '1', NULL, NULL, 1, '2014-11-11 12:15:52', NULL, NULL),
	(123, '201411209', '19990625', '1', NULL, NULL, 1, '2014-11-11 12:15:52', NULL, NULL),
	(124, '201411210', '19981009', '1', NULL, NULL, 1, '2014-11-11 12:15:53', NULL, NULL),
	(125, '201411211', '19981217', '1', NULL, NULL, 1, '2014-11-11 12:15:53', NULL, NULL),
	(126, '201411212', '19990211', '1', NULL, NULL, 1, '2014-11-11 12:15:53', NULL, NULL),
	(127, '201411213', '19991123', '1', NULL, NULL, 1, '2014-11-11 12:15:53', NULL, NULL),
	(128, '201411214', '19981215', '1', NULL, NULL, 1, '2014-11-11 12:15:53', NULL, NULL),
	(129, '201411215', '20000213', '1', NULL, NULL, 1, '2014-11-11 12:15:53', NULL, NULL),
	(130, '201411216', '19990219', '1', NULL, NULL, 1, '2014-11-11 12:15:53', NULL, NULL),
	(131, '201411217', '19971229', '1', NULL, NULL, 1, '2014-11-11 12:15:53', NULL, NULL),
	(132, '201411218', '19980827', '1', NULL, NULL, 1, '2014-11-11 12:15:53', NULL, NULL),
	(133, '201411219', '19990524', '1', NULL, NULL, 1, '2014-11-11 12:15:53', NULL, NULL),
	(134, '201411220', '19971201', '1', NULL, NULL, 1, '2014-11-11 12:15:53', NULL, NULL),
	(135, '201411221', '19990731', '1', NULL, NULL, 1, '2014-11-11 12:15:53', NULL, NULL),
	(136, '201411222', '19990120', '1', NULL, NULL, 1, '2014-11-11 12:15:53', NULL, NULL),
	(137, '201411223', '19980228', '1', NULL, NULL, 1, '2014-11-11 12:15:53', NULL, NULL),
	(138, '201411224', '19981017', '1', NULL, NULL, 1, '2014-11-11 12:15:53', NULL, NULL),
	(139, '201411225', '19980708', '1', NULL, NULL, 1, '2014-11-11 12:15:53', NULL, NULL),
	(140, '201411226', '19980911', '1', NULL, NULL, 1, '2014-11-11 12:15:53', NULL, NULL),
	(141, '201411227', '19981006', '1', NULL, NULL, 1, '2014-11-11 12:15:53', NULL, NULL),
	(142, '201411228', '19980408', '1', NULL, NULL, 1, '2014-11-11 12:15:53', NULL, NULL),
	(143, '201411229', '19980520', '1', NULL, NULL, 1, '2014-11-11 12:15:53', NULL, NULL),
	(144, '201411230', '19981024', '1', NULL, NULL, 1, '2014-11-11 12:15:54', NULL, NULL),
	(145, '201411231', '20000304', '1', NULL, NULL, 1, '2014-11-11 12:15:54', NULL, NULL),
	(146, '201411232', '19990306', '1', NULL, NULL, 1, '2014-11-11 12:15:54', NULL, NULL),
	(147, '201411233', '19990702', '1', NULL, NULL, 1, '2014-11-11 12:15:54', NULL, NULL),
	(148, '201411234', '19990116', '1', NULL, NULL, 1, '2014-11-11 12:15:54', NULL, NULL),
	(149, '201411235', '19990505', '1', NULL, NULL, 1, '2014-11-11 12:15:54', NULL, NULL),
	(150, '201411236', '19980822', '1', NULL, NULL, 1, '2014-11-11 12:15:54', NULL, NULL),
	(151, '201411237', '19990724', '1', NULL, NULL, 1, '2014-11-11 12:15:54', NULL, NULL),
	(152, '201411238', '20000229', '1', NULL, NULL, 1, '2014-11-11 12:15:54', NULL, NULL),
	(153, '201411239', '20000601', '1', NULL, NULL, 1, '2014-11-11 12:15:54', NULL, NULL),
	(154, '201411240', '19961029', '1', NULL, NULL, 1, '2014-11-11 12:15:54', NULL, NULL),
	(155, '201411241', '19990918', '1', NULL, NULL, 1, '2014-11-11 12:15:54', NULL, NULL),
	(156, '201411242', '20000726', '1', NULL, NULL, 1, '2014-11-11 12:15:54', NULL, NULL),
	(157, '201411243', '19991022', '1', NULL, NULL, 1, '2014-11-11 12:15:54', NULL, NULL),
	(158, '201411244', '19990927', '1', NULL, NULL, 1, '2014-11-11 12:15:54', NULL, NULL),
	(159, '201411245', '19990303', '1', NULL, NULL, 1, '2014-11-11 12:15:54', NULL, NULL),
	(160, '201411246', '19981212', '1', NULL, NULL, 1, '2014-11-11 12:15:54', NULL, NULL),
	(161, '201411247', '19990715', '1', NULL, NULL, 1, '2014-11-11 12:15:54', NULL, NULL),
	(162, '201411248', '19991114', '1', NULL, NULL, 1, '2014-11-11 12:15:54', NULL, NULL),
	(163, '201411249', '19990102', '1', NULL, NULL, 1, '2014-11-11 12:15:54', NULL, NULL),
	(164, '201411250', '19990813', '1', NULL, NULL, 1, '2014-11-11 12:15:54', NULL, NULL),
	(165, '201411251', '19981031', '1', NULL, NULL, 1, '2014-11-11 12:15:54', NULL, NULL),
	(166, '201411252', '19981011', '1', NULL, NULL, 1, '2014-11-11 12:15:54', NULL, NULL),
	(167, '201411253', '19990130', '1', NULL, NULL, 1, '2014-11-11 12:15:54', NULL, NULL),
	(168, '201411254', '19990910', '1', NULL, NULL, 1, '2014-11-11 12:15:54', NULL, NULL),
	(169, '201411255', '19970915', '1', NULL, NULL, 1, '2014-11-11 12:15:54', NULL, NULL),
	(170, '201411256', '19990903', '1', NULL, NULL, 1, '2014-11-11 12:15:54', NULL, NULL),
	(171, '201411257', '19981007', '1', NULL, NULL, 1, '2014-11-11 12:15:54', NULL, NULL),
	(172, '201411258', '20000522', '1', NULL, NULL, 1, '2014-11-11 12:15:54', NULL, NULL),
	(173, '201411259', '20000127', '1', NULL, NULL, 1, '2014-11-11 12:15:54', NULL, NULL),
	(174, '201411260', '19980604', '1', NULL, NULL, 1, '2014-11-11 12:15:55', NULL, NULL),
	(175, '201411261', '19980929', '1', NULL, NULL, 1, '2014-11-11 12:15:55', NULL, NULL),
	(176, '201411262', '19970722', '1', NULL, NULL, 1, '2014-11-11 12:15:55', NULL, NULL),
	(177, '201411263', '19990929', '1', NULL, NULL, 1, '2014-11-11 12:15:55', NULL, NULL),
	(178, '201411264', '20000101', '1', NULL, NULL, 1, '2014-11-11 12:15:55', NULL, NULL),
	(179, '201411265', '19980926', '1', NULL, NULL, 1, '2014-11-11 12:15:55', NULL, NULL),
	(180, '201411266', '19981223', '1', NULL, NULL, 1, '2014-11-11 12:15:55', NULL, NULL),
	(181, '201411267', '19980402', '1', NULL, NULL, 1, '2014-11-11 12:15:55', NULL, NULL),
	(182, '201411268', '19990312', '1', NULL, NULL, 1, '2014-11-11 12:15:55', NULL, NULL),
	(183, '201411269', '19971108', '1', NULL, NULL, 1, '2014-11-11 12:15:55', NULL, NULL),
	(184, '201411270', '19981205', '1', NULL, NULL, 1, '2014-11-11 12:15:55', NULL, NULL),
	(185, '201411271', '19990720', '1', NULL, NULL, 1, '2014-11-11 12:15:55', NULL, NULL),
	(186, '201411001', '19990816', '1', NULL, NULL, 1, '2014-11-11 12:41:46', NULL, NULL),
	(187, '201411002', '19980711', '1', NULL, NULL, 1, '2014-11-11 12:41:47', NULL, NULL),
	(188, '201411003', '19980926', '1', NULL, NULL, 1, '2014-11-11 12:41:47', NULL, NULL),
	(189, '201411004', '19970424', '1', NULL, NULL, 1, '2014-11-11 12:41:47', NULL, NULL),
	(190, '201411005', '19990826', '1', NULL, NULL, 1, '2014-11-11 12:41:47', NULL, NULL),
	(191, '201411006', '19970915', '1', NULL, NULL, 1, '2014-11-11 12:41:47', NULL, NULL),
	(192, '201411007', '19990829', '1', NULL, NULL, 1, '2014-11-11 12:41:47', NULL, NULL),
	(193, '201411008', '19991130', '1', NULL, NULL, 1, '2014-11-11 12:41:47', NULL, NULL),
	(194, '201411009', '19990520', '1', NULL, NULL, 1, '2014-11-11 12:41:47', NULL, NULL),
	(195, '201411010', '19991117', '1', NULL, NULL, 1, '2014-11-11 12:41:47', NULL, NULL),
	(196, '201411011', '20000623', '1', NULL, NULL, 1, '2014-11-11 12:41:47', NULL, NULL),
	(197, '201411012', '19971143', '1', NULL, NULL, 1, '2014-11-11 12:41:47', NULL, NULL),
	(198, '201411013', '19990516', '1', NULL, NULL, 1, '2014-11-11 12:41:47', NULL, NULL),
	(199, '201411014', '19980928', '1', NULL, NULL, 1, '2014-11-11 12:41:47', NULL, NULL),
	(200, '201411015', '19981008', '1', NULL, NULL, 1, '2014-11-11 12:41:47', NULL, NULL),
	(201, '201411016', '19990324', '1', NULL, NULL, 1, '2014-11-11 12:41:47', NULL, NULL),
	(202, '201411017', '19990704', '1', NULL, NULL, 1, '2014-11-11 12:41:47', NULL, NULL),
	(203, '201411018', '99911306', '1', NULL, NULL, 1, '2014-11-11 12:41:47', NULL, NULL),
	(204, '201411019', '19990930', '1', NULL, NULL, 1, '2014-11-11 12:41:47', NULL, NULL),
	(205, '201411020', '19990801', '1', NULL, NULL, 1, '2014-11-11 12:41:47', NULL, NULL),
	(206, '201411021', '19990719', '1', NULL, NULL, 1, '2014-11-11 12:41:47', NULL, NULL),
	(207, '201411022', '19971115', '1', NULL, NULL, 1, '2014-11-11 12:41:47', NULL, NULL),
	(208, '201411023', '19990322', '1', NULL, NULL, 1, '2014-11-11 12:41:47', NULL, NULL),
	(209, '201411024', '19980515', '1', NULL, NULL, 1, '2014-11-11 12:41:47', NULL, NULL),
	(210, '201411025', '19991005', '1', NULL, NULL, 1, '2014-11-11 12:41:47', NULL, NULL),
	(211, '201411026', '19981130', '1', NULL, NULL, 1, '2014-11-11 12:41:47', NULL, NULL),
	(212, '201411027', '19980625', '1', NULL, NULL, 1, '2014-11-11 12:41:47', NULL, NULL),
	(213, '201411028', '19991221', '1', NULL, NULL, 1, '2014-11-11 12:41:47', NULL, NULL),
	(214, '201411029', '19980906', '1', NULL, NULL, 1, '2014-11-11 12:41:47', NULL, NULL),
	(215, '201411030', '19990420', '1', NULL, NULL, 1, '2014-11-11 12:41:47', NULL, NULL),
	(216, '201411031', '19981219', '1', NULL, NULL, 1, '2014-11-11 12:41:47', NULL, NULL),
	(217, '201411032', '19990321', '1', NULL, NULL, 1, '2014-11-11 12:41:47', NULL, NULL),
	(218, '201411033', '19980416', '1', NULL, NULL, 1, '2014-11-11 12:41:47', NULL, NULL),
	(219, '201411034', '19990905', '1', NULL, NULL, 1, '2014-11-11 12:41:47', NULL, NULL),
	(220, '201411035', '19990103', '1', NULL, NULL, 1, '2014-11-11 12:41:47', NULL, NULL),
	(221, '201411036', '19991127', '1', NULL, NULL, 1, '2014-11-11 12:41:47', NULL, NULL),
	(222, '201411037', '19990520', '1', NULL, NULL, 1, '2014-11-11 12:41:47', NULL, NULL),
	(223, '201411038', '19980722', '1', NULL, NULL, 1, '2014-11-11 12:41:47', NULL, NULL),
	(224, '201411039', '19990807', '1', NULL, NULL, 1, '2014-11-11 12:41:47', NULL, NULL),
	(225, '201411040', '20000402', '1', NULL, NULL, 1, '2014-11-11 12:41:47', NULL, NULL),
	(226, '201411041', '19970918', '1', NULL, NULL, 1, '2014-11-11 12:41:47', NULL, NULL),
	(227, '201411042', '19990703', '1', NULL, NULL, 1, '2014-11-11 12:41:47', NULL, NULL),
	(228, '201411043', '09991105', '1', NULL, NULL, 1, '2014-11-11 12:41:47', NULL, NULL),
	(229, '201411044', '19991212', '1', NULL, NULL, 1, '2014-11-11 12:41:47', NULL, NULL),
	(230, '201411045', '19991209', '1', NULL, NULL, 1, '2014-11-11 12:41:47', NULL, NULL),
	(231, '201411046', '99911154', '1', NULL, NULL, 1, '2014-11-11 12:41:47', NULL, NULL),
	(232, '201411047', '19981216', '1', NULL, NULL, 1, '2014-11-11 12:41:47', NULL, NULL),
	(233, '201411048', '19981018', '1', NULL, NULL, 1, '2014-11-11 12:41:47', NULL, NULL),
	(234, '201411049', '20000208', '1', NULL, NULL, 1, '2014-11-11 12:41:47', NULL, NULL),
	(235, '201411050', '19981231', '1', NULL, NULL, 1, '2014-11-11 12:41:47', NULL, NULL),
	(236, '201411051', '19990901', '1', NULL, NULL, 1, '2014-11-11 12:41:48', NULL, NULL),
	(237, '201411052', '19990901', '1', NULL, NULL, 1, '2014-11-11 12:41:48', NULL, NULL),
	(238, '201411053', '19980808', '1', NULL, NULL, 1, '2014-11-11 12:41:48', NULL, NULL),
	(239, '201411054', '19980727', '1', NULL, NULL, 1, '2014-11-11 12:41:48', NULL, NULL),
	(240, '201411055', '88888888', '1', NULL, NULL, 1, '2014-11-11 12:41:48', NULL, NULL),
	(241, '201411056', '19980913', '1', NULL, NULL, 1, '2014-11-11 12:41:48', NULL, NULL),
	(242, '201411057', '88888888', '1', NULL, NULL, 1, '2014-11-11 12:41:48', NULL, NULL),
	(243, '201411058', '19971025', '1', NULL, NULL, 1, '2014-11-11 12:41:48', NULL, NULL),
	(244, '201411059', '19981102', '1', NULL, NULL, 1, '2014-11-11 12:41:48', NULL, NULL),
	(245, '201411060', '19991201', '1', NULL, NULL, 1, '2014-11-11 12:41:48', NULL, NULL),
	(246, '201411061', '19981220', '1', NULL, NULL, 1, '2014-11-11 12:41:48', NULL, NULL),
	(247, '201411062', '19991228', '1', NULL, NULL, 1, '2014-11-11 12:41:48', NULL, NULL),
	(248, '201411063', '19990709', '1', NULL, NULL, 1, '2014-11-11 12:41:48', NULL, NULL),
	(249, '201411064', '19980412', '1', NULL, NULL, 1, '2014-11-11 12:41:48', NULL, NULL),
	(250, '201411065', '19980715', '1', NULL, NULL, 1, '2014-11-11 12:41:48', NULL, NULL),
	(252, '420984198605252712', '19860525', '1', '2014-11-12 14:15:49', NULL, 1, '2014-11-12 14:15:25', NULL, NULL);
/*!40000 ALTER TABLE `t_users` ENABLE KEYS */;


-- Dumping structure for table xsglxtsql.t_user_roles
DROP TABLE IF EXISTS `t_user_roles`;
CREATE TABLE IF NOT EXISTS `t_user_roles` (
  `ID` int(10) unsigned NOT NULL AUTO_INCREMENT COMMENT 'ID',
  `user_id` int(10) unsigned NOT NULL COMMENT '用户ID',
  `role_id` int(10) unsigned NOT NULL COMMENT '角色ID',
  `create_user` int(10) NOT NULL DEFAULT '0',
  `create_time` timestamp NOT NULL DEFAULT CURRENT_TIMESTAMP ON UPDATE CURRENT_TIMESTAMP,
  `update_user` int(10) unsigned DEFAULT NULL,
  `update_time` timestamp NULL DEFAULT NULL,
  PRIMARY KEY (`ID`),
  KEY `FK_t_user_roles_m_roles` (`role_id`),
  KEY `user_id_role_id` (`user_id`,`role_id`),
  CONSTRAINT `FK_t_user_roles_m_roles` FOREIGN KEY (`role_id`) REFERENCES `m_roles` (`ID`),
  CONSTRAINT `FK_t_user_roles_t_users` FOREIGN KEY (`user_id`) REFERENCES `t_users` (`ID`)
) ENGINE=InnoDB AUTO_INCREMENT=247 DEFAULT CHARSET=utf8 COLLATE=utf8_bin COMMENT='用户角色表';

-- Dumping data for table xsglxtsql.t_user_roles: ~213 rows (approximately)
DELETE FROM `t_user_roles`;
/*!40000 ALTER TABLE `t_user_roles` DISABLE KEYS */;
INSERT INTO `t_user_roles` (`ID`, `user_id`, `role_id`, `create_user`, `create_time`, `update_user`, `update_time`) VALUES
	(1, 1, 5, 0, '2014-11-10 17:21:36', NULL, NULL),
	(32, 40, 1, 1, '2014-11-10 17:27:44', NULL, NULL),
	(33, 41, 1, 1, '2014-11-10 17:27:44', NULL, NULL),
	(34, 42, 1, 1, '2014-11-10 17:27:44', NULL, NULL),
	(35, 43, 1, 1, '2014-11-10 17:27:44', NULL, NULL),
	(36, 44, 1, 1, '2014-11-10 17:27:44', NULL, NULL),
	(37, 45, 1, 1, '2014-11-10 17:27:44', NULL, NULL),
	(38, 46, 1, 1, '2014-11-10 17:27:45', NULL, NULL),
	(39, 47, 1, 1, '2014-11-10 17:27:45', NULL, NULL),
	(40, 48, 1, 1, '2014-11-10 17:27:45', NULL, NULL),
	(41, 49, 1, 1, '2014-11-10 17:27:45', NULL, NULL),
	(42, 50, 1, 1, '2014-11-10 17:27:45', NULL, NULL),
	(43, 51, 1, 1, '2014-11-10 17:27:45', NULL, NULL),
	(44, 52, 1, 1, '2014-11-10 17:27:45', NULL, NULL),
	(45, 53, 1, 1, '2014-11-10 17:27:45', NULL, NULL),
	(46, 54, 1, 1, '2014-11-10 17:27:45', NULL, NULL),
	(47, 55, 1, 1, '2014-11-10 17:27:45', NULL, NULL),
	(48, 56, 1, 1, '2014-11-10 17:27:45', NULL, NULL),
	(49, 57, 1, 1, '2014-11-10 17:27:45', NULL, NULL),
	(50, 58, 1, 1, '2014-11-10 17:27:45', NULL, NULL),
	(51, 59, 1, 1, '2014-11-10 17:27:45', NULL, NULL),
	(52, 60, 1, 1, '2014-11-10 17:27:45', NULL, NULL),
	(53, 61, 1, 1, '2014-11-10 17:27:45', NULL, NULL),
	(54, 62, 1, 1, '2014-11-10 17:27:45', NULL, NULL),
	(55, 63, 1, 1, '2014-11-10 17:27:45', NULL, NULL),
	(56, 64, 1, 1, '2014-11-10 17:27:45', NULL, NULL),
	(57, 65, 1, 1, '2014-11-10 17:27:45', NULL, NULL),
	(58, 66, 1, 1, '2014-11-10 17:27:45', NULL, NULL),
	(59, 67, 1, 1, '2014-11-10 17:27:45', NULL, NULL),
	(60, 68, 1, 1, '2014-11-10 17:27:45', NULL, NULL),
	(61, 69, 1, 1, '2014-11-10 17:27:45', NULL, NULL),
	(62, 70, 1, 1, '2014-11-10 17:27:45', NULL, NULL),
	(63, 71, 1, 1, '2014-11-10 17:27:45', NULL, NULL),
	(64, 72, 1, 1, '2014-11-10 17:27:45', NULL, NULL),
	(65, 73, 1, 1, '2014-11-10 17:27:45', NULL, NULL),
	(66, 74, 1, 1, '2014-11-10 17:27:45', NULL, NULL),
	(67, 75, 1, 1, '2014-11-10 17:27:45', NULL, NULL),
	(68, 76, 1, 1, '2014-11-10 17:27:45', NULL, NULL),
	(69, 77, 1, 1, '2014-11-10 17:27:45', NULL, NULL),
	(70, 78, 1, 1, '2014-11-10 17:27:45', NULL, NULL),
	(71, 79, 1, 1, '2014-11-10 17:27:45', NULL, NULL),
	(72, 80, 1, 1, '2014-11-10 17:27:45', NULL, NULL),
	(73, 81, 1, 1, '2014-11-10 17:27:45', NULL, NULL),
	(74, 82, 1, 1, '2014-11-10 17:27:45', NULL, NULL),
	(75, 83, 1, 1, '2014-11-10 17:27:45', NULL, NULL),
	(76, 84, 1, 1, '2014-11-10 17:27:45', NULL, NULL),
	(77, 85, 1, 1, '2014-11-10 17:27:45', NULL, NULL),
	(78, 86, 1, 1, '2014-11-10 17:27:45', NULL, NULL),
	(79, 87, 1, 1, '2014-11-10 17:27:45', NULL, NULL),
	(80, 88, 1, 1, '2014-11-10 17:27:45', NULL, NULL),
	(81, 89, 1, 1, '2014-11-10 17:27:45', NULL, NULL),
	(82, 90, 1, 1, '2014-11-10 17:27:45', NULL, NULL),
	(83, 91, 1, 1, '2014-11-10 17:27:45', NULL, NULL),
	(84, 92, 1, 1, '2014-11-10 17:27:45', NULL, NULL),
	(85, 93, 1, 1, '2014-11-10 17:27:45', NULL, NULL),
	(86, 94, 1, 1, '2014-11-10 17:27:45', NULL, NULL),
	(87, 95, 1, 1, '2014-11-10 17:27:45', NULL, NULL),
	(88, 96, 1, 1, '2014-11-10 17:27:45', NULL, NULL),
	(89, 97, 1, 1, '2014-11-10 17:27:45', NULL, NULL),
	(90, 98, 1, 1, '2014-11-10 17:27:45', NULL, NULL),
	(91, 99, 1, 1, '2014-11-10 17:27:45', NULL, NULL),
	(92, 100, 1, 1, '2014-11-10 17:27:45', NULL, NULL),
	(93, 101, 1, 1, '2014-11-10 17:27:45', NULL, NULL),
	(94, 102, 1, 1, '2014-11-10 17:27:45', NULL, NULL),
	(95, 103, 1, 1, '2014-11-10 17:27:45', NULL, NULL),
	(96, 104, 1, 1, '2014-11-10 17:27:45', NULL, NULL),
	(97, 105, 1, 1, '2014-11-10 17:27:45', NULL, NULL),
	(98, 106, 1, 1, '2014-11-10 17:27:45', NULL, NULL),
	(99, 107, 1, 1, '2014-11-10 17:27:45', NULL, NULL),
	(100, 108, 2, 1, '2014-11-10 18:15:12', 1, '2014-11-10 18:15:12'),
	(101, 109, 2, 1, '2014-11-10 18:16:00', 1, '2014-11-10 18:16:00'),
	(102, 110, 2, 1, '2014-11-10 18:16:34', 1, '2014-11-10 18:16:34'),
	(103, 111, 2, 1, '2014-11-10 18:17:04', 1, '2014-11-10 18:17:04'),
	(104, 112, 2, 1, '2014-11-10 18:17:31', 1, '2014-11-10 18:17:31'),
	(105, 113, 2, 1, '2014-11-10 18:18:00', 1, '2014-11-10 18:18:00'),
	(106, 114, 1, 1, '2014-11-11 10:41:39', NULL, NULL),
	(107, 115, 1, 1, '2014-11-11 12:15:52', NULL, NULL),
	(108, 116, 1, 1, '2014-11-11 12:15:52', NULL, NULL),
	(109, 117, 1, 1, '2014-11-11 12:15:52', NULL, NULL),
	(110, 118, 1, 1, '2014-11-11 12:15:52', NULL, NULL),
	(111, 119, 1, 1, '2014-11-11 12:15:52', NULL, NULL),
	(112, 120, 1, 1, '2014-11-11 12:15:52', NULL, NULL),
	(113, 121, 1, 1, '2014-11-11 12:15:52', NULL, NULL),
	(114, 122, 1, 1, '2014-11-11 12:15:52', NULL, NULL),
	(115, 123, 1, 1, '2014-11-11 12:15:53', NULL, NULL),
	(116, 124, 1, 1, '2014-11-11 12:15:53', NULL, NULL),
	(117, 125, 1, 1, '2014-11-11 12:15:53', NULL, NULL),
	(118, 126, 1, 1, '2014-11-11 12:15:53', NULL, NULL),
	(119, 127, 1, 1, '2014-11-11 12:15:53', NULL, NULL),
	(120, 128, 1, 1, '2014-11-11 12:15:53', NULL, NULL),
	(121, 129, 1, 1, '2014-11-11 12:15:53', NULL, NULL),
	(122, 130, 1, 1, '2014-11-11 12:15:53', NULL, NULL),
	(123, 131, 1, 1, '2014-11-11 12:15:53', NULL, NULL),
	(124, 132, 1, 1, '2014-11-11 12:15:53', NULL, NULL),
	(125, 133, 1, 1, '2014-11-11 12:15:53', NULL, NULL),
	(126, 134, 1, 1, '2014-11-11 12:15:53', NULL, NULL),
	(127, 135, 1, 1, '2014-11-11 12:15:53', NULL, NULL),
	(128, 136, 1, 1, '2014-11-11 12:15:53', NULL, NULL),
	(129, 137, 1, 1, '2014-11-11 12:15:53', NULL, NULL),
	(130, 138, 1, 1, '2014-11-11 12:15:53', NULL, NULL),
	(131, 139, 1, 1, '2014-11-11 12:15:53', NULL, NULL),
	(132, 140, 1, 1, '2014-11-11 12:15:53', NULL, NULL),
	(133, 141, 1, 1, '2014-11-11 12:15:53', NULL, NULL),
	(134, 142, 1, 1, '2014-11-11 12:15:53', NULL, NULL),
	(135, 143, 1, 1, '2014-11-11 12:15:53', NULL, NULL),
	(136, 144, 1, 1, '2014-11-11 12:15:54', NULL, NULL),
	(137, 145, 1, 1, '2014-11-11 12:15:54', NULL, NULL),
	(138, 146, 1, 1, '2014-11-11 12:15:54', NULL, NULL),
	(139, 147, 1, 1, '2014-11-11 12:15:54', NULL, NULL),
	(140, 148, 1, 1, '2014-11-11 12:15:54', NULL, NULL),
	(141, 149, 1, 1, '2014-11-11 12:15:54', NULL, NULL),
	(142, 150, 1, 1, '2014-11-11 12:15:54', NULL, NULL),
	(143, 151, 1, 1, '2014-11-11 12:15:54', NULL, NULL),
	(144, 152, 1, 1, '2014-11-11 12:15:54', NULL, NULL),
	(145, 153, 1, 1, '2014-11-11 12:15:54', NULL, NULL),
	(146, 154, 1, 1, '2014-11-11 12:15:54', NULL, NULL),
	(147, 155, 1, 1, '2014-11-11 12:15:54', NULL, NULL),
	(148, 156, 1, 1, '2014-11-11 12:15:54', NULL, NULL),
	(149, 157, 1, 1, '2014-11-11 12:15:54', NULL, NULL),
	(150, 158, 1, 1, '2014-11-11 12:15:54', NULL, NULL),
	(151, 159, 1, 1, '2014-11-11 12:15:54', NULL, NULL),
	(152, 160, 1, 1, '2014-11-11 12:15:54', NULL, NULL),
	(153, 161, 1, 1, '2014-11-11 12:15:54', NULL, NULL),
	(154, 162, 1, 1, '2014-11-11 12:15:54', NULL, NULL),
	(155, 163, 1, 1, '2014-11-11 12:15:54', NULL, NULL),
	(156, 164, 1, 1, '2014-11-11 12:15:54', NULL, NULL),
	(157, 165, 1, 1, '2014-11-11 12:15:54', NULL, NULL),
	(158, 166, 1, 1, '2014-11-11 12:15:54', NULL, NULL),
	(159, 167, 1, 1, '2014-11-11 12:15:54', NULL, NULL),
	(160, 168, 1, 1, '2014-11-11 12:15:54', NULL, NULL),
	(161, 169, 1, 1, '2014-11-11 12:15:54', NULL, NULL),
	(162, 170, 1, 1, '2014-11-11 12:15:54', NULL, NULL),
	(163, 171, 1, 1, '2014-11-11 12:15:54', NULL, NULL),
	(164, 172, 1, 1, '2014-11-11 12:15:54', NULL, NULL),
	(165, 173, 1, 1, '2014-11-11 12:15:55', NULL, NULL),
	(166, 174, 1, 1, '2014-11-11 12:15:55', NULL, NULL),
	(167, 175, 1, 1, '2014-11-11 12:15:55', NULL, NULL),
	(168, 176, 1, 1, '2014-11-11 12:15:55', NULL, NULL),
	(169, 177, 1, 1, '2014-11-11 12:15:55', NULL, NULL),
	(170, 178, 1, 1, '2014-11-11 12:15:55', NULL, NULL),
	(171, 179, 1, 1, '2014-11-11 12:15:55', NULL, NULL),
	(172, 180, 1, 1, '2014-11-11 12:15:55', NULL, NULL),
	(173, 181, 1, 1, '2014-11-11 12:15:55', NULL, NULL),
	(174, 182, 1, 1, '2014-11-11 12:15:55', NULL, NULL),
	(175, 183, 1, 1, '2014-11-11 12:15:55', NULL, NULL),
	(176, 184, 1, 1, '2014-11-11 12:15:55', NULL, NULL),
	(177, 185, 1, 1, '2014-11-11 12:15:55', NULL, NULL),
	(178, 186, 1, 1, '2014-11-11 12:41:47', NULL, NULL),
	(179, 187, 1, 1, '2014-11-11 12:41:47', NULL, NULL),
	(180, 188, 1, 1, '2014-11-11 12:41:47', NULL, NULL),
	(181, 189, 1, 1, '2014-11-11 12:41:47', NULL, NULL),
	(182, 190, 1, 1, '2014-11-11 12:41:47', NULL, NULL),
	(183, 191, 1, 1, '2014-11-11 12:41:47', NULL, NULL),
	(184, 192, 1, 1, '2014-11-11 12:41:47', NULL, NULL),
	(185, 193, 1, 1, '2014-11-11 12:41:47', NULL, NULL),
	(186, 194, 1, 1, '2014-11-11 12:41:47', NULL, NULL),
	(187, 195, 1, 1, '2014-11-11 12:41:47', NULL, NULL),
	(188, 196, 1, 1, '2014-11-11 12:41:47', NULL, NULL),
	(189, 197, 1, 1, '2014-11-11 12:41:47', NULL, NULL),
	(190, 198, 1, 1, '2014-11-11 12:41:47', NULL, NULL),
	(191, 199, 1, 1, '2014-11-11 12:41:47', NULL, NULL),
	(192, 200, 1, 1, '2014-11-11 12:41:47', NULL, NULL),
	(193, 201, 1, 1, '2014-11-11 12:41:47', NULL, NULL),
	(194, 202, 1, 1, '2014-11-11 12:41:47', NULL, NULL),
	(195, 203, 1, 1, '2014-11-11 12:41:47', NULL, NULL),
	(196, 204, 1, 1, '2014-11-11 12:41:47', NULL, NULL),
	(197, 205, 1, 1, '2014-11-11 12:41:47', NULL, NULL),
	(198, 206, 1, 1, '2014-11-11 12:41:47', NULL, NULL),
	(199, 207, 1, 1, '2014-11-11 12:41:47', NULL, NULL),
	(200, 208, 1, 1, '2014-11-11 12:41:47', NULL, NULL),
	(201, 209, 1, 1, '2014-11-11 12:41:47', NULL, NULL),
	(202, 210, 1, 1, '2014-11-11 12:41:47', NULL, NULL),
	(203, 211, 1, 1, '2014-11-11 12:41:47', NULL, NULL),
	(204, 212, 1, 1, '2014-11-11 12:41:47', NULL, NULL),
	(205, 213, 1, 1, '2014-11-11 12:41:47', NULL, NULL),
	(206, 214, 1, 1, '2014-11-11 12:41:47', NULL, NULL),
	(207, 215, 1, 1, '2014-11-11 12:41:47', NULL, NULL),
	(208, 216, 1, 1, '2014-11-11 12:41:47', NULL, NULL),
	(209, 217, 1, 1, '2014-11-11 12:41:47', NULL, NULL),
	(210, 218, 1, 1, '2014-11-11 12:41:47', NULL, NULL),
	(211, 219, 1, 1, '2014-11-11 12:41:47', NULL, NULL),
	(212, 220, 1, 1, '2014-11-11 12:41:47', NULL, NULL),
	(213, 221, 1, 1, '2014-11-11 12:41:47', NULL, NULL),
	(214, 222, 1, 1, '2014-11-11 12:41:47', NULL, NULL),
	(215, 223, 1, 1, '2014-11-11 12:41:47', NULL, NULL),
	(216, 224, 1, 1, '2014-11-11 12:41:47', NULL, NULL),
	(217, 225, 1, 1, '2014-11-11 12:41:47', NULL, NULL),
	(218, 226, 1, 1, '2014-11-11 12:41:47', NULL, NULL),
	(219, 227, 1, 1, '2014-11-11 12:41:47', NULL, NULL),
	(220, 228, 1, 1, '2014-11-11 12:41:47', NULL, NULL),
	(221, 229, 1, 1, '2014-11-11 12:41:47', NULL, NULL),
	(222, 230, 1, 1, '2014-11-11 12:41:47', NULL, NULL),
	(223, 231, 1, 1, '2014-11-11 12:41:47', NULL, NULL),
	(224, 232, 1, 1, '2014-11-11 12:41:47', NULL, NULL),
	(225, 233, 1, 1, '2014-11-11 12:41:47', NULL, NULL),
	(226, 234, 1, 1, '2014-11-11 12:41:47', NULL, NULL),
	(227, 235, 1, 1, '2014-11-11 12:41:48', NULL, NULL),
	(228, 236, 1, 1, '2014-11-11 12:41:48', NULL, NULL),
	(229, 237, 1, 1, '2014-11-11 12:41:48', NULL, NULL),
	(230, 238, 1, 1, '2014-11-11 12:41:48', NULL, NULL),
	(231, 239, 1, 1, '2014-11-11 12:41:48', NULL, NULL),
	(232, 240, 1, 1, '2014-11-11 12:41:48', NULL, NULL),
	(233, 241, 1, 1, '2014-11-11 12:41:48', NULL, NULL),
	(234, 242, 1, 1, '2014-11-11 12:41:48', NULL, NULL),
	(235, 243, 1, 1, '2014-11-11 12:41:48', NULL, NULL),
	(236, 244, 1, 1, '2014-11-11 12:41:48', NULL, NULL),
	(237, 245, 1, 1, '2014-11-11 12:41:48', NULL, NULL),
	(238, 246, 1, 1, '2014-11-11 12:41:48', NULL, NULL),
	(239, 247, 1, 1, '2014-11-11 12:41:48', NULL, NULL),
	(240, 248, 1, 1, '2014-11-11 12:41:48', NULL, NULL),
	(241, 249, 1, 1, '2014-11-11 12:41:48', NULL, NULL),
	(242, 250, 1, 1, '2014-11-11 12:41:48', NULL, NULL),
	(246, 252, 2, 1, '2014-11-12 14:28:59', NULL, NULL);
/*!40000 ALTER TABLE `t_user_roles` ENABLE KEYS */;
/*!40101 SET SQL_MODE=IFNULL(@OLD_SQL_MODE, '') */;
/*!40014 SET FOREIGN_KEY_CHECKS=IF(@OLD_FOREIGN_KEY_CHECKS IS NULL, 1, @OLD_FOREIGN_KEY_CHECKS) */;
/*!40101 SET CHARACTER_SET_CLIENT=@OLD_CHARACTER_SET_CLIENT */;
