-- --------------------------------------------------------
-- ホスト:                          127.0.0.1
-- Server version:               5.6.20 - MySQL Community Server (GPL)
-- Server OS:                    Win32
-- HeidiSQL バージョン:               7.0.0.4389
-- --------------------------------------------------------

/*!40101 SET @OLD_CHARACTER_SET_CLIENT=@@CHARACTER_SET_CLIENT */;
/*!40101 SET NAMES utf8 */;
/*!40014 SET @OLD_FOREIGN_KEY_CHECKS=@@FOREIGN_KEY_CHECKS, FOREIGN_KEY_CHECKS=0 */;
/*!40101 SET @OLD_SQL_MODE=@@SQL_MODE, SQL_MODE='NO_AUTO_VALUE_ON_ZERO' */;

-- Dumping database structure for xsglxtsql
DROP DATABASE IF EXISTS `xsglxtsql`;
CREATE DATABASE IF NOT EXISTS `xsglxtsql` /*!40100 DEFAULT CHARACTER SET utf8 COLLATE utf8_bin */;
USE `xsglxtsql`;


-- Dumping structure for table xsglxtsql.m_authoritys
DROP TABLE IF EXISTS `m_authoritys`;
CREATE TABLE IF NOT EXISTS `m_authoritys` (
  `ID` int(10) unsigned NOT NULL AUTO_INCREMENT COMMENT 'ID',
  `authority_name` char(50) COLLATE utf8_bin NOT NULL COMMENT '权限名称',
  `category` char(10) COLLATE utf8_bin DEFAULT NULL COMMENT '权限分类',
  `status` char(1) COLLATE utf8_bin NOT NULL DEFAULT '1' COMMENT '状态',
  `level` int(11) DEFAULT NULL COMMENT '排序用',
  `access_path` char(100) COLLATE utf8_bin DEFAULT NULL COMMENT '访问路径',
  `create_user` int(10) unsigned NOT NULL DEFAULT '0',
  `create_time` timestamp NOT NULL DEFAULT CURRENT_TIMESTAMP,
  `update_user` int(10) unsigned DEFAULT NULL,
  `update_time` timestamp NULL DEFAULT NULL,
  PRIMARY KEY (`ID`),
  KEY `access_path` (`access_path`)
) ENGINE=InnoDB AUTO_INCREMENT=47 DEFAULT CHARSET=utf8 COLLATE=utf8_bin;

-- Dumping data for table xsglxtsql.m_authoritys: ~44 rows (approximately)
DELETE FROM `m_authoritys`;
/*!40000 ALTER TABLE `m_authoritys` DISABLE KEYS */;
INSERT INTO `m_authoritys` (`ID`, `authority_name`, `category`, `status`, `level`, `access_path`, `create_user`, `create_time`, `update_user`, `update_time`) VALUES
	(1, '个人信息修改', 'OTHER', '1', 1, 'setting/profile', 0, '2014-10-08 11:08:01', 0, '2014-10-08 11:08:01'),
	(2, '密码变更', 'OTHER', '1', 2, 'setting/password', 0, '2014-10-08 11:08:01', 0, '2014-10-08 11:08:01'),
	(10, '学生添加', 'STUDENT', '1', 1, 'student/create', 0, '2014-10-08 11:01:20', 0, '2014-10-08 11:01:20'),
	(11, '学生检索', 'STUDENT', '1', 2, 'student/search', 0, '2014-10-08 10:59:44', 0, '2014-10-08 10:59:44'),
	(12, '学生更新', 'STUDENT', '1', 3, 'student/update', 0, '2014-10-08 10:59:44', 0, '2014-10-08 10:59:44'),
	(13, '学生删除', 'STUDENT', '1', 4, 'student/delete', 0, '2014-10-08 10:59:44', 0, '2014-10-08 10:59:44'),
	(14, '学生信息导入', 'STUDENT', '1', 5, 'student/import', 0, '2014-10-09 15:55:34', 0, '2014-10-09 15:55:34'),
	(15, '任教班级学生', 'STUDENT', '1', 6, 'student/class', 0, '2014-10-09 15:55:34', 0, '2014-10-09 15:55:34'),
	(16, '学生班级变更', 'STUDENT', '1', 7, 'student/changeClass', 0, '2014-10-09 15:55:34', 0, '2014-10-09 15:55:34'),
	(20, '教师添加', 'TEACHER', '1', 1, 'teacher/create', 0, '2014-10-08 11:02:38', 0, '2014-10-09 12:11:54'),
	(21, '教师检索', 'TEACHER', '1', 2, 'teacher/search', 0, '2014-10-08 11:01:51', 0, '2014-10-08 11:01:51'),
	(22, '教师更新', 'TEACHER', '1', 3, 'teacher/update', 0, '2014-10-08 11:01:51', 0, '2014-10-08 11:01:51'),
	(23, '教师删除', 'TEACHER', '1', 4, 'teacher/delete', 0, '2014-10-08 11:01:51', 0, '2014-10-08 11:01:51'),
	(24, '教师导入', 'TEACHER', '1', 5, 'teacher/import', 0, '2014-10-08 11:01:51', 0, '2014-10-08 11:01:51'),
	(30, '班级添加', 'CLASS', '1', 1, 'class/create', 0, '2014-10-08 11:02:38', 0, '2014-10-08 11:02:38'),
	(31, '班级检索', 'CLASS', '1', 2, 'class/search', 0, '2014-10-08 11:02:38', 0, '2014-10-08 11:02:38'),
	(32, '班级更新', 'CLASS', '1', 3, 'class/update', 0, '2014-10-08 11:02:38', 0, '2014-10-08 11:02:38'),
	(33, '班级暂停(批量)', 'CLASS', '1', 4, 'class/stopMore', 0, '2014-10-08 11:02:38', 0, '2014-10-08 11:02:38'),
	(34, '班级学生一览', 'CLASS', '1', 6, 'class/student', 0, '2014-10-10 18:05:58', 0, '2014-10-10 18:05:58'),
	(35, '班级暂停(单个)', 'CLASS', '1', 6, 'class/stopOne', 0, '2014-10-10 18:05:58', 0, '2014-10-10 18:05:58'),
	(40, '课程安排添加', 'COURSE', '1', 1, 'course/create', 0, '2014-10-08 11:05:29', 0, '2014-10-08 11:05:29'),
	(41, '课程安排检索', 'COURSE', '1', 2, 'course/search', 0, '2014-10-08 11:05:29', 0, '2014-10-08 11:05:29'),
	(42, '课程安排更新', 'COURSE', '1', 3, 'course/update', 0, '2014-10-08 11:05:29', 0, '2014-10-08 11:05:29'),
	(43, '课程安排删除', 'COURSE', '1', 4, 'course/delete', 0, '2014-10-08 11:05:29', 0, '2014-10-08 11:05:29'),
	(44, '班级课程安排', 'COURSE', '1', 5, 'course/class', 0, '2014-10-08 11:05:29', 0, '2014-10-08 11:05:29'),
	(50, '成绩添加', 'SCORE', '1', 1, 'score/create', 0, '2014-10-08 11:08:01', 0, '2014-10-08 11:08:01'),
	(51, '成绩检索', 'SCORE', '1', 2, 'score/search', 0, '2014-10-08 11:05:29', 0, '2014-10-08 11:05:29'),
	(52, '成绩更新', 'SCORE', '1', 3, 'score/update', 0, '2014-10-08 11:08:01', 0, '2014-10-08 11:08:01'),
	(53, '成绩删除', 'SCORE', '1', 4, 'score/delete', 0, '2014-10-08 11:08:01', 0, '2014-10-08 11:08:01'),
	(54, '成绩查询(学生)', 'SCORE', '1', 5, 'score/query', 0, '2014-10-09 14:26:49', 0, '2014-10-09 14:26:49'),
	(55, '班级学生成绩', 'SCORE', '1', 6, 'score/class', 1, '2014-10-24 19:56:33', 1, '2014-11-06 18:46:30'),
	(56, '成绩统计分析', 'SCORE', '1', 0, 'score/analysis', 1, '2014-11-07 12:17:41', NULL, NULL),
	(60, '角色添加', 'ROLE', '1', 1, 'role/create', 0, '2014-10-08 11:08:01', 0, '2014-10-08 11:08:01'),
	(61, '角色检索', 'ROLE', '1', 2, 'role/search', 0, '2014-10-08 11:08:01', 0, '2014-10-08 11:08:01'),
	(62, '角色更新', 'ROLE', '1', 3, 'role/update', 0, '2014-10-08 11:08:01', 0, '2014-10-08 11:08:01'),
	(63, '角色删除', 'ROLE', '1', 4, 'role/delete', 0, '2014-10-08 11:08:01', 0, '2014-10-08 11:08:01'),
	(70, '权限添加', 'AUTHORITY', '1', 1, 'authority/create', 0, '2014-10-09 14:36:44', 0, '2014-10-09 14:36:44'),
	(71, '权限检索', 'AUTHORITY', '1', 2, 'authority/search', 0, '2014-10-09 14:37:03', 0, '2014-10-09 14:37:03'),
	(72, '权限更新', 'AUTHORITY', '1', 3, 'authority/update', 0, '2014-10-09 14:36:44', 0, '2014-10-09 14:36:44'),
	(73, '权限删除', 'AUTHORITY', '1', 4, 'authority/delete', 0, '2014-10-09 14:36:44', 0, '2014-10-09 14:36:44'),
	(80, '科目添加', 'SUBJECT', '1', 1, 'subject/create', 0, '2014-10-09 14:36:44', 0, '2014-10-09 14:36:44'),
	(81, '科目检索', 'SUBJECT', '1', 2, 'subject/search', 0, '2014-10-09 14:36:44', 0, '2014-10-09 14:36:44'),
	(82, '科目更新', 'SUBJECT', '1', 3, 'subject/update', 0, '2014-10-09 14:36:44', 0, '2014-10-09 14:36:44'),
	(83, '科目删除', 'SUBJECT', '1', 4, 'subject/delete', 0, '2014-10-09 14:36:44', 0, '2014-10-09 14:36:44'),
	(90, '系统设置', 'SYSTEM', '1', 1, 'system/setting', 0, '2014-10-08 11:08:01', 0, '2014-10-08 11:08:01');
/*!40000 ALTER TABLE `m_authoritys` ENABLE KEYS */;


-- Dumping structure for table xsglxtsql.m_config
DROP TABLE IF EXISTS `m_config`;
CREATE TABLE IF NOT EXISTS `m_config` (
  `ID` int(10) unsigned NOT NULL AUTO_INCREMENT,
  `key` char(50) COLLATE utf8_bin NOT NULL COMMENT '键',
  `value` text COLLATE utf8_bin COMMENT '值',
  `comment` text COLLATE utf8_bin COMMENT '详细说明',
  PRIMARY KEY (`ID`),
  KEY `key` (`key`)
) ENGINE=InnoDB AUTO_INCREMENT=3 DEFAULT CHARSET=utf8 COLLATE=utf8_bin;

-- Dumping data for table xsglxtsql.m_config: ~2 rows (approximately)
DELETE FROM `m_config`;
/*!40000 ALTER TABLE `m_config` DISABLE KEYS */;
INSERT INTO `m_config` (`ID`, `key`, `value`, `comment`) VALUES
	(1, 'IMPORT_STUDENT_DATA_RANGE', '2014-11-17|2014-12-04', NULL);
/*!40000 ALTER TABLE `m_config` ENABLE KEYS */;


-- Dumping structure for table xsglxtsql.m_courses
DROP TABLE IF EXISTS `m_courses`;
CREATE TABLE IF NOT EXISTS `m_courses` (
  `ID` int(10) unsigned NOT NULL AUTO_INCREMENT COMMENT 'ID',
  `subject_id` int(10) unsigned NOT NULL COMMENT '科目名称',
  `teacher_id` int(10) unsigned NOT NULL COMMENT '任课教师',
  `class_id` int(10) unsigned NOT NULL COMMENT '上课班级',
  `status` char(1) COLLATE utf8_bin NOT NULL DEFAULT '1' COMMENT '状态(1:正常 2:异常)',
  `create_user` int(10) unsigned NOT NULL DEFAULT '0',
  `create_time` timestamp NOT NULL DEFAULT CURRENT_TIMESTAMP,
  `update_user` int(10) unsigned DEFAULT NULL,
  `update_time` timestamp NULL DEFAULT NULL,
  PRIMARY KEY (`ID`),
  KEY `FK_m_courses_m_subjects` (`subject_id`),
  KEY `FK_m_courses_t_teachers` (`teacher_id`),
  KEY `FK_m_courses_t_classes` (`class_id`),
  CONSTRAINT `FK_m_courses_m_subjects` FOREIGN KEY (`subject_id`) REFERENCES `m_subjects` (`ID`),
  CONSTRAINT `FK_m_courses_t_classes` FOREIGN KEY (`class_id`) REFERENCES `t_classes` (`ID`),
  CONSTRAINT `FK_m_courses_t_teachers` FOREIGN KEY (`teacher_id`) REFERENCES `t_teachers` (`ID`)
) ENGINE=InnoDB AUTO_INCREMENT=32 DEFAULT CHARSET=utf8 COLLATE=utf8_bin COMMENT='课程表';

-- Dumping data for table xsglxtsql.m_courses: ~21 rows (approximately)
DELETE FROM `m_courses`;
/*!40000 ALTER TABLE `m_courses` DISABLE KEYS */;
/*!40000 ALTER TABLE `m_courses` ENABLE KEYS */;


-- Dumping structure for table xsglxtsql.m_exams
DROP TABLE IF EXISTS `m_exams`;
CREATE TABLE IF NOT EXISTS `m_exams` (
  `ID` int(10) unsigned NOT NULL AUTO_INCREMENT COMMENT 'ID',
  `exam_code` char(20) COLLATE utf8_bin NOT NULL COMMENT '考试CODE',
  `exam_name` char(50) COLLATE utf8_bin NOT NULL COMMENT '考试名称',
  `status` char(1) COLLATE utf8_bin NOT NULL DEFAULT '1' COMMENT '状态(1:正常 2:异常)',
  `create_user` int(10) unsigned NOT NULL DEFAULT '0',
  `create_time` timestamp NOT NULL DEFAULT CURRENT_TIMESTAMP,
  `update_user` int(10) unsigned DEFAULT NULL,
  `update_time` timestamp NULL DEFAULT NULL,
  PRIMARY KEY (`ID`)
) ENGINE=InnoDB AUTO_INCREMENT=16 DEFAULT CHARSET=utf8 COLLATE=utf8_bin COMMENT='考试类型';

-- Dumping data for table xsglxtsql.m_exams: ~15 rows (approximately)
DELETE FROM `m_exams`;
/*!40000 ALTER TABLE `m_exams` DISABLE KEYS */;
INSERT INTO `m_exams` (`ID`, `exam_code`, `exam_name`, `status`, `create_user`, `create_time`, `update_user`, `update_time`) VALUES
	(1, 'E10', '第一学期(期中)', '1', 0, '2014-09-23 10:39:06', 0, '2014-09-23 10:39:06'),
	(2, 'E11', '第一学期(期末)', '1', 0, '2014-09-23 10:39:06', 0, '2014-09-23 10:39:06'),
	(3, 'E20', '第二学期(期中)', '1', 0, '2014-09-23 10:39:06', 0, '2014-09-23 10:39:06'),
	(4, 'E21', '第二学期(期末)', '1', 0, '2014-09-23 10:39:06', 0, '2014-09-23 10:39:06'),
	(5, 'E30', '第三学期(期中)', '1', 0, '2014-09-23 10:41:00', 0, '2014-09-23 10:41:00'),
	(6, 'E31', '第三学期(期末)', '1', 0, '2014-09-23 10:41:31', 0, '2014-09-23 10:41:31'),
	(7, 'E40', '第四学期(期中)', '1', 0, '2014-09-23 10:42:34', 0, '2014-09-23 10:42:34'),
	(8, 'E41', '第四学期(期末)', '1', 0, '2014-09-23 10:42:33', 0, '2014-09-23 10:42:33'),
	(9, 'E50', '第五学期(期中)', '1', 0, '2014-09-23 10:42:32', 0, '2014-09-23 10:42:32'),
	(10, 'E51', '第五学期(期末)', '1', 0, '2014-09-23 10:42:32', 0, '2014-09-23 10:42:32'),
	(11, 'E60', '第六学期(期中)', '1', 0, '2014-09-23 10:42:33', 0, '2014-09-23 10:42:33'),
	(12, 'E61', '第六学期(期末)', '1', 0, '2014-09-23 10:42:34', 0, '2014-09-23 10:42:34'),
	(13, 'T01', '第一次统考', '1', 0, '2014-09-23 10:46:06', 0, '2014-09-23 10:46:06'),
	(14, 'T02', '第二次统考', '1', 0, '2014-09-23 10:46:06', 0, '2014-09-23 10:46:06'),
	(15, 'T02', '第三次统考', '1', 0, '2014-09-23 10:46:06', 0, '2014-09-23 10:46:06');
/*!40000 ALTER TABLE `m_exams` ENABLE KEYS */;


-- Dumping structure for table xsglxtsql.m_roles
DROP TABLE IF EXISTS `m_roles`;
CREATE TABLE IF NOT EXISTS `m_roles` (
  `ID` int(10) unsigned NOT NULL AUTO_INCREMENT COMMENT 'ID',
  `role_name` char(50) COLLATE utf8_bin NOT NULL COMMENT '角色名',
  `status` char(1) COLLATE utf8_bin NOT NULL DEFAULT '1' COMMENT '状态(1:正常 2：删除)',
  `create_user` int(10) unsigned NOT NULL DEFAULT '0',
  `create_time` timestamp NOT NULL DEFAULT CURRENT_TIMESTAMP,
  `update_user` int(10) unsigned DEFAULT NULL,
  `update_time` timestamp NULL DEFAULT NULL,
  PRIMARY KEY (`ID`),
  KEY `role_name` (`role_name`)
) ENGINE=InnoDB AUTO_INCREMENT=6 DEFAULT CHARSET=utf8 COLLATE=utf8_bin COMMENT='角色表';

-- Dumping data for table xsglxtsql.m_roles: ~5 rows (approximately)
DELETE FROM `m_roles`;
/*!40000 ALTER TABLE `m_roles` DISABLE KEYS */;
INSERT INTO `m_roles` (`ID`, `role_name`, `status`, `create_user`, `create_time`, `update_user`, `update_time`) VALUES
	(1, '学生', '1', 0, '2014-10-08 11:10:17', 1, '2014-11-17 13:39:51'),
	(2, '教师', '1', 0, '2014-10-08 11:11:47', 1, '2014-11-17 13:42:12'),
	(3, '学工科', '1', 0, '2014-10-08 11:11:47', 1, '2014-11-17 13:42:31'),
	(4, '教务处', '1', 0, '2014-10-08 11:11:47', 1, '2014-11-17 13:43:06'),
	(5, '校长', '1', 1, '2014-10-09 15:34:20', 1, '2014-11-17 13:40:14');
/*!40000 ALTER TABLE `m_roles` ENABLE KEYS */;


-- Dumping structure for table xsglxtsql.m_role_authoritys
DROP TABLE IF EXISTS `m_role_authoritys`;
CREATE TABLE IF NOT EXISTS `m_role_authoritys` (
  `ID` int(10) unsigned NOT NULL AUTO_INCREMENT COMMENT 'ID',
  `role_id` int(10) unsigned NOT NULL COMMENT '角色ID',
  `authority_id` int(10) unsigned NOT NULL COMMENT '权限ID',
  `create_user` int(10) unsigned NOT NULL DEFAULT '0',
  `create_time` timestamp NOT NULL DEFAULT CURRENT_TIMESTAMP,
  `update_user` int(10) unsigned DEFAULT NULL,
  `update_time` timestamp NULL DEFAULT NULL,
  PRIMARY KEY (`ID`),
  KEY `role_id_authority_id` (`role_id`,`authority_id`),
  KEY `FK_m_role_authoritys_m_authoritys` (`authority_id`),
  CONSTRAINT `FK_m_role_authoritys_m_authoritys` FOREIGN KEY (`authority_id`) REFERENCES `m_authoritys` (`ID`),
  CONSTRAINT `FK_m_role_authoritys_m_roles` FOREIGN KEY (`role_id`) REFERENCES `m_roles` (`ID`)
) ENGINE=InnoDB AUTO_INCREMENT=685 DEFAULT CHARSET=utf8 COLLATE=utf8_bin COMMENT='角色权限表';

-- Dumping data for table xsglxtsql.m_role_authoritys: ~82 rows (approximately)
DELETE FROM `m_role_authoritys`;
/*!40000 ALTER TABLE `m_role_authoritys` DISABLE KEYS */;
INSERT INTO `m_role_authoritys` (`ID`, `role_id`, `authority_id`, `create_user`, `create_time`, `update_user`, `update_time`) VALUES
	(43, 1, 54, 1, '2014-11-17 13:39:51', NULL, NULL),
	(44, 1, 1, 1, '2014-11-17 13:39:51', NULL, NULL),
	(45, 1, 2, 1, '2014-11-17 13:39:51', NULL, NULL),
	(46, 5, 30, 1, '2014-11-17 13:40:14', NULL, NULL),
	(47, 5, 31, 1, '2014-11-17 13:40:14', NULL, NULL),
	(48, 5, 32, 1, '2014-11-17 13:40:14', NULL, NULL),
	(49, 5, 33, 1, '2014-11-17 13:40:14', NULL, NULL),
	(50, 5, 34, 1, '2014-11-17 13:40:14', NULL, NULL),
	(51, 5, 35, 1, '2014-11-17 13:40:14', NULL, NULL),
	(52, 5, 80, 1, '2014-11-17 13:40:14', NULL, NULL),
	(53, 5, 81, 1, '2014-11-17 13:40:14', NULL, NULL),
	(54, 5, 82, 1, '2014-11-17 13:40:14', NULL, NULL),
	(55, 5, 83, 1, '2014-11-17 13:40:14', NULL, NULL),
	(56, 5, 40, 1, '2014-11-17 13:40:14', NULL, NULL),
	(57, 5, 41, 1, '2014-11-17 13:40:14', NULL, NULL),
	(58, 5, 42, 1, '2014-11-17 13:40:14', NULL, NULL),
	(59, 5, 43, 1, '2014-11-17 13:40:14', NULL, NULL),
	(60, 5, 44, 1, '2014-11-17 13:40:14', NULL, NULL),
	(61, 5, 10, 1, '2014-11-17 13:40:14', NULL, NULL),
	(62, 5, 11, 1, '2014-11-17 13:40:14', NULL, NULL),
	(63, 5, 12, 1, '2014-11-17 13:40:14', NULL, NULL),
	(64, 5, 13, 1, '2014-11-17 13:40:14', NULL, NULL),
	(65, 5, 14, 1, '2014-11-17 13:40:14', NULL, NULL),
	(66, 5, 20, 1, '2014-11-17 13:40:14', NULL, NULL),
	(67, 5, 21, 1, '2014-11-17 13:40:14', NULL, NULL),
	(68, 5, 22, 1, '2014-11-17 13:40:14', NULL, NULL),
	(69, 5, 23, 1, '2014-11-17 13:40:14', NULL, NULL),
	(70, 5, 24, 1, '2014-11-17 13:40:14', NULL, NULL),
	(71, 5, 56, 1, '2014-11-17 13:40:14', NULL, NULL),
	(72, 5, 50, 1, '2014-11-17 13:40:14', NULL, NULL),
	(73, 5, 51, 1, '2014-11-17 13:40:14', NULL, NULL),
	(74, 5, 52, 1, '2014-11-17 13:40:14', NULL, NULL),
	(75, 5, 53, 1, '2014-11-17 13:40:14', NULL, NULL),
	(76, 5, 55, 1, '2014-11-17 13:40:14', NULL, NULL),
	(77, 5, 60, 1, '2014-11-17 13:40:14', NULL, NULL),
	(78, 5, 61, 1, '2014-11-17 13:40:14', NULL, NULL),
	(79, 5, 62, 1, '2014-11-17 13:40:14', NULL, NULL),
	(80, 5, 63, 1, '2014-11-17 13:40:14', NULL, NULL),
	(81, 5, 70, 1, '2014-11-17 13:40:14', NULL, NULL),
	(82, 5, 71, 1, '2014-11-17 13:40:14', NULL, NULL),
	(83, 5, 72, 1, '2014-11-17 13:40:14', NULL, NULL),
	(84, 5, 73, 1, '2014-11-17 13:40:14', NULL, NULL),
	(85, 5, 1, 1, '2014-11-17 13:40:14', NULL, NULL),
	(86, 5, 2, 1, '2014-11-17 13:40:14', NULL, NULL),
	(87, 5, 90, 1, '2014-11-17 13:40:14', NULL, NULL),
	(95, 2, 34, 1, '2014-11-17 13:42:12', NULL, NULL),
	(96, 2, 56, 1, '2014-11-17 13:42:12', NULL, NULL),
	(97, 2, 55, 1, '2014-11-17 13:42:12', NULL, NULL),
	(98, 2, 1, 1, '2014-11-17 13:42:12', NULL, NULL),
	(99, 2, 2, 1, '2014-11-17 13:42:12', NULL, NULL),
	(100, 3, 10, 1, '2014-11-17 13:42:31', NULL, NULL),
	(101, 3, 11, 1, '2014-11-17 13:42:31', NULL, NULL),
	(102, 3, 12, 1, '2014-11-17 13:42:31', NULL, NULL),
	(103, 3, 13, 1, '2014-11-17 13:42:31', NULL, NULL),
	(104, 3, 1, 1, '2014-11-17 13:42:31', NULL, NULL),
	(105, 3, 2, 1, '2014-11-17 13:42:31', NULL, NULL),
	(106, 4, 30, 1, '2014-11-17 13:43:06', NULL, NULL),
	(107, 4, 31, 1, '2014-11-17 13:43:06', NULL, NULL),
	(108, 4, 32, 1, '2014-11-17 13:43:06', NULL, NULL),
	(109, 4, 33, 1, '2014-11-17 13:43:06', NULL, NULL),
	(110, 4, 34, 1, '2014-11-17 13:43:06', NULL, NULL),
	(111, 4, 35, 1, '2014-11-17 13:43:06', NULL, NULL),
	(112, 4, 80, 1, '2014-11-17 13:43:06', NULL, NULL),
	(113, 4, 81, 1, '2014-11-17 13:43:06', NULL, NULL),
	(114, 4, 82, 1, '2014-11-17 13:43:06', NULL, NULL),
	(115, 4, 83, 1, '2014-11-17 13:43:06', NULL, NULL),
	(116, 4, 40, 1, '2014-11-17 13:43:06', NULL, NULL),
	(117, 4, 41, 1, '2014-11-17 13:43:06', NULL, NULL),
	(118, 4, 42, 1, '2014-11-17 13:43:06', NULL, NULL),
	(119, 4, 43, 1, '2014-11-17 13:43:06', NULL, NULL),
	(120, 4, 20, 1, '2014-11-17 13:43:06', NULL, NULL),
	(121, 4, 21, 1, '2014-11-17 13:43:06', NULL, NULL),
	(122, 4, 22, 1, '2014-11-17 13:43:06', NULL, NULL),
	(123, 4, 23, 1, '2014-11-17 13:43:06', NULL, NULL),
	(124, 4, 56, 1, '2014-11-17 13:43:06', NULL, NULL),
	(125, 4, 50, 1, '2014-11-17 13:43:06', NULL, NULL),
	(126, 4, 51, 1, '2014-11-17 13:43:06', NULL, NULL),
	(127, 4, 52, 1, '2014-11-17 13:43:06', NULL, NULL),
	(128, 4, 53, 1, '2014-11-17 13:43:06', NULL, NULL),
	(129, 4, 55, 1, '2014-11-17 13:43:06', NULL, NULL),
	(130, 4, 1, 1, '2014-11-17 13:43:06', NULL, NULL),
	(131, 4, 2, 1, '2014-11-17 13:43:06', NULL, NULL),
	(132, 4, 90, 1, '2014-11-17 13:43:06', NULL, NULL);
/*!40000 ALTER TABLE `m_role_authoritys` ENABLE KEYS */;


-- Dumping structure for table xsglxtsql.m_subjects
DROP TABLE IF EXISTS `m_subjects`;
CREATE TABLE IF NOT EXISTS `m_subjects` (
  `ID` int(10) unsigned NOT NULL AUTO_INCREMENT,
  `subject_code` char(10) COLLATE utf8_bin NOT NULL COMMENT '科目CODE',
  `subject_name` varchar(10) COLLATE utf8_bin NOT NULL COMMENT '科目名称',
  `subject_short_name` varchar(4) COLLATE utf8_bin NOT NULL COMMENT '科目名称(简称)',
  `subject_type` char(1) COLLATE utf8_bin NOT NULL DEFAULT '0' COMMENT '科目类型(0:普高 1:技能)',
  `total_score` int(3) unsigned NOT NULL DEFAULT '0' COMMENT '总分',
  `pass_score` int(3) unsigned NOT NULL DEFAULT '0' COMMENT '及格分数',
  `status` char(1) COLLATE utf8_bin NOT NULL DEFAULT '1' COMMENT '状态(1:正常 2:异常)',
  `level` int(2) unsigned NOT NULL COMMENT '显示排序用',
  `create_user` int(10) unsigned NOT NULL DEFAULT '0',
  `create_time` timestamp NOT NULL DEFAULT CURRENT_TIMESTAMP,
  `update_user` int(10) unsigned DEFAULT NULL,
  `update_time` timestamp NULL DEFAULT NULL,
  PRIMARY KEY (`ID`)
) ENGINE=InnoDB AUTO_INCREMENT=14 DEFAULT CHARSET=utf8 COLLATE=utf8_bin COMMENT='课程科目表';

-- Dumping data for table xsglxtsql.m_subjects: ~13 rows (approximately)
DELETE FROM `m_subjects`;
/*!40000 ALTER TABLE `m_subjects` DISABLE KEYS */;
INSERT INTO `m_subjects` (`ID`, `subject_code`, `subject_name`, `subject_short_name`, `subject_type`, `total_score`, `pass_score`, `status`, `level`, `create_user`, `create_time`, `update_user`, `update_time`) VALUES
	(1, 'YX', '语文', '语', '0', 150, 90, '1', 1, 0, '2014-09-23 10:47:15', 0, '2014-09-23 10:47:15'),
	(2, 'SX', '数学', '数', '0', 150, 90, '1', 2, 0, '2014-09-23 10:48:58', 0, '2014-09-23 10:48:58'),
	(3, 'YY', '英语', '英', '0', 150, 90, '1', 3, 0, '2014-09-23 10:49:07', 0, '2014-09-23 10:49:07'),
	(4, 'WL', '物理', '物', '1', 120, 72, '1', 4, 0, '2014-09-23 10:49:14', 0, '2014-09-23 10:49:14'),
	(5, 'HX', '化学', '化', '1', 120, 72, '1', 5, 0, '2014-09-23 10:49:18', 0, '2014-09-23 10:49:18'),
	(6, 'SW', '生物', '生', '1', 60, 36, '1', 6, 0, '2014-09-23 10:49:44', 0, '2014-10-15 17:39:55'),
	(7, 'ZZ', '政治(思品)', '政', '1', 120, 72, '1', 7, 0, '2014-09-23 10:49:29', 0, '2014-09-23 10:49:29'),
	(8, 'LS', '历史', '史', '1', 120, 72, '1', 8, 0, '2014-09-23 10:49:34', 0, '2014-09-23 10:49:34'),
	(9, 'DL', '地理', '地', '1', 60, 36, '1', 9, 0, '2014-09-23 10:49:44', 0, '2014-09-23 10:49:44'),
	(10, 'YIN', '音乐', '音', '1', 60, 36, '1', 10, 0, '2014-09-23 10:49:44', 0, '2014-09-23 10:49:44'),
	(11, 'TY', '体育', '体', '1', 60, 36, '1', 11, 0, '2014-09-23 10:49:44', 0, '2014-09-23 10:49:44'),
	(12, 'MS', '美术', '美', '1', 60, 36, '1', 12, 0, '2014-09-23 10:49:44', 0, '2014-09-23 10:49:44'),
	(13, 'XXJS', '信息技术', '信', '1', 60, 36, '1', 13, 0, '2014-09-23 10:49:44', 0, '2014-09-23 10:49:44');
/*!40000 ALTER TABLE `m_subjects` ENABLE KEYS */;


-- Dumping structure for table xsglxtsql.t_classes
DROP TABLE IF EXISTS `t_classes`;
CREATE TABLE IF NOT EXISTS `t_classes` (
  `ID` int(10) unsigned NOT NULL AUTO_INCREMENT COMMENT 'ID',
  `class_code` char(20) COLLATE utf8_bin NOT NULL COMMENT '班级CODE',
  `class_name` char(50) COLLATE utf8_bin DEFAULT NULL COMMENT '班级名称',
  `grade` int(1) DEFAULT NULL COMMENT '年级',
  `entry_year` int(4) DEFAULT NULL COMMENT '年度',
  `term_type` enum('0','1','2') COLLATE utf8_bin DEFAULT NULL COMMENT '学期(0:整学年 1:上学期 2:下学期)',
  `class_type` char(1) COLLATE utf8_bin DEFAULT '0' COMMENT '班级类型(0:普通高中 1:技能专业)',
  `specialty_name` char(50) COLLATE utf8_bin DEFAULT NULL COMMENT '专业名称',
  `status` char(1) COLLATE utf8_bin NOT NULL DEFAULT '1' COMMENT '状态(1:使用中 2:未使用)',
  `teacher_id` int(10) unsigned DEFAULT NULL COMMENT '班主任ID',
  `create_user` int(10) unsigned NOT NULL DEFAULT '0',
  `create_time` timestamp NOT NULL DEFAULT CURRENT_TIMESTAMP,
  `update_user` int(10) unsigned DEFAULT NULL,
  `update_time` timestamp NULL DEFAULT NULL,
  PRIMARY KEY (`ID`),
  KEY `FK_t_classes_t_teachers` (`teacher_id`),
  CONSTRAINT `FK_t_classes_t_teachers` FOREIGN KEY (`teacher_id`) REFERENCES `t_teachers` (`ID`)
) ENGINE=InnoDB AUTO_INCREMENT=41 DEFAULT CHARSET=utf8 COLLATE=utf8_bin COMMENT='班级表';

-- Dumping data for table xsglxtsql.t_classes: ~40 rows (approximately)
DELETE FROM `t_classes`;
/*!40000 ALTER TABLE `t_classes` DISABLE KEYS */;
INSERT INTO `t_classes` (`ID`, `class_code`, `class_name`, `grade`, `entry_year`, `term_type`, `class_type`, `specialty_name`, `status`, `teacher_id`, `create_user`, `create_time`, `update_user`, `update_time`) VALUES
	(1, '101', '高一(1)', 1, 2014, '1', '0', NULL, '2', NULL, 0, '2014-09-23 17:17:22', 1, '2014-11-13 18:07:31'),
	(2, '102', '高一(2)', 1, 2014, '1', '0', NULL, '1', NULL, 0, '2014-09-23 17:17:22', 1, '2014-11-13 17:25:53'),
	(3, '103', '高一(3)', 1, 2014, '1', '0', NULL, '1', NULL, 0, '2014-09-23 17:17:22', 1, '2014-11-13 17:25:53'),
	(4, '104', '高一(4)', 1, 2014, '1', '0', NULL, '1', NULL, 0, '2014-09-23 17:17:22', 1, '2014-11-13 17:25:53'),
	(5, '105', '高一(5)', 1, 2014, '1', '0', NULL, '1', NULL, 0, '2014-09-23 17:17:22', 1, '2014-11-13 17:25:53'),
	(6, '106', '高一(6)', 1, 2014, '1', '0', NULL, '1', NULL, 0, '2014-09-23 17:17:22', 1, '2014-11-13 17:25:53'),
	(7, '107', '高一(7)', 1, 2014, '1', '0', NULL, '1', NULL, 0, '2014-09-23 17:17:22', 1, '2014-11-13 17:25:53'),
	(8, '108', '高一(8)', 1, 2014, '1', '0', NULL, '1', NULL, 0, '2014-09-23 17:17:22', 1, '2014-11-13 17:25:53'),
	(9, '109', '高一(9)', 1, 2014, '1', '0', NULL, '1', NULL, 0, '2014-09-23 17:17:22', 1, '2014-11-13 17:25:53'),
	(10, '110', '高一(10)', 1, 2014, '1', '0', NULL, '1', NULL, 0, '2014-09-23 17:17:22', 1, '2014-11-13 17:25:53'),
	(11, '111', '高一(11)', 1, 2014, '1', '0', NULL, '1', NULL, 0, '2014-09-23 17:17:22', 1, '2014-11-13 17:25:53'),
	(12, '112', '高一(12)', 1, 2014, '1', '0', NULL, '1', NULL, 0, '2014-09-23 17:17:22', 1, '2014-11-13 17:25:54'),
	(13, '113', '高一(13)', 1, 2014, '1', '0', NULL, '1', NULL, 0, '2014-09-23 17:17:22', 1, '2014-11-13 17:25:54'),
	(14, '114', '高一(14)', 1, 2014, '1', '0', NULL, '1', NULL, 0, '2014-09-23 17:17:22', 1, '2014-11-13 17:25:54'),
	(15, '115', '高一(15)', 1, 2014, '1', '0', NULL, '1', NULL, 0, '2014-09-23 17:17:22', 1, '2014-11-13 17:25:54'),
	(16, '201', '高二(1)', 2, 2013, '1', '0', NULL, '1', NULL, 0, '2014-09-23 17:17:22', 1, '2014-11-13 17:25:54'),
	(17, '202', '高二(2)', 2, 2013, '1', '0', NULL, '1', NULL, 0, '2014-09-23 17:17:22', 1, '2014-11-13 17:25:54'),
	(18, '203', '高二(3)', 2, 2013, '1', '0', NULL, '1', NULL, 0, '2014-09-23 17:17:22', 1, '2014-11-13 17:25:54'),
	(19, '204', '高二(4)', 2, 2013, '1', '0', NULL, '1', NULL, 0, '2014-11-04 17:06:41', 1, '2014-11-13 17:25:54'),
	(20, '205', '高二(5)', 2, 2013, '1', '0', NULL, '1', NULL, 0, '2014-11-04 17:06:41', 1, '2014-11-13 17:25:54'),
	(21, '206', '高二(6)', 2, 2013, '1', '0', NULL, '1', NULL, 0, '2014-11-04 17:06:41', 1, '2014-11-13 17:25:54'),
	(22, '207', '高二(7)', 2, 2013, '1', '0', NULL, '1', NULL, 0, '2014-11-04 17:06:41', 1, '2014-11-13 17:25:54'),
	(23, '208', '高二(8)', 2, 2013, '1', '0', NULL, '1', NULL, 0, '2014-11-04 17:06:41', 1, '2014-11-13 17:25:54'),
	(24, '209', '高二(9)', 2, 2013, '1', '0', NULL, '1', NULL, 0, '2014-11-04 17:06:41', 1, '2014-11-13 17:25:54'),
	(25, '210', '高二(10)', 2, 2013, '1', '0', NULL, '2', NULL, 0, '2014-11-04 17:06:41', 1, '2014-11-13 18:32:42'),
	(26, '211', '高二(11)', 2, 2013, '1', '0', NULL, '1', NULL, 0, '2014-11-04 17:06:41', 1, '2014-11-13 17:25:54'),
	(27, '212', '高二(12)', 2, 2013, '1', '0', NULL, '1', NULL, 0, '2014-11-04 17:06:41', 1, '2014-11-13 17:25:54'),
	(28, '213', '高二(13)', 2, 2013, '1', '0', NULL, '1', NULL, 0, '2014-11-04 17:06:41', 1, '2014-11-13 17:25:54'),
	(29, '301', '高三(1)', 3, 2012, '1', '0', NULL, '1', NULL, 0, '2014-11-04 17:06:41', 1, '2014-11-13 17:25:54'),
	(30, '302', '高三(2)', 3, 2012, '1', '0', NULL, '1', NULL, 0, '2014-11-04 17:06:41', 1, '2014-11-13 17:25:54'),
	(31, '303', '高三(3)', 3, 2012, '1', '0', NULL, '1', NULL, 0, '2014-11-04 17:06:41', 1, '2014-11-13 17:25:54'),
	(32, '304', '高三(4)', 3, 2012, '1', '0', NULL, '1', NULL, 0, '2014-11-04 17:06:41', 1, '2014-11-13 17:25:54'),
	(33, '305', '高三(5)', 3, 2012, '1', '0', NULL, '1', NULL, 0, '2014-11-04 17:06:41', 1, '2014-11-13 17:25:54'),
	(34, '306', '高三(6)', 3, 2012, '1', '0', NULL, '1', NULL, 0, '2014-11-04 17:06:41', 1, '2014-11-13 17:25:54'),
	(35, '307', '高三(7)', 3, 2012, '1', '0', NULL, '1', NULL, 0, '2014-11-04 17:06:41', 1, '2014-11-13 17:25:54'),
	(36, '308', '高三(8)', 3, 2012, '1', '0', NULL, '1', NULL, 0, '2014-11-04 17:06:41', 1, '2014-11-13 17:25:54'),
	(37, '309', '高三(9)', 3, 2012, '1', '0', NULL, '1', NULL, 0, '2014-11-04 17:06:41', 1, '2014-11-13 17:25:54'),
	(38, '310', '高三(10)', 3, 2012, '1', '0', NULL, '1', NULL, 0, '2014-11-04 17:06:41', 1, '2014-11-13 17:25:54'),
	(39, '311', '高三(11)', 3, 2012, '1', '0', NULL, '1', NULL, 0, '2014-11-04 17:06:41', 1, '2014-11-13 17:25:54'),
	(40, '312', '高三(12)', 3, 2012, '1', '0', NULL, '1', NULL, 0, '2014-11-04 17:06:41', 1, '2014-11-13 17:25:54');
/*!40000 ALTER TABLE `t_classes` ENABLE KEYS */;


-- Dumping structure for table xsglxtsql.t_file_upload
DROP TABLE IF EXISTS `t_file_upload`;
CREATE TABLE IF NOT EXISTS `t_file_upload` (
  `ID` int(10) unsigned NOT NULL AUTO_INCREMENT COMMENT 'ID',
  `filename` char(50) COLLATE utf8_bin NOT NULL COMMENT '上传文件名',
  `realpath` char(128) COLLATE utf8_bin NOT NULL COMMENT '保存文件路径',
  `category` char(50) COLLATE utf8_bin DEFAULT NULL COMMENT '用途',
  `status` char(1) COLLATE utf8_bin DEFAULT NULL COMMENT '状态(0:未处理  1:处理正常  2:处理异常)',
  `create_user` int(10) unsigned NOT NULL DEFAULT '0',
  `create_time` timestamp NOT NULL DEFAULT CURRENT_TIMESTAMP,
  `update_user` int(10) unsigned DEFAULT NULL,
  `update_time` timestamp NULL DEFAULT NULL,
  PRIMARY KEY (`ID`)
) ENGINE=InnoDB AUTO_INCREMENT=119 DEFAULT CHARSET=utf8 COLLATE=utf8_bin;

-- Dumping data for table xsglxtsql.t_file_upload: ~27 rows (approximately)
DELETE FROM `t_file_upload`;
/*!40000 ALTER TABLE `t_file_upload` DISABLE KEYS */;
INSERT INTO `t_file_upload` (`ID`, `filename`, `realpath`, `category`, `status`, `create_user`, `create_time`, `update_user`, `update_time`) VALUES
	(1, '教师数据.xlsx', 'D:\\PHP\\manage\\IMSystem\\protected\\config\\..\\..\\files\\upload\\1416206483.xlsx', NULL, NULL, 1, '2014-11-17 15:41:23', 1, NULL);
/*!40000 ALTER TABLE `t_file_upload` ENABLE KEYS */;


-- Dumping structure for table xsglxtsql.t_scores
DROP TABLE IF EXISTS `t_scores`;
CREATE TABLE IF NOT EXISTS `t_scores` (
  `ID` int(10) unsigned NOT NULL AUTO_INCREMENT COMMENT 'ID',
  `exam_id` int(10) unsigned NOT NULL COMMENT '考试名称ID',
  `subject_id` int(10) unsigned NOT NULL COMMENT '科目ID',
  `class_id` int(10) unsigned NOT NULL COMMENT '班级ID',
  `student_id` int(10) unsigned NOT NULL COMMENT '学生ID',
  `student_number` char(10) COLLATE utf8_bin DEFAULT NULL COMMENT '当前学生学号',
  `score` float NOT NULL COMMENT '分数',
  `create_user` int(10) unsigned NOT NULL DEFAULT '0',
  `create_time` timestamp NOT NULL DEFAULT CURRENT_TIMESTAMP,
  `update_user` int(10) unsigned DEFAULT NULL,
  `update_time` timestamp NULL DEFAULT NULL,
  PRIMARY KEY (`ID`),
  KEY `FK_t_scores_m_exams` (`exam_id`),
  KEY `FK_t_scores_t_students` (`student_id`),
  KEY `FK_t_scores_m_subjects` (`subject_id`),
  KEY `FK_t_scores_t_classes` (`class_id`),
  CONSTRAINT `FK_t_scores_m_exams` FOREIGN KEY (`exam_id`) REFERENCES `m_exams` (`ID`),
  CONSTRAINT `FK_t_scores_m_subjects` FOREIGN KEY (`subject_id`) REFERENCES `m_subjects` (`ID`),
  CONSTRAINT `FK_t_scores_t_classes` FOREIGN KEY (`class_id`) REFERENCES `t_classes` (`ID`),
  CONSTRAINT `FK_t_scores_t_students` FOREIGN KEY (`student_id`) REFERENCES `t_students` (`ID`)
) ENGINE=InnoDB AUTO_INCREMENT=474 DEFAULT CHARSET=utf8 COLLATE=utf8_bin COMMENT='成绩表';

-- Dumping data for table xsglxtsql.t_scores: ~448 rows (approximately)
DELETE FROM `t_scores`;
/*!40000 ALTER TABLE `t_scores` DISABLE KEYS */;
/*!40000 ALTER TABLE `t_scores` ENABLE KEYS */;


-- Dumping structure for table xsglxtsql.t_students
DROP TABLE IF EXISTS `t_students`;
CREATE TABLE IF NOT EXISTS `t_students` (
  `ID` int(10) unsigned NOT NULL AUTO_INCREMENT COMMENT 'ID',
  `province_code` char(20) COLLATE utf8_bin DEFAULT NULL COMMENT '省内编号',
  `name` char(12) COLLATE utf8_bin NOT NULL COMMENT '姓名',
  `status` char(1) COLLATE utf8_bin NOT NULL DEFAULT '1' COMMENT '状态(1:在校 2:离校)',
  `sex` enum('F','M') COLLATE utf8_bin NOT NULL COMMENT '性别(F: 女 M:男)',
  `id_card_no` varchar(20) COLLATE utf8_bin DEFAULT NULL COMMENT '身份证号码',
  `birthday` date DEFAULT NULL COMMENT '出生年月日',
  `accommodation` varchar(50) COLLATE utf8_bin DEFAULT NULL COMMENT '住宿情况',
  `payment1` char(1) COLLATE utf8_bin DEFAULT NULL COMMENT '缴费情况（第1学期）(0: 未缴  1:已缴)',
  `payment2` char(1) COLLATE utf8_bin DEFAULT NULL COMMENT '缴费情况（第2学期）',
  `payment3` char(1) COLLATE utf8_bin DEFAULT NULL COMMENT '缴费情况（第3学期）',
  `payment4` char(1) COLLATE utf8_bin DEFAULT NULL COMMENT '缴费情况（第4学期）',
  `payment5` char(1) COLLATE utf8_bin DEFAULT NULL COMMENT '缴费情况（第5学期）',
  `payment6` char(1) COLLATE utf8_bin DEFAULT NULL COMMENT '缴费情况（第6学期）',
  `bonus_penalty` varchar(200) COLLATE utf8_bin DEFAULT NULL COMMENT '奖惩情况',
  `address` varchar(100) COLLATE utf8_bin DEFAULT NULL COMMENT '家庭住址',
  `parents_tel` char(11) COLLATE utf8_bin DEFAULT NULL COMMENT '家长电话',
  `parents_qq` char(15) COLLATE utf8_bin DEFAULT NULL COMMENT '家长QQ',
  `school_of_graduation` varchar(50) COLLATE utf8_bin DEFAULT NULL COMMENT '毕业学校',
  `senior_score` float unsigned DEFAULT NULL COMMENT '中考总分',
  `school_year` int(11) DEFAULT NULL COMMENT '入学年份',
  `college_score` float unsigned DEFAULT NULL COMMENT '高考总分',
  `university` varchar(100) COLLATE utf8_bin DEFAULT NULL COMMENT '录取学校',
  `comment` text COLLATE utf8_bin COMMENT '备注',
  `create_user` int(10) unsigned NOT NULL DEFAULT '0',
  `create_time` timestamp NOT NULL DEFAULT CURRENT_TIMESTAMP,
  `update_user` int(10) unsigned DEFAULT NULL,
  `update_time` timestamp NULL DEFAULT NULL,
  PRIMARY KEY (`ID`),
  CONSTRAINT `FK_t_students_t_users` FOREIGN KEY (`ID`) REFERENCES `t_users` (`ID`)
) ENGINE=InnoDB AUTO_INCREMENT=1201 DEFAULT CHARSET=utf8 COLLATE=utf8_bin COMMENT='学生信息表';

-- Dumping data for table xsglxtsql.t_students: ~958 rows (approximately)
DELETE FROM `t_students`;
/*!40000 ALTER TABLE `t_students` DISABLE KEYS */;
INSERT INTO `t_students` (`ID`, `province_code`, `name`, `status`, `sex`, `id_card_no`, `birthday`, `accommodation`, `payment1`, `payment2`, `payment3`, `payment4`, `payment5`, `payment6`, `bonus_penalty`, `address`, `parents_tel`, `parents_qq`, `school_of_graduation`, `senior_score`, `school_year`, `college_score`, `university`, `comment`, `create_user`, `create_time`, `update_user`, `update_time`) VALUES
	(198, '', '姓名', '1', 'M', '420984198605252712', '2011-10-03', '', '0', '0', '0', '0', '0', '0', '', '', '', '', '', NULL, NULL, NULL, '', '', 1, '2014-11-17 18:25:46', NULL, NULL);
/*!40000 ALTER TABLE `t_students` ENABLE KEYS */;


-- Dumping structure for table xsglxtsql.t_student_classes
DROP TABLE IF EXISTS `t_student_classes`;
CREATE TABLE IF NOT EXISTS `t_student_classes` (
  `ID` int(10) unsigned NOT NULL AUTO_INCREMENT COMMENT 'ID',
  `student_number` char(10) COLLATE utf8_bin DEFAULT NULL COMMENT '学号',
  `student_id` int(10) unsigned NOT NULL DEFAULT '0' COMMENT '学生ID',
  `class_id` int(10) unsigned NOT NULL DEFAULT '0' COMMENT '班级ID',
  `status` char(1) COLLATE utf8_bin NOT NULL DEFAULT '0' COMMENT '0:暂停 1:正常',
  `create_user` int(10) unsigned NOT NULL DEFAULT '0',
  `create_time` timestamp NOT NULL DEFAULT CURRENT_TIMESTAMP,
  `update_user` int(10) unsigned DEFAULT NULL,
  `update_time` timestamp NULL DEFAULT NULL,
  PRIMARY KEY (`ID`),
  KEY `FK_t_student_classes_t_classes` (`class_id`),
  KEY `FK_t_student_classes_t_students` (`student_id`),
  CONSTRAINT `FK_t_student_classes_t_classes` FOREIGN KEY (`class_id`) REFERENCES `t_classes` (`ID`),
  CONSTRAINT `FK_t_student_classes_t_students` FOREIGN KEY (`student_id`) REFERENCES `t_students` (`ID`)
) ENGINE=InnoDB AUTO_INCREMENT=976 DEFAULT CHARSET=utf8 COLLATE=utf8_bin;

-- Dumping data for table xsglxtsql.t_student_classes: ~958 rows (approximately)
DELETE FROM `t_student_classes`;
/*!40000 ALTER TABLE `t_student_classes` DISABLE KEYS */;
INSERT INTO `t_student_classes` (`ID`, `student_number`, `student_id`, `class_id`, `status`, `create_user`, `create_time`, `update_user`, `update_time`) VALUES
	(1, '2014309103', 198, 2, '1', 1, '2014-11-17 18:25:46', NULL, NULL);
/*!40000 ALTER TABLE `t_student_classes` ENABLE KEYS */;


-- Dumping structure for table xsglxtsql.t_teachers
DROP TABLE IF EXISTS `t_teachers`;
CREATE TABLE IF NOT EXISTS `t_teachers` (
  `ID` int(10) unsigned NOT NULL AUTO_INCREMENT COMMENT 'ID',
  `code` char(20) COLLATE utf8_bin DEFAULT NULL COMMENT '教师CODE',
  `name` char(12) COLLATE utf8_bin NOT NULL COMMENT '教师姓名',
  `status` char(1) COLLATE utf8_bin NOT NULL DEFAULT '1' COMMENT '状态(1:正常 2:异常)',
  `sex` enum('F','M') COLLATE utf8_bin NOT NULL COMMENT '性别(F: 女 M:男)',
  `birthday` date DEFAULT NULL COMMENT '出生年月日',
  `id_card_no` char(18) COLLATE utf8_bin DEFAULT NULL COMMENT '身份证号码',
  `home_address` char(100) COLLATE utf8_bin DEFAULT NULL COMMENT '家庭住址',
  `telephone` char(11) COLLATE utf8_bin DEFAULT NULL COMMENT '电话号码',
  `nation` char(10) COLLATE utf8_bin DEFAULT NULL COMMENT '民族',
  `birthplace` char(10) COLLATE utf8_bin DEFAULT NULL COMMENT '籍贯',
  `working_date` char(7) COLLATE utf8_bin DEFAULT NULL COMMENT '工作年月',
  `party_date` char(7) COLLATE utf8_bin DEFAULT NULL COMMENT '入党年月',
  `before_degree` char(10) COLLATE utf8_bin DEFAULT NULL COMMENT '职前学历',
  `before_graduate_date` char(7) COLLATE utf8_bin DEFAULT NULL COMMENT '职前毕业时间',
  `before_graduate_school` char(50) COLLATE utf8_bin DEFAULT NULL COMMENT '职前毕业院校',
  `before_graduate_major` char(50) COLLATE utf8_bin DEFAULT NULL COMMENT '职前毕业专业',
  `current_degree` char(10) COLLATE utf8_bin DEFAULT NULL COMMENT '现学历',
  `current_graduate_date` char(7) COLLATE utf8_bin DEFAULT NULL COMMENT '现学历毕业时间',
  `current_graduate_school` char(50) COLLATE utf8_bin DEFAULT NULL COMMENT '现学历毕业院校',
  `current_graduate_major` char(50) COLLATE utf8_bin DEFAULT NULL COMMENT '现学历毕业专业',
  `professional_technical_position` char(50) COLLATE utf8_bin DEFAULT NULL COMMENT '专业技术职务',
  `work_departments_postion` char(50) COLLATE utf8_bin DEFAULT NULL COMMENT '工作科室及职务',
  `current_position_rank` char(50) COLLATE utf8_bin DEFAULT NULL COMMENT '现职级',
  `current_position_date` char(7) COLLATE utf8_bin DEFAULT NULL COMMENT '任现职年月',
  `current_level_date` char(7) COLLATE utf8_bin DEFAULT NULL COMMENT '任现级年月',
  `basic_memo` text COLLATE utf8_bin COMMENT '基本情况备注',
  `continue_education_address` char(50) COLLATE utf8_bin DEFAULT NULL COMMENT '继续教育地址',
  `continue_education_date` char(20) COLLATE utf8_bin DEFAULT NULL COMMENT '继续教育时间',
  `continue_education_credit` int(4) DEFAULT NULL COMMENT '获得学分',
  `continue_education_prove_people` char(50) COLLATE utf8_bin DEFAULT NULL COMMENT '证明人',
  `moral_praise` text COLLATE utf8_bin COMMENT '表彰情况',
  `moral_student_evaluation` text COLLATE utf8_bin COMMENT '学生测评',
  `moral_target_check` text COLLATE utf8_bin COMMENT '目标考核',
  `moral_memo` text COLLATE utf8_bin COMMENT '师德备注',
  `teach_grades` char(50) COLLATE utf8_bin DEFAULT NULL COMMENT '任教年级',
  `teach_subjects` char(50) COLLATE utf8_bin DEFAULT NULL COMMENT '课程',
  `teaching_research_postion` char(50) COLLATE utf8_bin DEFAULT NULL COMMENT '教研职务',
  `recruit_students` text COLLATE utf8_bin COMMENT '招生情况',
  `attendance` text COLLATE utf8_bin COMMENT '考勤情况',
  `working_memo` text COLLATE utf8_bin COMMENT '履职备注',
  `tutorship_award` text COLLATE utf8_bin COMMENT '辅导获奖',
  `competition_award` text COLLATE utf8_bin COMMENT '参赛获奖',
  `paper_work` text COLLATE utf8_bin COMMENT '论文著作',
  `competition_item` text COLLATE utf8_bin COMMENT '参赛项目情况',
  `business_memo` text COLLATE utf8_bin COMMENT '业务备注',
  `create_user` int(10) unsigned NOT NULL DEFAULT '0',
  `create_time` timestamp NOT NULL DEFAULT CURRENT_TIMESTAMP,
  `update_user` int(10) unsigned DEFAULT NULL,
  `update_time` timestamp NULL DEFAULT NULL,
  PRIMARY KEY (`ID`),
  CONSTRAINT `FK_t_teacher_t_users` FOREIGN KEY (`ID`) REFERENCES `t_users` (`ID`)
) ENGINE=InnoDB AUTO_INCREMENT=1399 DEFAULT CHARSET=utf8 COLLATE=utf8_bin COMMENT='教师表';

-- Dumping data for table xsglxtsql.t_teachers: ~203 rows (approximately)
DELETE FROM `t_teachers`;
/*!40000 ALTER TABLE `t_teachers` DISABLE KEYS */;
INSERT INTO `t_teachers` (`ID`, `code`, `name`, `status`, `sex`, `birthday`, `id_card_no`, `home_address`, `telephone`, `nation`, `birthplace`, `working_date`, `party_date`, `before_degree`, `before_graduate_date`, `before_graduate_school`, `before_graduate_major`, `current_degree`, `current_graduate_date`, `current_graduate_school`, `current_graduate_major`, `professional_technical_position`, `work_departments_postion`, `current_position_rank`, `current_position_date`, `current_level_date`, `basic_memo`, `continue_education_address`, `continue_education_date`, `continue_education_credit`, `continue_education_prove_people`, `moral_praise`, `moral_student_evaluation`, `moral_target_check`, `moral_memo`, `teach_grades`, `teach_subjects`, `teaching_research_postion`, `recruit_students`, `attendance`, `working_memo`, `tutorship_award`, `competition_award`, `paper_work`, `competition_item`, `business_memo`, `create_user`, `create_time`, `update_user`, `update_time`) VALUES
	(1, 'root', '系统管理员', '1', 'M', NULL, NULL, NULL, NULL, NULL, NULL, NULL, NULL, NULL, NULL, NULL, NULL, NULL, NULL, NULL, NULL, NULL, NULL, NULL, NULL, NULL, NULL, NULL, NULL, NULL, NULL, NULL, NULL, NULL, NULL, NULL, NULL, NULL, NULL, NULL, NULL, NULL, NULL, NULL, NULL, NULL, 0, '2014-11-14 17:56:30', NULL, NULL),
	(2, '422202196605180018', '王拓', '1', 'M', '1966-05-18', '422202196605180018', NULL, NULL, '汉', '应城', '1986.07', NULL, NULL, NULL, NULL, NULL, NULL, NULL, NULL, NULL, NULL, NULL, NULL, NULL, NULL, NULL, NULL, NULL, NULL, NULL, NULL, NULL, NULL, NULL, NULL, NULL, NULL, NULL, NULL, NULL, NULL, NULL, NULL, NULL, NULL, 1, '2014-11-17 15:41:56', NULL, NULL),
	(3, '422201196605120836', '朱荣高', '1', 'M', '1966-05-12', '422201196605120836', NULL, NULL, '汉', '孝感', '1989.07', NULL, NULL, NULL, NULL, NULL, NULL, NULL, NULL, NULL, NULL, NULL, NULL, NULL, NULL, NULL, NULL, NULL, NULL, NULL, NULL, NULL, NULL, NULL, NULL, NULL, NULL, NULL, NULL, NULL, NULL, NULL, NULL, NULL, NULL, 1, '2014-11-17 15:41:57', NULL, NULL),
	(4, '422201196804100854', '蔡奇渊', '1', 'M', '1968-04-10', '422201196804100854', NULL, NULL, '汉', '孝感', '1989.07', NULL, NULL, NULL, NULL, NULL, NULL, NULL, NULL, NULL, NULL, NULL, NULL, NULL, NULL, NULL, NULL, NULL, NULL, NULL, NULL, NULL, NULL, NULL, NULL, NULL, NULL, NULL, NULL, NULL, NULL, NULL, NULL, NULL, NULL, 1, '2014-11-17 15:41:57', NULL, NULL),
	(5, '422201196709130932', '李亚明', '1', 'M', '1967-09-13', '422201196709130932', NULL, NULL, '汉', '孝昌', '1988.01', NULL, NULL, NULL, NULL, NULL, NULL, NULL, NULL, NULL, NULL, NULL, NULL, NULL, NULL, NULL, NULL, NULL, NULL, NULL, NULL, NULL, NULL, NULL, NULL, NULL, NULL, NULL, NULL, NULL, NULL, NULL, NULL, NULL, NULL, 1, '2014-11-17 15:41:57', NULL, NULL),
	(6, '422201196812010939', '宁昊星', '1', 'M', '1968-12-01', '422201196812010939', NULL, NULL, '汉', '大悟', '1991.08', NULL, NULL, NULL, NULL, NULL, NULL, NULL, NULL, NULL, NULL, NULL, NULL, NULL, NULL, NULL, NULL, NULL, NULL, NULL, NULL, NULL, NULL, NULL, NULL, NULL, NULL, NULL, NULL, NULL, NULL, NULL, NULL, NULL, NULL, 1, '2014-11-17 15:41:57', NULL, NULL),
	(7, '422201196911230881', '邓桂红', '1', 'F', '1969-11-23', '422201196911230881', NULL, NULL, '汉', '孝昌', '1989.08', NULL, NULL, NULL, NULL, NULL, NULL, NULL, NULL, NULL, NULL, NULL, NULL, NULL, NULL, NULL, NULL, NULL, NULL, NULL, NULL, NULL, NULL, NULL, NULL, NULL, NULL, NULL, NULL, NULL, NULL, NULL, NULL, NULL, NULL, 1, '2014-11-17 15:41:57', NULL, NULL),
	(8, '422201196005010852', '李胜安', '1', 'M', '1960-05-01', '422201196005010852', NULL, NULL, '汉', '孝感', '1977.01', NULL, NULL, NULL, NULL, NULL, NULL, NULL, NULL, NULL, NULL, NULL, NULL, NULL, NULL, NULL, NULL, NULL, NULL, NULL, NULL, NULL, NULL, NULL, NULL, NULL, NULL, NULL, NULL, NULL, NULL, NULL, NULL, NULL, NULL, 1, '2014-11-17 15:41:57', NULL, NULL),
	(9, '42220119691225085X', '涂志刚', '1', 'M', '1969-12-25', '42220119691225085X', NULL, NULL, '汉', '孝感', '1988.01', NULL, NULL, NULL, NULL, NULL, NULL, NULL, NULL, NULL, NULL, NULL, NULL, NULL, NULL, NULL, NULL, NULL, NULL, NULL, NULL, NULL, NULL, NULL, NULL, NULL, NULL, NULL, NULL, NULL, NULL, NULL, NULL, NULL, NULL, 1, '2014-11-17 15:41:57', NULL, NULL),
	(10, '422201196605040019', '钟玉堂', '1', 'M', '1966-05-04', '422201196605040019', NULL, NULL, '汉', '孝感', '1984.01', NULL, NULL, NULL, NULL, NULL, NULL, NULL, NULL, NULL, NULL, NULL, NULL, NULL, NULL, NULL, NULL, NULL, NULL, NULL, NULL, NULL, NULL, NULL, NULL, NULL, NULL, NULL, NULL, NULL, NULL, NULL, NULL, NULL, NULL, 1, '2014-11-17 15:41:57', NULL, NULL),
	(11, '422201195502100918', '闵建华', '1', 'M', '1955-02-10', '422201195502100918', NULL, NULL, '汉', '武汉', '1973.05', NULL, NULL, NULL, NULL, NULL, NULL, NULL, NULL, NULL, NULL, NULL, NULL, NULL, NULL, NULL, NULL, NULL, NULL, NULL, NULL, NULL, NULL, NULL, NULL, NULL, NULL, NULL, NULL, NULL, NULL, NULL, NULL, NULL, NULL, 1, '2014-11-17 15:41:57', NULL, NULL),
	(12, '422201197311230823', '季晴文', '1', 'F', '1973-11-23', '422201197311230823', NULL, NULL, '汉', '孝感', '1994.08', NULL, NULL, NULL, NULL, NULL, NULL, NULL, NULL, NULL, NULL, NULL, NULL, NULL, NULL, NULL, NULL, NULL, NULL, NULL, NULL, NULL, NULL, NULL, NULL, NULL, NULL, NULL, NULL, NULL, NULL, NULL, NULL, NULL, NULL, 1, '2014-11-17 15:41:57', NULL, NULL),
	(13, '422201197606160850', '黄洪涛', '1', 'M', '1976-06-16', '422201197606160850', NULL, NULL, '汉', '孝感', '1997.04', NULL, NULL, NULL, NULL, NULL, NULL, NULL, NULL, NULL, NULL, NULL, NULL, NULL, NULL, NULL, NULL, NULL, NULL, NULL, NULL, NULL, NULL, NULL, NULL, NULL, NULL, NULL, NULL, NULL, NULL, NULL, NULL, NULL, NULL, 1, '2014-11-17 15:41:57', NULL, NULL),
	(14, '422201197204100871', '周建辉', '1', 'M', '1972-04-10', '422201197204100871', NULL, NULL, '汉', '孝感', '1995.01', NULL, NULL, NULL, NULL, NULL, NULL, NULL, NULL, NULL, NULL, NULL, NULL, NULL, NULL, NULL, NULL, NULL, NULL, NULL, NULL, NULL, NULL, NULL, NULL, NULL, NULL, NULL, NULL, NULL, NULL, NULL, NULL, NULL, NULL, 1, '2014-11-17 15:41:57', NULL, NULL),
	(15, '422201197903240873', '熊毅', '1', 'M', '1979-03-24', '422201197903240873', NULL, NULL, '汉', '广水', '1999.10', NULL, NULL, NULL, NULL, NULL, NULL, NULL, NULL, NULL, NULL, NULL, NULL, NULL, NULL, NULL, NULL, NULL, NULL, NULL, NULL, NULL, NULL, NULL, NULL, NULL, NULL, NULL, NULL, NULL, NULL, NULL, NULL, NULL, NULL, 1, '2014-11-17 15:41:57', NULL, NULL),
	(16, '422201197201030900', '邬艳红', '1', 'F', '1972-01-03', '422201197201030900', NULL, NULL, '汉', '孝感', '1992.07', NULL, NULL, NULL, NULL, NULL, NULL, NULL, NULL, NULL, NULL, NULL, NULL, NULL, NULL, NULL, NULL, NULL, NULL, NULL, NULL, NULL, NULL, NULL, NULL, NULL, NULL, NULL, NULL, NULL, NULL, NULL, NULL, NULL, NULL, 1, '2014-11-17 15:41:57', NULL, NULL),
	(17, '422201197306040822', '余玲', '1', 'F', '1973-06-04', '422201197306040822', NULL, NULL, '汉', '武汉', '1992.07', NULL, NULL, NULL, NULL, NULL, NULL, NULL, NULL, NULL, NULL, NULL, NULL, NULL, NULL, NULL, NULL, NULL, NULL, NULL, NULL, NULL, NULL, NULL, NULL, NULL, NULL, NULL, NULL, NULL, NULL, NULL, NULL, NULL, NULL, 1, '2014-11-17 15:41:57', NULL, NULL),
	(18, '422201195509160833', '高少雄', '1', 'M', '1955-09-16', '422201195509160833', NULL, NULL, '汉', '汉川', '1978.09', NULL, NULL, NULL, NULL, NULL, NULL, NULL, NULL, NULL, NULL, NULL, NULL, NULL, NULL, NULL, NULL, NULL, NULL, NULL, NULL, NULL, NULL, NULL, NULL, NULL, NULL, NULL, NULL, NULL, NULL, NULL, NULL, NULL, NULL, 1, '2014-11-17 15:41:57', NULL, NULL),
	(19, '422201195909150810', '唐桂平', '1', 'M', '1959-09-15', '422201195909150810', NULL, NULL, '汉', '汉川', '1982.07', NULL, NULL, NULL, NULL, NULL, NULL, NULL, NULL, NULL, NULL, NULL, NULL, NULL, NULL, NULL, NULL, NULL, NULL, NULL, NULL, NULL, NULL, NULL, NULL, NULL, NULL, NULL, NULL, NULL, NULL, NULL, NULL, NULL, NULL, 1, '2014-11-17 15:41:57', NULL, NULL),
	(20, '422201195711100877', '王启木', '1', 'M', '1957-11-10', '422201195711100877', NULL, NULL, '汉', '黄陂', '1980.01', NULL, NULL, NULL, NULL, NULL, NULL, NULL, NULL, NULL, NULL, NULL, NULL, NULL, NULL, NULL, NULL, NULL, NULL, NULL, NULL, NULL, NULL, NULL, NULL, NULL, NULL, NULL, NULL, NULL, NULL, NULL, NULL, NULL, NULL, 1, '2014-11-17 15:41:57', NULL, NULL),
	(21, '422201196808200924', '肖复颖', '1', 'F', '1968-08-20', '422201196808200924', NULL, NULL, '汉', '孝感', '1990.08', NULL, NULL, NULL, NULL, NULL, NULL, NULL, NULL, NULL, NULL, NULL, NULL, NULL, NULL, NULL, NULL, NULL, NULL, NULL, NULL, NULL, NULL, NULL, NULL, NULL, NULL, NULL, NULL, NULL, NULL, NULL, NULL, NULL, NULL, 1, '2014-11-17 15:41:57', NULL, NULL),
	(22, '422201196807011005', '黄祖荣', '1', 'F', '1968-07-01', '422201196807011005', NULL, NULL, '汉', '新洲', '1991.08', NULL, NULL, NULL, NULL, NULL, NULL, NULL, NULL, NULL, NULL, NULL, NULL, NULL, NULL, NULL, NULL, NULL, NULL, NULL, NULL, NULL, NULL, NULL, NULL, NULL, NULL, NULL, NULL, NULL, NULL, NULL, NULL, NULL, NULL, 1, '2014-11-17 15:41:57', NULL, NULL),
	(23, '422201196603110837', '李霁', '1', 'M', '1966-03-11', '422201196603110837', NULL, NULL, '汉', '武汉', '1987.12', NULL, NULL, NULL, NULL, NULL, NULL, NULL, NULL, NULL, NULL, NULL, NULL, NULL, NULL, NULL, NULL, NULL, NULL, NULL, NULL, NULL, NULL, NULL, NULL, NULL, NULL, NULL, NULL, NULL, NULL, NULL, NULL, NULL, NULL, 1, '2014-11-17 15:41:57', NULL, NULL),
	(24, '42220119660807082X', '黄长萍', '1', 'F', '1966-08-07', '42220119660807082X', NULL, NULL, '汉', '汉川', '1988.08', NULL, NULL, NULL, NULL, NULL, NULL, NULL, NULL, NULL, NULL, NULL, NULL, NULL, NULL, NULL, NULL, NULL, NULL, NULL, NULL, NULL, NULL, NULL, NULL, NULL, NULL, NULL, NULL, NULL, NULL, NULL, NULL, NULL, NULL, 1, '2014-11-17 15:41:57', NULL, NULL),
	(25, '420106196409295617', '褚少斌', '1', 'M', '1964-09-29', '420106196409295617', NULL, NULL, '汉', '云梦', '1988.07', NULL, NULL, NULL, NULL, NULL, NULL, NULL, NULL, NULL, NULL, NULL, NULL, NULL, NULL, NULL, NULL, NULL, NULL, NULL, NULL, NULL, NULL, NULL, NULL, NULL, NULL, NULL, NULL, NULL, NULL, NULL, NULL, NULL, NULL, 1, '2014-11-17 15:41:57', NULL, NULL),
	(26, '422201196802220879', '何柏成', '1', 'M', '1968-02-22', '422201196802220879', NULL, NULL, '汉', '大悟', '1991.09', NULL, NULL, NULL, NULL, NULL, NULL, NULL, NULL, NULL, NULL, NULL, NULL, NULL, NULL, NULL, NULL, NULL, NULL, NULL, NULL, NULL, NULL, NULL, NULL, NULL, NULL, NULL, NULL, NULL, NULL, NULL, NULL, NULL, NULL, 1, '2014-11-17 15:41:57', NULL, NULL),
	(27, '422201196711220822', '付小清', '1', 'F', '1967-11-22', '422201196711220822', NULL, NULL, '汉', '大悟', '1991.08', NULL, NULL, NULL, NULL, NULL, NULL, NULL, NULL, NULL, NULL, NULL, NULL, NULL, NULL, NULL, NULL, NULL, NULL, NULL, NULL, NULL, NULL, NULL, NULL, NULL, NULL, NULL, NULL, NULL, NULL, NULL, NULL, NULL, NULL, 1, '2014-11-17 15:41:57', NULL, NULL),
	(28, '422201196905240821', '王天红', '1', 'F', '1969-05-24', '422201196905240821', NULL, NULL, '汉', '南漳', '1990.08', NULL, NULL, NULL, NULL, NULL, NULL, NULL, NULL, NULL, NULL, NULL, NULL, NULL, NULL, NULL, NULL, NULL, NULL, NULL, NULL, NULL, NULL, NULL, NULL, NULL, NULL, NULL, NULL, NULL, NULL, NULL, NULL, NULL, NULL, 1, '2014-11-17 15:41:57', NULL, NULL),
	(29, '422223196710106014', '颜仁学', '1', 'M', '1967-10-10', '422223196710106014', NULL, NULL, '汉', '大悟', '1987.07', NULL, NULL, NULL, NULL, NULL, NULL, NULL, NULL, NULL, NULL, NULL, NULL, NULL, NULL, NULL, NULL, NULL, NULL, NULL, NULL, NULL, NULL, NULL, NULL, NULL, NULL, NULL, NULL, NULL, NULL, NULL, NULL, NULL, NULL, 1, '2014-11-17 15:41:57', NULL, NULL),
	(30, '422201196808130858', '李涛', '1', 'M', '1968-08-13', '422201196808130858', NULL, NULL, '汉', '孝感', '1989.09', NULL, NULL, NULL, NULL, NULL, NULL, NULL, NULL, NULL, NULL, NULL, NULL, NULL, NULL, NULL, NULL, NULL, NULL, NULL, NULL, NULL, NULL, NULL, NULL, NULL, NULL, NULL, NULL, NULL, NULL, NULL, NULL, NULL, NULL, 1, '2014-11-17 15:41:57', NULL, NULL),
	(31, '422201197206200876', '王伟', '1', 'M', '1972-06-20', '422201197206200876', NULL, NULL, '汉', '孝感', '1995.11', NULL, NULL, NULL, NULL, NULL, NULL, NULL, NULL, NULL, NULL, NULL, NULL, NULL, NULL, NULL, NULL, NULL, NULL, NULL, NULL, NULL, NULL, NULL, NULL, NULL, NULL, NULL, NULL, NULL, NULL, NULL, NULL, NULL, NULL, 1, '2014-11-17 15:41:57', NULL, NULL),
	(32, '422201197408010958', '尹作元', '1', 'M', '1974-08-01', '422201197408010958', NULL, NULL, '汉', '汉川', '1997.09', NULL, NULL, NULL, NULL, NULL, NULL, NULL, NULL, NULL, NULL, NULL, NULL, NULL, NULL, NULL, NULL, NULL, NULL, NULL, NULL, NULL, NULL, NULL, NULL, NULL, NULL, NULL, NULL, NULL, NULL, NULL, NULL, NULL, NULL, 1, '2014-11-17 15:41:57', NULL, NULL),
	(33, '422201196503280847', '张晓玲', '1', 'F', '1965-03-28', '422201196503280847', NULL, NULL, '汉', '孝感', '1987.07', NULL, NULL, NULL, NULL, NULL, NULL, NULL, NULL, NULL, NULL, NULL, NULL, NULL, NULL, NULL, NULL, NULL, NULL, NULL, NULL, NULL, NULL, NULL, NULL, NULL, NULL, NULL, NULL, NULL, NULL, NULL, NULL, NULL, NULL, 1, '2014-11-17 15:41:57', NULL, NULL),
	(34, '420922197108086086', '蔡帼霞', '1', 'F', '1971-08-08', '420922197108086086', NULL, NULL, '汉', '大悟', '1989.07', NULL, NULL, NULL, NULL, NULL, NULL, NULL, NULL, NULL, NULL, NULL, NULL, NULL, NULL, NULL, NULL, NULL, NULL, NULL, NULL, NULL, NULL, NULL, NULL, NULL, NULL, NULL, NULL, NULL, NULL, NULL, NULL, NULL, NULL, 1, '2014-11-17 15:41:57', NULL, NULL),
	(35, '422201197011260828', '董丹', '1', 'F', '1970-11-26', '422201197011260828', NULL, NULL, '汉', '孝感', '1991.08', NULL, NULL, NULL, NULL, NULL, NULL, NULL, NULL, NULL, NULL, NULL, NULL, NULL, NULL, NULL, NULL, NULL, NULL, NULL, NULL, NULL, NULL, NULL, NULL, NULL, NULL, NULL, NULL, NULL, NULL, NULL, NULL, NULL, NULL, 1, '2014-11-17 15:41:57', NULL, NULL),
	(36, '422201197202181727', '明贵钗', '1', 'F', '1972-02-18', '422201197202181727', NULL, NULL, '汉', '孝感', '1996.09', NULL, NULL, NULL, NULL, NULL, NULL, NULL, NULL, NULL, NULL, NULL, NULL, NULL, NULL, NULL, NULL, NULL, NULL, NULL, NULL, NULL, NULL, NULL, NULL, NULL, NULL, NULL, NULL, NULL, NULL, NULL, NULL, NULL, NULL, 1, '2014-11-17 15:41:57', NULL, NULL),
	(37, '422201196807030855', '姚维宏', '1', 'M', '1968-07-03', '422201196807030855', NULL, NULL, '汉', '大悟', '1991.07', NULL, NULL, NULL, NULL, NULL, NULL, NULL, NULL, NULL, NULL, NULL, NULL, NULL, NULL, NULL, NULL, NULL, NULL, NULL, NULL, NULL, NULL, NULL, NULL, NULL, NULL, NULL, NULL, NULL, NULL, NULL, NULL, NULL, NULL, 1, '2014-11-17 15:41:57', NULL, NULL),
	(38, '422201196704180826', '田雪梅', '1', 'F', '1967-04-18', '422201196704180826', NULL, NULL, '汉', '汉川', '1990.08', NULL, NULL, NULL, NULL, NULL, NULL, NULL, NULL, NULL, NULL, NULL, NULL, NULL, NULL, NULL, NULL, NULL, NULL, NULL, NULL, NULL, NULL, NULL, NULL, NULL, NULL, NULL, NULL, NULL, NULL, NULL, NULL, NULL, NULL, 1, '2014-11-17 15:41:57', NULL, NULL),
	(39, '422201195409190816', '高望初', '1', 'M', '1954-09-19', '422201195409190816', NULL, NULL, '汉', '云梦', '1977.06', NULL, NULL, NULL, NULL, NULL, NULL, NULL, NULL, NULL, NULL, NULL, NULL, NULL, NULL, NULL, NULL, NULL, NULL, NULL, NULL, NULL, NULL, NULL, NULL, NULL, NULL, NULL, NULL, NULL, NULL, NULL, NULL, NULL, NULL, 1, '2014-11-17 15:41:57', NULL, NULL),
	(40, '422201196607011115', '陈勇', '1', 'M', '1966-07-01', '422201196607011115', NULL, NULL, '汉', '孝感', '1988.08', NULL, NULL, NULL, NULL, NULL, NULL, NULL, NULL, NULL, NULL, NULL, NULL, NULL, NULL, NULL, NULL, NULL, NULL, NULL, NULL, NULL, NULL, NULL, NULL, NULL, NULL, NULL, NULL, NULL, NULL, NULL, NULL, NULL, NULL, 1, '2014-11-17 15:41:57', NULL, NULL),
	(41, '42220119640519083X', '周梅生', '1', 'M', '1964-05-19', '42220119640519083X', NULL, NULL, '汉', '应城', '1983.08', NULL, NULL, NULL, NULL, NULL, NULL, NULL, NULL, NULL, NULL, NULL, NULL, NULL, NULL, NULL, NULL, NULL, NULL, NULL, NULL, NULL, NULL, NULL, NULL, NULL, NULL, NULL, NULL, NULL, NULL, NULL, NULL, NULL, NULL, 1, '2014-11-17 15:41:57', NULL, NULL),
	(42, '420902196505100849', '孙玉红', '1', 'F', '1965-05-10', '420902196505100849', NULL, NULL, '汉', '应城', '1982.12', NULL, NULL, NULL, NULL, NULL, NULL, NULL, NULL, NULL, NULL, NULL, NULL, NULL, NULL, NULL, NULL, NULL, NULL, NULL, NULL, NULL, NULL, NULL, NULL, NULL, NULL, NULL, NULL, NULL, NULL, NULL, NULL, NULL, NULL, 1, '2014-11-17 15:41:57', NULL, NULL),
	(43, '422201196609200817', '许新平', '1', 'M', '1966-09-20', '422201196609200817', NULL, NULL, '汉', '汉川', '1986.07', NULL, NULL, NULL, NULL, NULL, NULL, NULL, NULL, NULL, NULL, NULL, NULL, NULL, NULL, NULL, NULL, NULL, NULL, NULL, NULL, NULL, NULL, NULL, NULL, NULL, NULL, NULL, NULL, NULL, NULL, NULL, NULL, NULL, NULL, 1, '2014-11-17 15:41:57', NULL, NULL),
	(44, '422228196109050023', '汪丽华', '1', 'F', '1961-09-05', '422228196109050023', NULL, NULL, '汉', '武汉', '1977.08', NULL, NULL, NULL, NULL, NULL, NULL, NULL, NULL, NULL, NULL, NULL, NULL, NULL, NULL, NULL, NULL, NULL, NULL, NULL, NULL, NULL, NULL, NULL, NULL, NULL, NULL, NULL, NULL, NULL, NULL, NULL, NULL, NULL, NULL, 1, '2014-11-17 15:41:57', NULL, NULL),
	(45, '42220119550305081X', '胡少峰', '1', 'M', '1955-03-05', '42220119550305081X', NULL, NULL, '汉', '孝感', '1974.07', NULL, NULL, NULL, NULL, NULL, NULL, NULL, NULL, NULL, NULL, NULL, NULL, NULL, NULL, NULL, NULL, NULL, NULL, NULL, NULL, NULL, NULL, NULL, NULL, NULL, NULL, NULL, NULL, NULL, NULL, NULL, NULL, NULL, NULL, 1, '2014-11-17 15:41:57', NULL, NULL),
	(46, '422201196108100834', '齐孝宜', '1', 'M', '1961-08-10', '422201196108100834', NULL, NULL, '汉', '北京', '1979.10', NULL, NULL, NULL, NULL, NULL, NULL, NULL, NULL, NULL, NULL, NULL, NULL, NULL, NULL, NULL, NULL, NULL, NULL, NULL, NULL, NULL, NULL, NULL, NULL, NULL, NULL, NULL, NULL, NULL, NULL, NULL, NULL, NULL, NULL, 1, '2014-11-17 15:41:57', NULL, NULL),
	(47, '422201196204050830', '付同桥', '1', 'M', '1962-04-05', '422201196204050830', NULL, NULL, '汉', '孝感', '1981.06', NULL, NULL, NULL, NULL, NULL, NULL, NULL, NULL, NULL, NULL, NULL, NULL, NULL, NULL, NULL, NULL, NULL, NULL, NULL, NULL, NULL, NULL, NULL, NULL, NULL, NULL, NULL, NULL, NULL, NULL, NULL, NULL, NULL, NULL, 1, '2014-11-17 15:41:57', NULL, NULL),
	(48, '422201196212160845', '李琼华', '1', 'F', '1962-12-16', '422201196212160845', NULL, NULL, '汉', '孝感', '1980.06', NULL, NULL, NULL, NULL, NULL, NULL, NULL, NULL, NULL, NULL, NULL, NULL, NULL, NULL, NULL, NULL, NULL, NULL, NULL, NULL, NULL, NULL, NULL, NULL, NULL, NULL, NULL, NULL, NULL, NULL, NULL, NULL, NULL, NULL, 1, '2014-11-17 15:41:57', NULL, NULL),
	(49, '422426197410111916', '孟宪琪', '1', 'M', '1974-10-11', '422426197410111916', NULL, NULL, '汉', '洪湖', '1997.09', NULL, NULL, NULL, NULL, NULL, NULL, NULL, NULL, NULL, NULL, NULL, NULL, NULL, NULL, NULL, NULL, NULL, NULL, NULL, NULL, NULL, NULL, NULL, NULL, NULL, NULL, NULL, NULL, NULL, NULL, NULL, NULL, NULL, NULL, 1, '2014-11-17 15:41:57', NULL, NULL),
	(50, '422201196910110896', '刘洪涛', '1', 'M', '1969-10-11', '422201196910110896', NULL, NULL, '汉', '孝感', '1991.08', NULL, NULL, NULL, NULL, NULL, NULL, NULL, NULL, NULL, NULL, NULL, NULL, NULL, NULL, NULL, NULL, NULL, NULL, NULL, NULL, NULL, NULL, NULL, NULL, NULL, NULL, NULL, NULL, NULL, NULL, NULL, NULL, NULL, NULL, 1, '2014-11-17 15:41:57', NULL, NULL),
	(51, '422724197312252209', '赵华蓉', '1', 'F', '1973-12-25', '422724197312252209', NULL, NULL, '汉', '当阳', '1997.09', NULL, NULL, NULL, NULL, NULL, NULL, NULL, NULL, NULL, NULL, NULL, NULL, NULL, NULL, NULL, NULL, NULL, NULL, NULL, NULL, NULL, NULL, NULL, NULL, NULL, NULL, NULL, NULL, NULL, NULL, NULL, NULL, NULL, NULL, 1, '2014-11-17 15:41:58', NULL, NULL),
	(52, '422201197410011036', '朱旭红', '1', 'M', '1974-10-01', '422201197410011036', NULL, NULL, '汉', '孝昌', '1997.09', NULL, NULL, NULL, NULL, NULL, NULL, NULL, NULL, NULL, NULL, NULL, NULL, NULL, NULL, NULL, NULL, NULL, NULL, NULL, NULL, NULL, NULL, NULL, NULL, NULL, NULL, NULL, NULL, NULL, NULL, NULL, NULL, NULL, NULL, 1, '2014-11-17 15:41:58', NULL, NULL),
	(53, '422201197507180848', '张明惠', '1', 'F', '1975-07-18', '422201197507180848', NULL, NULL, '汉', '孝感', '1998.03', NULL, NULL, NULL, NULL, NULL, NULL, NULL, NULL, NULL, NULL, NULL, NULL, NULL, NULL, NULL, NULL, NULL, NULL, NULL, NULL, NULL, NULL, NULL, NULL, NULL, NULL, NULL, NULL, NULL, NULL, NULL, NULL, NULL, NULL, 1, '2014-11-17 15:41:58', NULL, NULL),
	(54, '42220119701002089X', '刘昆', '1', 'M', '1970-10-02', '42220119701002089X', NULL, NULL, '汉', '大悟', '1992.01', NULL, NULL, NULL, NULL, NULL, NULL, NULL, NULL, NULL, NULL, NULL, NULL, NULL, NULL, NULL, NULL, NULL, NULL, NULL, NULL, NULL, NULL, NULL, NULL, NULL, NULL, NULL, NULL, NULL, NULL, NULL, NULL, NULL, NULL, 1, '2014-11-17 15:41:58', NULL, NULL),
	(55, '422204197511260022', '肖玉', '1', 'F', '1975-11-26', '422204197511260022', NULL, NULL, '汉', '广水', '1997.09', NULL, NULL, NULL, NULL, NULL, NULL, NULL, NULL, NULL, NULL, NULL, NULL, NULL, NULL, NULL, NULL, NULL, NULL, NULL, NULL, NULL, NULL, NULL, NULL, NULL, NULL, NULL, NULL, NULL, NULL, NULL, NULL, NULL, NULL, 1, '2014-11-17 15:41:58', NULL, NULL),
	(56, '422201197205110872', '黄毅', '1', 'M', '1972-05-11', '422201197205110872', NULL, NULL, '汉', '大悟', '1996.09', NULL, NULL, NULL, NULL, NULL, NULL, NULL, NULL, NULL, NULL, NULL, NULL, NULL, NULL, NULL, NULL, NULL, NULL, NULL, NULL, NULL, NULL, NULL, NULL, NULL, NULL, NULL, NULL, NULL, NULL, NULL, NULL, NULL, NULL, 1, '2014-11-17 15:41:58', NULL, NULL),
	(57, '422201197309210911', '严志雄', '1', 'M', '1973-09-21', '422201197309210911', NULL, NULL, '汉', '汉川', '1996.09', NULL, NULL, NULL, NULL, NULL, NULL, NULL, NULL, NULL, NULL, NULL, NULL, NULL, NULL, NULL, NULL, NULL, NULL, NULL, NULL, NULL, NULL, NULL, NULL, NULL, NULL, NULL, NULL, NULL, NULL, NULL, NULL, NULL, NULL, 1, '2014-11-17 15:41:58', NULL, NULL),
	(58, '422201197306010850', '李汉军', '1', 'M', '1973-06-01', '422201197306010850', NULL, NULL, '汉', '大悟', '1996.11', NULL, NULL, NULL, NULL, NULL, NULL, NULL, NULL, NULL, NULL, NULL, NULL, NULL, NULL, NULL, NULL, NULL, NULL, NULL, NULL, NULL, NULL, NULL, NULL, NULL, NULL, NULL, NULL, NULL, NULL, NULL, NULL, NULL, NULL, 1, '2014-11-17 15:41:58', NULL, NULL),
	(59, '422201197302231859', '万里涛', '1', 'M', '1973-02-23', '422201197302231859', NULL, NULL, '汉', '孝感', '1996.12', NULL, NULL, NULL, NULL, NULL, NULL, NULL, NULL, NULL, NULL, NULL, NULL, NULL, NULL, NULL, NULL, NULL, NULL, NULL, NULL, NULL, NULL, NULL, NULL, NULL, NULL, NULL, NULL, NULL, NULL, NULL, NULL, NULL, NULL, 1, '2014-11-17 15:41:58', NULL, NULL),
	(60, '422201197302101018', '郑海', '1', 'M', '1973-02-10', '422201197302101018', NULL, NULL, '汉', '应城', '1996.11', NULL, NULL, NULL, NULL, NULL, NULL, NULL, NULL, NULL, NULL, NULL, NULL, NULL, NULL, NULL, NULL, NULL, NULL, NULL, NULL, NULL, NULL, NULL, NULL, NULL, NULL, NULL, NULL, NULL, NULL, NULL, NULL, NULL, NULL, 1, '2014-11-17 15:41:58', NULL, NULL),
	(61, '422201196705110811', '李成福', '1', 'M', '1967-05-11', '422201196705110811', NULL, NULL, '汉', '汉川', '1989.07', NULL, NULL, NULL, NULL, NULL, NULL, NULL, NULL, NULL, NULL, NULL, NULL, NULL, NULL, NULL, NULL, NULL, NULL, NULL, NULL, NULL, NULL, NULL, NULL, NULL, NULL, NULL, NULL, NULL, NULL, NULL, NULL, NULL, NULL, 1, '2014-11-17 15:41:58', NULL, NULL),
	(62, '422201197301150854', '黄业学', '1', 'M', '1973-01-15', '422201197301150854', NULL, NULL, '汉', '孝感', '1992.08', NULL, NULL, NULL, NULL, NULL, NULL, NULL, NULL, NULL, NULL, NULL, NULL, NULL, NULL, NULL, NULL, NULL, NULL, NULL, NULL, NULL, NULL, NULL, NULL, NULL, NULL, NULL, NULL, NULL, NULL, NULL, NULL, NULL, NULL, 1, '2014-11-17 15:41:58', NULL, NULL),
	(63, '422202197310214713', '姜仁华', '1', 'M', '1973-10-21', '422202197310214713', NULL, NULL, '汉', '应城', '1995.09', NULL, NULL, NULL, NULL, NULL, NULL, NULL, NULL, NULL, NULL, NULL, NULL, NULL, NULL, NULL, NULL, NULL, NULL, NULL, NULL, NULL, NULL, NULL, NULL, NULL, NULL, NULL, NULL, NULL, NULL, NULL, NULL, NULL, NULL, 1, '2014-11-17 15:41:58', NULL, NULL),
	(64, '422251197109011433', '彭宗汉', '1', 'M', '1971-09-01', '422251197109011433', NULL, NULL, '汉', '孝感', '1995.01', NULL, NULL, NULL, NULL, NULL, NULL, NULL, NULL, NULL, NULL, NULL, NULL, NULL, NULL, NULL, NULL, NULL, NULL, NULL, NULL, NULL, NULL, NULL, NULL, NULL, NULL, NULL, NULL, NULL, NULL, NULL, NULL, NULL, NULL, 1, '2014-11-17 15:41:58', NULL, NULL),
	(65, '42220119710106461X', '方双舟', '1', 'M', '1971-01-06', '42220119710106461X', NULL, NULL, '汉', '孝昌', '199309', NULL, NULL, NULL, NULL, NULL, NULL, NULL, NULL, NULL, NULL, NULL, NULL, NULL, NULL, NULL, NULL, NULL, NULL, NULL, NULL, NULL, NULL, NULL, NULL, NULL, NULL, NULL, NULL, NULL, NULL, NULL, NULL, NULL, NULL, 1, '2014-11-17 15:41:58', NULL, NULL),
	(66, '422201197012180838', '周小辉', '1', 'M', '1970-12-18', '422201197012180838', NULL, NULL, '汉', '孝感', '1990.09', NULL, NULL, NULL, NULL, NULL, NULL, NULL, NULL, NULL, NULL, NULL, NULL, NULL, NULL, NULL, NULL, NULL, NULL, NULL, NULL, NULL, NULL, NULL, NULL, NULL, NULL, NULL, NULL, NULL, NULL, NULL, NULL, NULL, NULL, 1, '2014-11-17 15:41:58', NULL, NULL),
	(67, '422201197209010904', '余小芳', '1', 'F', '1972-09-01', '422201197209010904', NULL, NULL, '汉', '黄陂', '1991.08', NULL, NULL, NULL, NULL, NULL, NULL, NULL, NULL, NULL, NULL, NULL, NULL, NULL, NULL, NULL, NULL, NULL, NULL, NULL, NULL, NULL, NULL, NULL, NULL, NULL, NULL, NULL, NULL, NULL, NULL, NULL, NULL, NULL, NULL, 1, '2014-11-17 15:41:58', NULL, NULL),
	(68, '422201197208200845', '卢峥嵘', '1', 'F', '1972-08-20', '422201197208200845', NULL, NULL, '汉', '随州', '1991.08', NULL, NULL, NULL, NULL, NULL, NULL, NULL, NULL, NULL, NULL, NULL, NULL, NULL, NULL, NULL, NULL, NULL, NULL, NULL, NULL, NULL, NULL, NULL, NULL, NULL, NULL, NULL, NULL, NULL, NULL, NULL, NULL, NULL, NULL, 1, '2014-11-17 15:41:58', NULL, NULL),
	(69, '422201196805140823', '汤玮丽', '1', 'F', '1968-05-14', '422201196805140823', NULL, NULL, '汉', '孝感', '1987.04', NULL, NULL, NULL, NULL, NULL, NULL, NULL, NULL, NULL, NULL, NULL, NULL, NULL, NULL, NULL, NULL, NULL, NULL, NULL, NULL, NULL, NULL, NULL, NULL, NULL, NULL, NULL, NULL, NULL, NULL, NULL, NULL, NULL, NULL, 1, '2014-11-17 15:41:58', NULL, NULL),
	(70, '422201196601210869', '余爱珠', '1', 'F', '1966-01-21', '422201196601210869', NULL, NULL, '汉', '武汉', '1985.11', NULL, NULL, NULL, NULL, NULL, NULL, NULL, NULL, NULL, NULL, NULL, NULL, NULL, NULL, NULL, NULL, NULL, NULL, NULL, NULL, NULL, NULL, NULL, NULL, NULL, NULL, NULL, NULL, NULL, NULL, NULL, NULL, NULL, NULL, 1, '2014-11-17 15:41:58', NULL, NULL),
	(71, '422101197710235546', '张耀珍', '1', 'F', '1977-10-23', '422101197710235546', NULL, NULL, '汉', '孝昌', '2001.09', NULL, NULL, NULL, NULL, NULL, NULL, NULL, NULL, NULL, NULL, NULL, NULL, NULL, NULL, NULL, NULL, NULL, NULL, NULL, NULL, NULL, NULL, NULL, NULL, NULL, NULL, NULL, NULL, NULL, NULL, NULL, NULL, NULL, NULL, 1, '2014-11-17 15:41:58', NULL, NULL),
	(72, '429006197910270349', '王立丽', '1', 'F', '1979-10-27', '429006197910270349', NULL, NULL, '汉', '天门', '2002.06', NULL, NULL, NULL, NULL, NULL, NULL, NULL, NULL, NULL, NULL, NULL, NULL, NULL, NULL, NULL, NULL, NULL, NULL, NULL, NULL, NULL, NULL, NULL, NULL, NULL, NULL, NULL, NULL, NULL, NULL, NULL, NULL, NULL, NULL, 1, '2014-11-17 15:41:58', NULL, NULL),
	(73, '42098219761014601X', '任德安', '1', 'M', '1976-10-14', '42098219761014601X', NULL, NULL, '汉', '孝感', '1999.07', NULL, NULL, NULL, NULL, NULL, NULL, NULL, NULL, NULL, NULL, NULL, NULL, NULL, NULL, NULL, NULL, NULL, NULL, NULL, NULL, NULL, NULL, NULL, NULL, NULL, NULL, NULL, NULL, NULL, NULL, NULL, NULL, NULL, NULL, 1, '2014-11-17 15:41:58', NULL, NULL),
	(74, '420983197906051710', '徐静雨', '1', 'M', '1979-06-05', '420983197906051710', NULL, NULL, '汉', '广水', '2003.09', NULL, NULL, NULL, NULL, NULL, NULL, NULL, NULL, NULL, NULL, NULL, NULL, NULL, NULL, NULL, NULL, NULL, NULL, NULL, NULL, NULL, NULL, NULL, NULL, NULL, NULL, NULL, NULL, NULL, NULL, NULL, NULL, NULL, NULL, 1, '2014-11-17 15:41:58', NULL, NULL),
	(75, '422228197402068075', '黄泽平', '1', 'M', '1974-02-06', '422228197402068075', NULL, NULL, '汉', '汉川', '1997.09', NULL, NULL, NULL, NULL, NULL, NULL, NULL, NULL, NULL, NULL, NULL, NULL, NULL, NULL, NULL, NULL, NULL, NULL, NULL, NULL, NULL, NULL, NULL, NULL, NULL, NULL, NULL, NULL, NULL, NULL, NULL, NULL, NULL, NULL, 1, '2014-11-17 15:41:58', NULL, NULL),
	(76, '420521198207150422', '周玉华', '1', 'F', '1982-07-15', '420521198207150422', NULL, NULL, '汉', '宜昌', '2004.08', NULL, NULL, NULL, NULL, NULL, NULL, NULL, NULL, NULL, NULL, NULL, NULL, NULL, NULL, NULL, NULL, NULL, NULL, NULL, NULL, NULL, NULL, NULL, NULL, NULL, NULL, NULL, NULL, NULL, NULL, NULL, NULL, NULL, NULL, 1, '2014-11-17 15:41:58', NULL, NULL),
	(77, '421003198107074021', '王美荣', '1', 'F', '1981-07-07', '421003198107074021', NULL, NULL, '汉', '荆州', '2004.08', NULL, NULL, NULL, NULL, NULL, NULL, NULL, NULL, NULL, NULL, NULL, NULL, NULL, NULL, NULL, NULL, NULL, NULL, NULL, NULL, NULL, NULL, NULL, NULL, NULL, NULL, NULL, NULL, NULL, NULL, NULL, NULL, NULL, NULL, 1, '2014-11-17 15:41:58', NULL, NULL),
	(78, '420202198011290428', '刘孝艳', '1', 'F', '1980-11-29', '420202198011290428', NULL, NULL, '汉', '宜昌', '2003.08', NULL, NULL, NULL, NULL, NULL, NULL, NULL, NULL, NULL, NULL, NULL, NULL, NULL, NULL, NULL, NULL, NULL, NULL, NULL, NULL, NULL, NULL, NULL, NULL, NULL, NULL, NULL, NULL, NULL, NULL, NULL, NULL, NULL, NULL, 1, '2014-11-17 15:41:58', NULL, NULL),
	(79, '422201196610040830', '杨志忠', '1', 'M', '1966-10-04', '422201196610040830', NULL, NULL, '汉', '孝感', '1985.07', NULL, NULL, NULL, NULL, NULL, NULL, NULL, NULL, NULL, NULL, NULL, NULL, NULL, NULL, NULL, NULL, NULL, NULL, NULL, NULL, NULL, NULL, NULL, NULL, NULL, NULL, NULL, NULL, NULL, NULL, NULL, NULL, NULL, NULL, 1, '2014-11-17 15:41:58', NULL, NULL),
	(80, '422201197004030848', '李红萍', '1', 'F', '1970-04-03', '422201197004030848', NULL, NULL, '汉', '应城', '1989.09', NULL, NULL, NULL, NULL, NULL, NULL, NULL, NULL, NULL, NULL, NULL, NULL, NULL, NULL, NULL, NULL, NULL, NULL, NULL, NULL, NULL, NULL, NULL, NULL, NULL, NULL, NULL, NULL, NULL, NULL, NULL, NULL, NULL, NULL, 1, '2014-11-17 15:41:58', NULL, NULL),
	(81, '422201197208020852', '付四全', '1', 'M', '1972-08-02', '422201197208020852', NULL, NULL, '汉', '孝感', '1997.11', NULL, NULL, NULL, NULL, NULL, NULL, NULL, NULL, NULL, NULL, NULL, NULL, NULL, NULL, NULL, NULL, NULL, NULL, NULL, NULL, NULL, NULL, NULL, NULL, NULL, NULL, NULL, NULL, NULL, NULL, NULL, NULL, NULL, NULL, 1, '2014-11-17 15:41:58', NULL, NULL),
	(82, '422201197007210895', '罗浩', '1', 'M', '1970-07-21', '422201197007210895', NULL, NULL, '汉', '孝感', '1989.09', NULL, NULL, NULL, NULL, NULL, NULL, NULL, NULL, NULL, NULL, NULL, NULL, NULL, NULL, NULL, NULL, NULL, NULL, NULL, NULL, NULL, NULL, NULL, NULL, NULL, NULL, NULL, NULL, NULL, NULL, NULL, NULL, NULL, NULL, 1, '2014-11-17 15:41:58', NULL, NULL),
	(83, '422201620101045', '蔡大臣', '1', 'M', '1962-01-01', '422201620101045', NULL, NULL, '汉', '孝感', '1988.03', NULL, NULL, NULL, NULL, NULL, NULL, NULL, NULL, NULL, NULL, NULL, NULL, NULL, NULL, NULL, NULL, NULL, NULL, NULL, NULL, NULL, NULL, NULL, NULL, NULL, NULL, NULL, NULL, NULL, NULL, NULL, NULL, NULL, NULL, 1, '2014-11-17 15:41:58', NULL, NULL),
	(84, '422201196002205953', '刘爱民', '1', 'M', '1960-02-20', '422201196002205953', NULL, NULL, '汉', '孝感', '1976.07', NULL, NULL, NULL, NULL, NULL, NULL, NULL, NULL, NULL, NULL, NULL, NULL, NULL, NULL, NULL, NULL, NULL, NULL, NULL, NULL, NULL, NULL, NULL, NULL, NULL, NULL, NULL, NULL, NULL, NULL, NULL, NULL, NULL, NULL, 1, '2014-11-17 15:41:58', NULL, NULL),
	(85, '422201197908040811', '肖寒', '1', 'M', '1979-08-04', '422201197908040811', NULL, NULL, '汉', '孝感', '2004.07', NULL, NULL, NULL, NULL, NULL, NULL, NULL, NULL, NULL, NULL, NULL, NULL, NULL, NULL, NULL, NULL, NULL, NULL, NULL, NULL, NULL, NULL, NULL, NULL, NULL, NULL, NULL, NULL, NULL, NULL, NULL, NULL, NULL, NULL, 1, '2014-11-17 15:41:58', NULL, NULL),
	(86, '422201195510020838', '陶学强', '1', 'M', '1955-10-02', '422201195510020838', NULL, NULL, '汉', '孝感', '1976.06', NULL, NULL, NULL, NULL, NULL, NULL, NULL, NULL, NULL, NULL, NULL, NULL, NULL, NULL, NULL, NULL, NULL, NULL, NULL, NULL, NULL, NULL, NULL, NULL, NULL, NULL, NULL, NULL, NULL, NULL, NULL, NULL, NULL, NULL, 1, '2014-11-17 15:41:58', NULL, NULL),
	(87, '422201195504100911', '李自然', '1', 'M', '1955-04-10', '422201195504100911', NULL, NULL, '汉', '孝昌', '1970.08', NULL, NULL, NULL, NULL, NULL, NULL, NULL, NULL, NULL, NULL, NULL, NULL, NULL, NULL, NULL, NULL, NULL, NULL, NULL, NULL, NULL, NULL, NULL, NULL, NULL, NULL, NULL, NULL, NULL, NULL, NULL, NULL, NULL, NULL, 1, '2014-11-17 15:41:58', NULL, NULL),
	(88, '422201196308150836', '刘小雄', '1', 'M', '1963-08-15', '422201196308150836', NULL, NULL, '汉', '湖南', '1980.09', NULL, NULL, NULL, NULL, NULL, NULL, NULL, NULL, NULL, NULL, NULL, NULL, NULL, NULL, NULL, NULL, NULL, NULL, NULL, NULL, NULL, NULL, NULL, NULL, NULL, NULL, NULL, NULL, NULL, NULL, NULL, NULL, NULL, NULL, 1, '2014-11-17 15:41:58', NULL, NULL),
	(89, '422201196812020846', '邬桂红', '1', 'F', '1968-12-02', '422201196812020846', NULL, NULL, '汉', '孝感', '1982.08', NULL, NULL, NULL, NULL, NULL, NULL, NULL, NULL, NULL, NULL, NULL, NULL, NULL, NULL, NULL, NULL, NULL, NULL, NULL, NULL, NULL, NULL, NULL, NULL, NULL, NULL, NULL, NULL, NULL, NULL, NULL, NULL, NULL, NULL, 1, '2014-11-17 15:41:58', NULL, NULL),
	(90, '422201196507210811', '余仕勇', '1', 'M', '1965-07-21', '422201196507210811', NULL, NULL, '汉', '武汉', '1986.12', NULL, NULL, NULL, NULL, NULL, NULL, NULL, NULL, NULL, NULL, NULL, NULL, NULL, NULL, NULL, NULL, NULL, NULL, NULL, NULL, NULL, NULL, NULL, NULL, NULL, NULL, NULL, NULL, NULL, NULL, NULL, NULL, NULL, NULL, 1, '2014-11-17 15:41:58', NULL, NULL),
	(91, '422201195503300815', '冷炳奎', '1', 'M', '1955-03-30', '422201195503300815', NULL, NULL, '汉', '孝感', '1970.07', NULL, NULL, NULL, NULL, NULL, NULL, NULL, NULL, NULL, NULL, NULL, NULL, NULL, NULL, NULL, NULL, NULL, NULL, NULL, NULL, NULL, NULL, NULL, NULL, NULL, NULL, NULL, NULL, NULL, NULL, NULL, NULL, NULL, NULL, 1, '2014-11-17 15:41:58', NULL, NULL),
	(92, '422201195712150817', '李生强', '1', 'M', '1957-12-15', '422201195712150817', NULL, NULL, '汉', '孝感', '1973.07', NULL, NULL, NULL, NULL, NULL, NULL, NULL, NULL, NULL, NULL, NULL, NULL, NULL, NULL, NULL, NULL, NULL, NULL, NULL, NULL, NULL, NULL, NULL, NULL, NULL, NULL, NULL, NULL, NULL, NULL, NULL, NULL, NULL, NULL, 1, '2014-11-17 15:41:58', NULL, NULL),
	(93, '422201195412190833', '李敏林', '1', 'M', '1954-12-19', '422201195412190833', NULL, NULL, '汉', '武汉', '1970.1', NULL, NULL, NULL, NULL, NULL, NULL, NULL, NULL, NULL, NULL, NULL, NULL, NULL, NULL, NULL, NULL, NULL, NULL, NULL, NULL, NULL, NULL, NULL, NULL, NULL, NULL, NULL, NULL, NULL, NULL, NULL, NULL, NULL, NULL, 1, '2014-11-17 15:41:58', NULL, NULL),
	(94, '422201195611300812', '冷炳林', '1', 'M', '1956-11-30', '422201195611300812', NULL, NULL, '汉', '孝感', '1973.07', NULL, NULL, NULL, NULL, NULL, NULL, NULL, NULL, NULL, NULL, NULL, NULL, NULL, NULL, NULL, NULL, NULL, NULL, NULL, NULL, NULL, NULL, NULL, NULL, NULL, NULL, NULL, NULL, NULL, NULL, NULL, NULL, NULL, NULL, 1, '2014-11-17 15:41:58', NULL, NULL),
	(95, '422201196210020857', '张幼安', '1', 'M', '1962-10-02', '422201196210020857', NULL, NULL, '汉', '孝昌', '1980.05', NULL, NULL, NULL, NULL, NULL, NULL, NULL, NULL, NULL, NULL, NULL, NULL, NULL, NULL, NULL, NULL, NULL, NULL, NULL, NULL, NULL, NULL, NULL, NULL, NULL, NULL, NULL, NULL, NULL, NULL, NULL, NULL, NULL, NULL, 1, '2014-11-17 15:41:58', NULL, NULL),
	(96, '42220119701118081X', '王云胜', '1', 'M', '1970-11-18', '42220119701118081X', NULL, NULL, '汉', '孝感', '1988.12', NULL, NULL, NULL, NULL, NULL, NULL, NULL, NULL, NULL, NULL, NULL, NULL, NULL, NULL, NULL, NULL, NULL, NULL, NULL, NULL, NULL, NULL, NULL, NULL, NULL, NULL, NULL, NULL, NULL, NULL, NULL, NULL, NULL, NULL, 1, '2014-11-17 15:41:58', NULL, NULL),
	(97, '422201197010100929', '王香兰', '1', 'F', '1970-10-10', '422201197010100929', NULL, NULL, '汉', '孝感', '1988.12', NULL, NULL, NULL, NULL, NULL, NULL, NULL, NULL, NULL, NULL, NULL, NULL, NULL, NULL, NULL, NULL, NULL, NULL, NULL, NULL, NULL, NULL, NULL, NULL, NULL, NULL, NULL, NULL, NULL, NULL, NULL, NULL, NULL, NULL, 1, '2014-11-17 15:41:58', NULL, NULL),
	(98, '422201196808080870', '王六货', '1', 'M', '1968-08-08', '422201196808080870', NULL, NULL, '汉', '孝感', '1988.12', NULL, NULL, NULL, NULL, NULL, NULL, NULL, NULL, NULL, NULL, NULL, NULL, NULL, NULL, NULL, NULL, NULL, NULL, NULL, NULL, NULL, NULL, NULL, NULL, NULL, NULL, NULL, NULL, NULL, NULL, NULL, NULL, NULL, NULL, 1, '2014-11-17 15:41:58', NULL, NULL),
	(99, '422201196410120887', '郑协仙', '1', 'F', '1964-10-12', '422201196410120887', NULL, NULL, '汉', '孝感', '1988.12', NULL, NULL, NULL, NULL, NULL, NULL, NULL, NULL, NULL, NULL, NULL, NULL, NULL, NULL, NULL, NULL, NULL, NULL, NULL, NULL, NULL, NULL, NULL, NULL, NULL, NULL, NULL, NULL, NULL, NULL, NULL, NULL, NULL, NULL, 1, '2014-11-17 15:41:58', NULL, NULL),
	(100, '422201196809180849', '王玉珍', '1', 'F', '1968-09-18', '422201196809180849', NULL, NULL, '汉', '孝感', '1988.12', NULL, NULL, NULL, NULL, NULL, NULL, NULL, NULL, NULL, NULL, NULL, NULL, NULL, NULL, NULL, NULL, NULL, NULL, NULL, NULL, NULL, NULL, NULL, NULL, NULL, NULL, NULL, NULL, NULL, NULL, NULL, NULL, NULL, NULL, 1, '2014-11-17 15:41:58', NULL, NULL),
	(101, '42220119650801082X', '郑菊芳', '1', 'F', '1965-08-01', '42220119650801082X', NULL, NULL, '汉', '孝感', '1988.09', NULL, NULL, NULL, NULL, NULL, NULL, NULL, NULL, NULL, NULL, NULL, NULL, NULL, NULL, NULL, NULL, NULL, NULL, NULL, NULL, NULL, NULL, NULL, NULL, NULL, NULL, NULL, NULL, NULL, NULL, NULL, NULL, NULL, NULL, 1, '2014-11-17 15:41:58', NULL, NULL),
	(102, '422201197307280836', '瞿宗照', '1', 'M', '1973-07-28', '422201197307280836', NULL, NULL, '汉', '广水', '1990.12', NULL, NULL, NULL, NULL, NULL, NULL, NULL, NULL, NULL, NULL, NULL, NULL, NULL, NULL, NULL, NULL, NULL, NULL, NULL, NULL, NULL, NULL, NULL, NULL, NULL, NULL, NULL, NULL, NULL, NULL, NULL, NULL, NULL, NULL, 1, '2014-11-17 15:41:58', NULL, NULL),
	(103, '422201197205071136', '汪忠敏', '1', 'M', '1972-05-07', '422201197205071136', NULL, NULL, '汉', '大悟', '1990.01', NULL, NULL, NULL, NULL, NULL, NULL, NULL, NULL, NULL, NULL, NULL, NULL, NULL, NULL, NULL, NULL, NULL, NULL, NULL, NULL, NULL, NULL, NULL, NULL, NULL, NULL, NULL, NULL, NULL, NULL, NULL, NULL, NULL, NULL, 1, '2014-11-17 15:41:58', NULL, NULL),
	(104, '422201197410060866', '王海香', '1', 'F', '1974-10-06', '422201197410060866', NULL, NULL, '汉', '孝感', '1994.07', NULL, NULL, NULL, NULL, NULL, NULL, NULL, NULL, NULL, NULL, NULL, NULL, NULL, NULL, NULL, NULL, NULL, NULL, NULL, NULL, NULL, NULL, NULL, NULL, NULL, NULL, NULL, NULL, NULL, NULL, NULL, NULL, NULL, NULL, 1, '2014-11-17 15:41:58', NULL, NULL),
	(105, '422201197407130886', '丁丽华', '1', 'F', '1974-07-13', '422201197407130886', NULL, NULL, '汉', '孝昌', '1993.11', NULL, NULL, NULL, NULL, NULL, NULL, NULL, NULL, NULL, NULL, NULL, NULL, NULL, NULL, NULL, NULL, NULL, NULL, NULL, NULL, NULL, NULL, NULL, NULL, NULL, NULL, NULL, NULL, NULL, NULL, NULL, NULL, NULL, NULL, 1, '2014-11-17 15:41:58', NULL, NULL),
	(106, '422201196910100866', '郑小芳', '1', 'F', '1969-10-10', '422201196910100866', NULL, NULL, '汉', '孝感', '1988.12', NULL, NULL, NULL, NULL, NULL, NULL, NULL, NULL, NULL, NULL, NULL, NULL, NULL, NULL, NULL, NULL, NULL, NULL, NULL, NULL, NULL, NULL, NULL, NULL, NULL, NULL, NULL, NULL, NULL, NULL, NULL, NULL, NULL, NULL, 1, '2014-11-17 15:41:58', NULL, NULL),
	(107, '422201196411100845', '王萍萍', '1', 'F', '1964-11-10', '422201196411100845', NULL, NULL, '汉', '随州', '1992.07', NULL, NULL, NULL, NULL, NULL, NULL, NULL, NULL, NULL, NULL, NULL, NULL, NULL, NULL, NULL, NULL, NULL, NULL, NULL, NULL, NULL, NULL, NULL, NULL, NULL, NULL, NULL, NULL, NULL, NULL, NULL, NULL, NULL, NULL, 1, '2014-11-17 15:41:58', NULL, NULL),
	(108, '422201197508150448', '骆红霞', '1', 'F', '1975-08-15', '422201197508150448', NULL, NULL, '汉', '孝感', '1997.09', NULL, NULL, NULL, NULL, NULL, NULL, NULL, NULL, NULL, NULL, NULL, NULL, NULL, NULL, NULL, NULL, NULL, NULL, NULL, NULL, NULL, NULL, NULL, NULL, NULL, NULL, NULL, NULL, NULL, NULL, NULL, NULL, NULL, NULL, 1, '2014-11-17 15:41:58', NULL, NULL),
	(109, '422201197309080862', '黄红菊', '1', 'F', '1973-09-08', '422201197309080862', NULL, NULL, '汉', '孝感', '1995.03', NULL, NULL, NULL, NULL, NULL, NULL, NULL, NULL, NULL, NULL, NULL, NULL, NULL, NULL, NULL, NULL, NULL, NULL, NULL, NULL, NULL, NULL, NULL, NULL, NULL, NULL, NULL, NULL, NULL, NULL, NULL, NULL, NULL, NULL, 1, '2014-11-17 15:41:58', NULL, NULL),
	(110, '422201751223085', '黄斌', '1', 'M', '1975-12-23', '422201751223085', NULL, NULL, '汉', '孝感', '1993.01', NULL, NULL, NULL, NULL, NULL, NULL, NULL, NULL, NULL, NULL, NULL, NULL, NULL, NULL, NULL, NULL, NULL, NULL, NULL, NULL, NULL, NULL, NULL, NULL, NULL, NULL, NULL, NULL, NULL, NULL, NULL, NULL, NULL, NULL, 1, '2014-11-17 15:41:58', NULL, NULL),
	(111, '420106196305240814', '谭绍雄', '1', 'M', '1963-05-24', '420106196305240814', NULL, NULL, '汉', '汉川', '1982.07', NULL, NULL, NULL, NULL, NULL, NULL, NULL, NULL, NULL, NULL, NULL, NULL, NULL, NULL, NULL, NULL, NULL, NULL, NULL, NULL, NULL, NULL, NULL, NULL, NULL, NULL, NULL, NULL, NULL, NULL, NULL, NULL, NULL, NULL, 1, '2014-11-17 15:41:58', NULL, NULL),
	(112, '422228196510071787', '夏金凤', '1', 'F', '1965-10-07', '422228196510071787', NULL, NULL, '汉', '汉川', '1986.07', NULL, NULL, NULL, NULL, NULL, NULL, NULL, NULL, NULL, NULL, NULL, NULL, NULL, NULL, NULL, NULL, NULL, NULL, NULL, NULL, NULL, NULL, NULL, NULL, NULL, NULL, NULL, NULL, NULL, NULL, NULL, NULL, NULL, NULL, 1, '2014-11-17 15:41:58', NULL, NULL),
	(113, '42243119620501251X', '邱松来', '1', 'M', '1962-05-01', '42243119620501251X', NULL, NULL, '汉', '汉川', '1983.07', NULL, NULL, NULL, NULL, NULL, NULL, NULL, NULL, NULL, NULL, NULL, NULL, NULL, NULL, NULL, NULL, NULL, NULL, NULL, NULL, NULL, NULL, NULL, NULL, NULL, NULL, NULL, NULL, NULL, NULL, NULL, NULL, NULL, NULL, 1, '2014-11-17 15:41:58', NULL, NULL),
	(114, '420984197111268015', '金西平', '1', 'M', '1971-11-26', '420984197111268015', NULL, NULL, '汉', '汉川', '1995.07', NULL, NULL, NULL, NULL, NULL, NULL, NULL, NULL, NULL, NULL, NULL, NULL, NULL, NULL, NULL, NULL, NULL, NULL, NULL, NULL, NULL, NULL, NULL, NULL, NULL, NULL, NULL, NULL, NULL, NULL, NULL, NULL, NULL, NULL, 1, '2014-11-17 15:41:58', NULL, NULL),
	(115, '420923197912064917', '胡林桥', '1', 'M', '1979-12-06', '420923197912064917', NULL, NULL, '汉', '云梦', '2002.09', NULL, NULL, NULL, NULL, NULL, NULL, NULL, NULL, NULL, NULL, NULL, NULL, NULL, NULL, NULL, NULL, NULL, NULL, NULL, NULL, NULL, NULL, NULL, NULL, NULL, NULL, NULL, NULL, NULL, NULL, NULL, NULL, NULL, NULL, 1, '2014-11-17 15:41:58', NULL, NULL),
	(116, '420922197805216034', '李国昌', '1', 'M', '1978-05-21', '420922197805216034', NULL, NULL, '汉', '大悟', '2002.09', NULL, NULL, NULL, NULL, NULL, NULL, NULL, NULL, NULL, NULL, NULL, NULL, NULL, NULL, NULL, NULL, NULL, NULL, NULL, NULL, NULL, NULL, NULL, NULL, NULL, NULL, NULL, NULL, NULL, NULL, NULL, NULL, NULL, NULL, 1, '2014-11-17 15:41:58', NULL, NULL),
	(117, '420983197906249049', '王琴', '1', 'F', '1979-06-24', '420983197906249049', NULL, NULL, '汉', '广水', '2002.09', NULL, NULL, NULL, NULL, NULL, NULL, NULL, NULL, NULL, NULL, NULL, NULL, NULL, NULL, NULL, NULL, NULL, NULL, NULL, NULL, NULL, NULL, NULL, NULL, NULL, NULL, NULL, NULL, NULL, NULL, NULL, NULL, NULL, NULL, 1, '2014-11-17 15:41:58', NULL, NULL),
	(118, '420923198005184944', '黄艳萍', '1', 'F', '1980-05-18', '420923198005184944', NULL, NULL, '汉', '云梦', '2002.09', NULL, NULL, NULL, NULL, NULL, NULL, NULL, NULL, NULL, NULL, NULL, NULL, NULL, NULL, NULL, NULL, NULL, NULL, NULL, NULL, NULL, NULL, NULL, NULL, NULL, NULL, NULL, NULL, NULL, NULL, NULL, NULL, NULL, NULL, 1, '2014-11-17 15:41:58', NULL, NULL),
	(119, '420922197901100031', '郭琦', '1', 'M', '1979-01-10', '420922197901100031', NULL, NULL, '汉', '大悟', '2002.09', NULL, NULL, NULL, NULL, NULL, NULL, NULL, NULL, NULL, NULL, NULL, NULL, NULL, NULL, NULL, NULL, NULL, NULL, NULL, NULL, NULL, NULL, NULL, NULL, NULL, NULL, NULL, NULL, NULL, NULL, NULL, NULL, NULL, NULL, 1, '2014-11-17 15:41:58', NULL, NULL),
	(120, '420902197907150843', '朱玲', '1', 'F', '1979-07-15', '420902197907150843', NULL, NULL, '汉', '安陆', '2001.09', NULL, NULL, NULL, NULL, NULL, NULL, NULL, NULL, NULL, NULL, NULL, NULL, NULL, NULL, NULL, NULL, NULL, NULL, NULL, NULL, NULL, NULL, NULL, NULL, NULL, NULL, NULL, NULL, NULL, NULL, NULL, NULL, NULL, NULL, 1, '2014-11-17 15:41:58', NULL, NULL),
	(121, '420922197811203838', '夏军光', '1', 'M', '1978-11-20', '420922197811203838', NULL, NULL, '汉', '大悟', '2002.09', NULL, NULL, NULL, NULL, NULL, NULL, NULL, NULL, NULL, NULL, NULL, NULL, NULL, NULL, NULL, NULL, NULL, NULL, NULL, NULL, NULL, NULL, NULL, NULL, NULL, NULL, NULL, NULL, NULL, NULL, NULL, NULL, NULL, NULL, 1, '2014-11-17 15:41:58', NULL, NULL),
	(122, '420902197806250840', '王丽娟', '1', 'F', '1978-06-25', '420902197806250840', NULL, NULL, '汉', '孝感', '2000.01', NULL, NULL, NULL, NULL, NULL, NULL, NULL, NULL, NULL, NULL, NULL, NULL, NULL, NULL, NULL, NULL, NULL, NULL, NULL, NULL, NULL, NULL, NULL, NULL, NULL, NULL, NULL, NULL, NULL, NULL, NULL, NULL, NULL, NULL, 1, '2014-11-17 15:41:58', NULL, NULL),
	(123, '42098319811007361X', '陈鹏', '1', 'M', '1981-10-07', '42098319811007361X', NULL, NULL, '汉', '广水', '2003.06', NULL, NULL, NULL, NULL, NULL, NULL, NULL, NULL, NULL, NULL, NULL, NULL, NULL, NULL, NULL, NULL, NULL, NULL, NULL, NULL, NULL, NULL, NULL, NULL, NULL, NULL, NULL, NULL, NULL, NULL, NULL, NULL, NULL, NULL, 1, '2014-11-17 15:41:58', NULL, NULL),
	(124, '420921198108255116', '张亚军', '1', 'M', '1981-08-25', '420921198108255116', NULL, NULL, '汉', '孝感', '2003.07', NULL, NULL, NULL, NULL, NULL, NULL, NULL, NULL, NULL, NULL, NULL, NULL, NULL, NULL, NULL, NULL, NULL, NULL, NULL, NULL, NULL, NULL, NULL, NULL, NULL, NULL, NULL, NULL, NULL, NULL, NULL, NULL, NULL, NULL, 1, '2014-11-17 15:41:58', NULL, NULL),
	(125, '422226196810064914', '李小林', '1', 'M', '1968-10-06', '422226196810064914', NULL, NULL, '汉', '云梦', '1990.09', NULL, NULL, NULL, NULL, NULL, NULL, NULL, NULL, NULL, NULL, NULL, NULL, NULL, NULL, NULL, NULL, NULL, NULL, NULL, NULL, NULL, NULL, NULL, NULL, NULL, NULL, NULL, NULL, NULL, NULL, NULL, NULL, NULL, NULL, 1, '2014-11-17 15:41:58', NULL, NULL),
	(126, '420922198001161458', '何孟良', '1', 'M', '1980-01-16', '420922198001161458', NULL, NULL, '汉', '大悟', '2004.08', NULL, NULL, NULL, NULL, NULL, NULL, NULL, NULL, NULL, NULL, NULL, NULL, NULL, NULL, NULL, NULL, NULL, NULL, NULL, NULL, NULL, NULL, NULL, NULL, NULL, NULL, NULL, NULL, NULL, NULL, NULL, NULL, NULL, NULL, 1, '2014-11-17 15:41:58', NULL, NULL),
	(127, '42062519811028402X', '吉小敏', '1', 'F', '1981-10-28', '42062519811028402X', NULL, NULL, '汉', '襄樊', '2004.08', NULL, NULL, NULL, NULL, NULL, NULL, NULL, NULL, NULL, NULL, NULL, NULL, NULL, NULL, NULL, NULL, NULL, NULL, NULL, NULL, NULL, NULL, NULL, NULL, NULL, NULL, NULL, NULL, NULL, NULL, NULL, NULL, NULL, NULL, 1, '2014-11-17 15:41:58', NULL, NULL),
	(128, '420902198206190847', '张莉', '1', 'F', '1982-06-19', '420902198206190847', NULL, NULL, '汉', '襄樊', '2005.08', NULL, NULL, NULL, NULL, NULL, NULL, NULL, NULL, NULL, NULL, NULL, NULL, NULL, NULL, NULL, NULL, NULL, NULL, NULL, NULL, NULL, NULL, NULL, NULL, NULL, NULL, NULL, NULL, NULL, NULL, NULL, NULL, NULL, NULL, 1, '2014-11-17 15:41:58', NULL, NULL),
	(129, '420923198011025819', '戴圣明', '1', 'M', '1980-11-02', '420923198011025819', NULL, NULL, '汉', '孝感', '2005.08', NULL, NULL, NULL, NULL, NULL, NULL, NULL, NULL, NULL, NULL, NULL, NULL, NULL, NULL, NULL, NULL, NULL, NULL, NULL, NULL, NULL, NULL, NULL, NULL, NULL, NULL, NULL, NULL, NULL, NULL, NULL, NULL, NULL, NULL, 1, '2014-11-17 15:41:58', NULL, NULL),
	(130, '420902198301156997', '彭飞', '1', 'M', '1983-01-15', '420902198301156997', NULL, NULL, '汉', '孝感', '2005.08', NULL, NULL, NULL, NULL, NULL, NULL, NULL, NULL, NULL, NULL, NULL, NULL, NULL, NULL, NULL, NULL, NULL, NULL, NULL, NULL, NULL, NULL, NULL, NULL, NULL, NULL, NULL, NULL, NULL, NULL, NULL, NULL, NULL, NULL, 1, '2014-11-17 15:41:58', NULL, NULL),
	(131, '422201198009150069', '张萍', '1', 'F', '1980-09-15', '422201198009150069', NULL, NULL, '汉', '孝感', '2005.08', NULL, NULL, NULL, NULL, NULL, NULL, NULL, NULL, NULL, NULL, NULL, NULL, NULL, NULL, NULL, NULL, NULL, NULL, NULL, NULL, NULL, NULL, NULL, NULL, NULL, NULL, NULL, NULL, NULL, NULL, NULL, NULL, NULL, NULL, 1, '2014-11-17 15:41:58', NULL, NULL),
	(132, '422202198402097045', '雷丁', '1', 'F', '1984-02-09', '422202198402097045', NULL, NULL, '汉', '孝感', '2005.08', NULL, NULL, NULL, NULL, NULL, NULL, NULL, NULL, NULL, NULL, NULL, NULL, NULL, NULL, NULL, NULL, NULL, NULL, NULL, NULL, NULL, NULL, NULL, NULL, NULL, NULL, NULL, NULL, NULL, NULL, NULL, NULL, NULL, NULL, 1, '2014-11-17 15:41:58', NULL, NULL),
	(133, '420983198202234054', '乐中义', '1', 'M', '1982-02-23', '420983198202234054', NULL, NULL, '汉', '随洲', '2005.08', NULL, NULL, NULL, NULL, NULL, NULL, NULL, NULL, NULL, NULL, NULL, NULL, NULL, NULL, NULL, NULL, NULL, NULL, NULL, NULL, NULL, NULL, NULL, NULL, NULL, NULL, NULL, NULL, NULL, NULL, NULL, NULL, NULL, NULL, 1, '2014-11-17 15:41:58', NULL, NULL),
	(134, '620503198012227025', '王美珍', '1', 'F', '1980-12-22', '620503198012227025', NULL, NULL, '汉', '天水', '2005.08', NULL, NULL, NULL, NULL, NULL, NULL, NULL, NULL, NULL, NULL, NULL, NULL, NULL, NULL, NULL, NULL, NULL, NULL, NULL, NULL, NULL, NULL, NULL, NULL, NULL, NULL, NULL, NULL, NULL, NULL, NULL, NULL, NULL, NULL, 1, '2014-11-17 15:41:58', NULL, NULL),
	(135, '622825198104260611', '曹文英', '1', 'M', '1981-04-26', '622825198104260611', NULL, NULL, '汉', '甘肃', '2005.08', NULL, NULL, NULL, NULL, NULL, NULL, NULL, NULL, NULL, NULL, NULL, NULL, NULL, NULL, NULL, NULL, NULL, NULL, NULL, NULL, NULL, NULL, NULL, NULL, NULL, NULL, NULL, NULL, NULL, NULL, NULL, NULL, NULL, NULL, 1, '2014-11-17 15:41:58', NULL, NULL),
	(136, '42220119820123596X', '胡小燕', '1', 'F', '1982-01-23', '42220119820123596X', NULL, NULL, '汉', '孝感', '2005.07', NULL, NULL, NULL, NULL, NULL, NULL, NULL, NULL, NULL, NULL, NULL, NULL, NULL, NULL, NULL, NULL, NULL, NULL, NULL, NULL, NULL, NULL, NULL, NULL, NULL, NULL, NULL, NULL, NULL, NULL, NULL, NULL, NULL, NULL, 1, '2014-11-17 15:41:58', NULL, NULL),
	(137, '620121198110282432', '吴礼恭', '1', 'M', '1981-10-28', '620121198110282432', NULL, NULL, '汉', '甘肃', '2005.08', NULL, NULL, NULL, NULL, NULL, NULL, NULL, NULL, NULL, NULL, NULL, NULL, NULL, NULL, NULL, NULL, NULL, NULL, NULL, NULL, NULL, NULL, NULL, NULL, NULL, NULL, NULL, NULL, NULL, NULL, NULL, NULL, NULL, NULL, 1, '2014-11-17 15:41:58', NULL, NULL),
	(138, '620121198206013827', '张琴林', '1', 'F', '1982-06-01', '620121198206013827', NULL, NULL, '汉', '甘肃', '2005.08', NULL, NULL, NULL, NULL, NULL, NULL, NULL, NULL, NULL, NULL, NULL, NULL, NULL, NULL, NULL, NULL, NULL, NULL, NULL, NULL, NULL, NULL, NULL, NULL, NULL, NULL, NULL, NULL, NULL, NULL, NULL, NULL, NULL, NULL, 1, '2014-11-17 15:41:58', NULL, NULL),
	(139, '420921198012165538', '丁进波', '1', 'M', '1980-12-16', '420921198012165538', NULL, NULL, '汉', '孝感', '2005.08', NULL, NULL, NULL, NULL, NULL, NULL, NULL, NULL, NULL, NULL, NULL, NULL, NULL, NULL, NULL, NULL, NULL, NULL, NULL, NULL, NULL, NULL, NULL, NULL, NULL, NULL, NULL, NULL, NULL, NULL, NULL, NULL, NULL, NULL, 1, '2014-11-17 15:41:58', NULL, NULL),
	(140, '420323198202013754', '刘耀', '1', 'M', '1982-02-01', '420323198202013754', NULL, NULL, '汉', '十堰', '2006.08', NULL, NULL, NULL, NULL, NULL, NULL, NULL, NULL, NULL, NULL, NULL, NULL, NULL, NULL, NULL, NULL, NULL, NULL, NULL, NULL, NULL, NULL, NULL, NULL, NULL, NULL, NULL, NULL, NULL, NULL, NULL, NULL, NULL, NULL, 1, '2014-11-17 15:41:58', NULL, NULL),
	(141, '429005198308207329', '刘芳', '1', 'F', '1983-08-20', '429005198308207329', NULL, NULL, '汉', '潜江', '2006.08', NULL, NULL, NULL, NULL, NULL, NULL, NULL, NULL, NULL, NULL, NULL, NULL, NULL, NULL, NULL, NULL, NULL, NULL, NULL, NULL, NULL, NULL, NULL, NULL, NULL, NULL, NULL, NULL, NULL, NULL, NULL, NULL, NULL, NULL, 1, '2014-11-17 15:41:58', NULL, NULL),
	(142, '429006198502143062', '鲁明霞', '1', 'F', '1985-02-14', '429006198502143062', NULL, NULL, '汉', '天门', '2006.08', NULL, NULL, NULL, NULL, NULL, NULL, NULL, NULL, NULL, NULL, NULL, NULL, NULL, NULL, NULL, NULL, NULL, NULL, NULL, NULL, NULL, NULL, NULL, NULL, NULL, NULL, NULL, NULL, NULL, NULL, NULL, NULL, NULL, NULL, 1, '2014-11-17 15:41:58', NULL, NULL),
	(143, '422802198201041777', '董道昆', '1', 'M', '1982-01-04', '422802198201041777', NULL, NULL, '汉', '利川', '2006.08', NULL, NULL, NULL, NULL, NULL, NULL, NULL, NULL, NULL, NULL, NULL, NULL, NULL, NULL, NULL, NULL, NULL, NULL, NULL, NULL, NULL, NULL, NULL, NULL, NULL, NULL, NULL, NULL, NULL, NULL, NULL, NULL, NULL, NULL, 1, '2014-11-17 15:41:58', NULL, NULL),
	(144, '42092319820902183X', '康玄烨', '1', 'M', '1982-09-02', '42092319820902183X', NULL, NULL, '汉', '云梦', '2006.08', NULL, NULL, NULL, NULL, NULL, NULL, NULL, NULL, NULL, NULL, NULL, NULL, NULL, NULL, NULL, NULL, NULL, NULL, NULL, NULL, NULL, NULL, NULL, NULL, NULL, NULL, NULL, NULL, NULL, NULL, NULL, NULL, NULL, NULL, 1, '2014-11-17 15:41:58', NULL, NULL),
	(145, '420602198312250528', '夏翠霞', '1', 'F', '1983-12-25', '420602198312250528', NULL, NULL, '汉', '襄樊', '2006.08', NULL, NULL, NULL, NULL, NULL, NULL, NULL, NULL, NULL, NULL, NULL, NULL, NULL, NULL, NULL, NULL, NULL, NULL, NULL, NULL, NULL, NULL, NULL, NULL, NULL, NULL, NULL, NULL, NULL, NULL, NULL, NULL, NULL, NULL, 1, '2014-11-17 15:41:58', NULL, NULL),
	(146, '420116198209213738', '汪龙', '1', 'M', '1982-09-21', '420116198209213738', NULL, NULL, '汉', '黄陂', '2006.08', NULL, NULL, NULL, NULL, NULL, NULL, NULL, NULL, NULL, NULL, NULL, NULL, NULL, NULL, NULL, NULL, NULL, NULL, NULL, NULL, NULL, NULL, NULL, NULL, NULL, NULL, NULL, NULL, NULL, NULL, NULL, NULL, NULL, NULL, 1, '2014-11-17 15:41:58', NULL, NULL),
	(147, '420123198211194912', '冯浩', '1', 'M', '1982-11-19', '420123198211194912', NULL, NULL, '汉', '黄陂', '2006.08', NULL, NULL, NULL, NULL, NULL, NULL, NULL, NULL, NULL, NULL, NULL, NULL, NULL, NULL, NULL, NULL, NULL, NULL, NULL, NULL, NULL, NULL, NULL, NULL, NULL, NULL, NULL, NULL, NULL, NULL, NULL, NULL, NULL, NULL, 1, '2014-11-17 15:41:58', NULL, NULL),
	(148, '420983198308156023', '程秋霞', '1', 'F', '1983-08-15', '420983198308156023', NULL, NULL, '汉', '广水', '2006.08', NULL, NULL, NULL, NULL, NULL, NULL, NULL, NULL, NULL, NULL, NULL, NULL, NULL, NULL, NULL, NULL, NULL, NULL, NULL, NULL, NULL, NULL, NULL, NULL, NULL, NULL, NULL, NULL, NULL, NULL, NULL, NULL, NULL, NULL, 1, '2014-11-17 15:41:58', NULL, NULL),
	(149, '420922197911182018', '胡云安', '1', 'M', '1979-11-18', '420922197911182018', NULL, NULL, '汉', '大悟', '2006.08', NULL, NULL, NULL, NULL, NULL, NULL, NULL, NULL, NULL, NULL, NULL, NULL, NULL, NULL, NULL, NULL, NULL, NULL, NULL, NULL, NULL, NULL, NULL, NULL, NULL, NULL, NULL, NULL, NULL, NULL, NULL, NULL, NULL, NULL, 1, '2014-11-17 15:41:58', NULL, NULL),
	(150, '421127198201263255', '鲁阁', '1', 'M', '1982-01-26', '421127198201263255', NULL, NULL, '汉', '黄石', '2006.08', NULL, NULL, NULL, NULL, NULL, NULL, NULL, NULL, NULL, NULL, NULL, NULL, NULL, NULL, NULL, NULL, NULL, NULL, NULL, NULL, NULL, NULL, NULL, NULL, NULL, NULL, NULL, NULL, NULL, NULL, NULL, NULL, NULL, NULL, 1, '2014-11-17 15:41:58', NULL, NULL),
	(151, '420901198303231122', '刘婷婷', '1', 'F', '1983-03-23', '420901198303231122', NULL, NULL, '汉', '黑龙江', '2006.08', NULL, NULL, NULL, NULL, NULL, NULL, NULL, NULL, NULL, NULL, NULL, NULL, NULL, NULL, NULL, NULL, NULL, NULL, NULL, NULL, NULL, NULL, NULL, NULL, NULL, NULL, NULL, NULL, NULL, NULL, NULL, NULL, NULL, NULL, 1, '2014-11-17 15:41:58', NULL, NULL),
	(152, '420922198112124123', '邓梦菲', '1', 'F', '1981-12-12', '420922198112124123', NULL, NULL, '汉', '大悟', '2006.08', NULL, NULL, NULL, NULL, NULL, NULL, NULL, NULL, NULL, NULL, NULL, NULL, NULL, NULL, NULL, NULL, NULL, NULL, NULL, NULL, NULL, NULL, NULL, NULL, NULL, NULL, NULL, NULL, NULL, NULL, NULL, NULL, NULL, NULL, 1, '2014-11-17 15:41:59', NULL, NULL),
	(153, '420922198310030064', '蔡珊', '1', 'F', '1983-10-03', '420922198310030064', NULL, NULL, '汉', '大悟', '2006.08', NULL, NULL, NULL, NULL, NULL, NULL, NULL, NULL, NULL, NULL, NULL, NULL, NULL, NULL, NULL, NULL, NULL, NULL, NULL, NULL, NULL, NULL, NULL, NULL, NULL, NULL, NULL, NULL, NULL, NULL, NULL, NULL, NULL, NULL, 1, '2014-11-17 15:41:59', NULL, NULL),
	(154, '420982198205065624', '邓燕丽', '1', 'F', '1982-05-06', '420982198205065624', NULL, NULL, '汉', '汉川', '2006.08', NULL, NULL, NULL, NULL, NULL, NULL, NULL, NULL, NULL, NULL, NULL, NULL, NULL, NULL, NULL, NULL, NULL, NULL, NULL, NULL, NULL, NULL, NULL, NULL, NULL, NULL, NULL, NULL, NULL, NULL, NULL, NULL, NULL, NULL, 1, '2014-11-17 15:41:59', NULL, NULL),
	(155, '420123198211216915', '杜亮', '1', 'M', '1982-11-21', '420123198211216915', NULL, NULL, '汉', '武汉', '2006.08', NULL, NULL, NULL, NULL, NULL, NULL, NULL, NULL, NULL, NULL, NULL, NULL, NULL, NULL, NULL, NULL, NULL, NULL, NULL, NULL, NULL, NULL, NULL, NULL, NULL, NULL, NULL, NULL, NULL, NULL, NULL, NULL, NULL, NULL, 1, '2014-11-17 15:41:59', NULL, NULL),
	(156, '420123198308011155', '吴长周', '1', 'M', '1983-08-01', '420123198308011155', NULL, NULL, '汉', '黄陂', '2006.08', NULL, NULL, NULL, NULL, NULL, NULL, NULL, NULL, NULL, NULL, NULL, NULL, NULL, NULL, NULL, NULL, NULL, NULL, NULL, NULL, NULL, NULL, NULL, NULL, NULL, NULL, NULL, NULL, NULL, NULL, NULL, NULL, NULL, NULL, 1, '2014-11-17 15:41:59', NULL, NULL),
	(157, '422201198102282533', '杨洪建', '1', 'M', '1981-02-28', '422201198102282533', NULL, NULL, '汉', '孝感', '2004.08', NULL, NULL, NULL, NULL, NULL, NULL, NULL, NULL, NULL, NULL, NULL, NULL, NULL, NULL, NULL, NULL, NULL, NULL, NULL, NULL, NULL, NULL, NULL, NULL, NULL, NULL, NULL, NULL, NULL, NULL, NULL, NULL, NULL, NULL, 1, '2014-11-17 15:41:59', NULL, NULL),
	(158, '42098319840402811X', '景成杰', '1', 'M', '1984-04-02', '42098319840402811X', NULL, NULL, '汉', '广水', '2006.08', NULL, NULL, NULL, NULL, NULL, NULL, NULL, NULL, NULL, NULL, NULL, NULL, NULL, NULL, NULL, NULL, NULL, NULL, NULL, NULL, NULL, NULL, NULL, NULL, NULL, NULL, NULL, NULL, NULL, NULL, NULL, NULL, NULL, NULL, 1, '2014-11-17 15:41:59', NULL, NULL),
	(159, '420984198306043646', '付英', '1', 'F', '1983-06-04', '420984198306043646', NULL, NULL, '汉', '汉川', '2006.08', NULL, NULL, NULL, NULL, NULL, NULL, NULL, NULL, NULL, NULL, NULL, NULL, NULL, NULL, NULL, NULL, NULL, NULL, NULL, NULL, NULL, NULL, NULL, NULL, NULL, NULL, NULL, NULL, NULL, NULL, NULL, NULL, NULL, NULL, 1, '2014-11-17 15:41:59', NULL, NULL),
	(160, '420623198112265057', '王小海', '1', 'M', '1981-12-26', '420623198112265057', NULL, NULL, '汉', '宜城', '2006.08', NULL, NULL, NULL, NULL, NULL, NULL, NULL, NULL, NULL, NULL, NULL, NULL, NULL, NULL, NULL, NULL, NULL, NULL, NULL, NULL, NULL, NULL, NULL, NULL, NULL, NULL, NULL, NULL, NULL, NULL, NULL, NULL, NULL, NULL, 1, '2014-11-17 15:41:59', NULL, NULL),
	(161, '422201197312017338', '谭友斌', '1', 'M', '1973-12-01', '422201197312017338', NULL, NULL, '汉', '孝感', '2006.08', NULL, NULL, NULL, NULL, NULL, NULL, NULL, NULL, NULL, NULL, NULL, NULL, NULL, NULL, NULL, NULL, NULL, NULL, NULL, NULL, NULL, NULL, NULL, NULL, NULL, NULL, NULL, NULL, NULL, NULL, NULL, NULL, NULL, NULL, 1, '2014-11-17 15:41:59', NULL, NULL),
	(162, '420983198301263643', '王小珍', '1', 'F', '1983-01-26', '420983198301263643', NULL, NULL, '汉', '广水', '2006.08', NULL, NULL, NULL, NULL, NULL, NULL, NULL, NULL, NULL, NULL, NULL, NULL, NULL, NULL, NULL, NULL, NULL, NULL, NULL, NULL, NULL, NULL, NULL, NULL, NULL, NULL, NULL, NULL, NULL, NULL, NULL, NULL, NULL, NULL, 1, '2014-11-17 15:41:59', NULL, NULL),
	(163, '429004821025031', '李涛(小)', '1', 'M', '1982-10-02', '429004821025031', NULL, NULL, '汉', '仙桃', '2006.08', NULL, NULL, NULL, NULL, NULL, NULL, NULL, NULL, NULL, NULL, NULL, NULL, NULL, NULL, NULL, NULL, NULL, NULL, NULL, NULL, NULL, NULL, NULL, NULL, NULL, NULL, NULL, NULL, NULL, NULL, NULL, NULL, NULL, NULL, 1, '2014-11-17 15:41:59', NULL, NULL),
	(164, '420702198302277378', '邱怡发', '1', 'M', '1983-02-27', '420702198302277378', NULL, NULL, '汉', '鄂州', '2006.08', NULL, NULL, NULL, NULL, NULL, NULL, NULL, NULL, NULL, NULL, NULL, NULL, NULL, NULL, NULL, NULL, NULL, NULL, NULL, NULL, NULL, NULL, NULL, NULL, NULL, NULL, NULL, NULL, NULL, NULL, NULL, NULL, NULL, NULL, 1, '2014-11-17 15:41:59', NULL, NULL),
	(165, '420922198110160059', '万志成', '1', 'M', '1981-10-16', '420922198110160059', NULL, NULL, '汉', '大悟', '2007.07', NULL, NULL, NULL, NULL, NULL, NULL, NULL, NULL, NULL, NULL, NULL, NULL, NULL, NULL, NULL, NULL, NULL, NULL, NULL, NULL, NULL, NULL, NULL, NULL, NULL, NULL, NULL, NULL, NULL, NULL, NULL, NULL, NULL, NULL, 1, '2014-11-17 15:41:59', NULL, NULL),
	(166, '429001198407207679', '熊金良', '1', 'M', '1984-07-20', '429001198407207679', NULL, NULL, '汉', '随洲', '2007.08', NULL, NULL, NULL, NULL, NULL, NULL, NULL, NULL, NULL, NULL, NULL, NULL, NULL, NULL, NULL, NULL, NULL, NULL, NULL, NULL, NULL, NULL, NULL, NULL, NULL, NULL, NULL, NULL, NULL, NULL, NULL, NULL, NULL, NULL, 1, '2014-11-17 15:41:59', NULL, NULL),
	(167, '420281198502196175', '黄群乾', '1', 'M', '1985-02-19', '420281198502196175', NULL, NULL, '汉', '大冶', '2007.08', NULL, NULL, NULL, NULL, NULL, NULL, NULL, NULL, NULL, NULL, NULL, NULL, NULL, NULL, NULL, NULL, NULL, NULL, NULL, NULL, NULL, NULL, NULL, NULL, NULL, NULL, NULL, NULL, NULL, NULL, NULL, NULL, NULL, NULL, 1, '2014-11-17 15:41:59', NULL, NULL),
	(168, '420921198407134963', '林玲', '1', 'F', '1984-07-13', '420921198407134963', NULL, NULL, '汉', '孝感', '2007.08', NULL, NULL, NULL, NULL, NULL, NULL, NULL, NULL, NULL, NULL, NULL, NULL, NULL, NULL, NULL, NULL, NULL, NULL, NULL, NULL, NULL, NULL, NULL, NULL, NULL, NULL, NULL, NULL, NULL, NULL, NULL, NULL, NULL, NULL, 1, '2014-11-17 15:41:59', NULL, NULL),
	(169, '422102198311306036', '吴刚', '1', 'M', '1983-11-30', '422102198311306036', NULL, NULL, '汉', '荆洲', '2007.08', NULL, NULL, NULL, NULL, NULL, NULL, NULL, NULL, NULL, NULL, NULL, NULL, NULL, NULL, NULL, NULL, NULL, NULL, NULL, NULL, NULL, NULL, NULL, NULL, NULL, NULL, NULL, NULL, NULL, NULL, NULL, NULL, NULL, NULL, 1, '2014-11-17 15:41:59', NULL, NULL),
	(170, '420902198106281821', '闵文莉', '1', 'F', '1981-06-28', '420902198106281821', NULL, NULL, '汉', '孝感', '2007.08', NULL, NULL, NULL, NULL, NULL, NULL, NULL, NULL, NULL, NULL, NULL, NULL, NULL, NULL, NULL, NULL, NULL, NULL, NULL, NULL, NULL, NULL, NULL, NULL, NULL, NULL, NULL, NULL, NULL, NULL, NULL, NULL, NULL, NULL, 1, '2014-11-17 15:41:59', NULL, NULL),
	(171, '42112519840126791X', '叶智伟', '1', 'M', '1984-01-26', '42112519840126791X', NULL, NULL, '汉', '浠水', '2007.08', NULL, NULL, NULL, NULL, NULL, NULL, NULL, NULL, NULL, NULL, NULL, NULL, NULL, NULL, NULL, NULL, NULL, NULL, NULL, NULL, NULL, NULL, NULL, NULL, NULL, NULL, NULL, NULL, NULL, NULL, NULL, NULL, NULL, NULL, 1, '2014-11-17 15:41:59', NULL, NULL),
	(172, '422826198204055016', '张俊', '1', 'M', '1982-04-05', '422826198204055016', NULL, NULL, '汉', '恩施', '2007.08', NULL, NULL, NULL, NULL, NULL, NULL, NULL, NULL, NULL, NULL, NULL, NULL, NULL, NULL, NULL, NULL, NULL, NULL, NULL, NULL, NULL, NULL, NULL, NULL, NULL, NULL, NULL, NULL, NULL, NULL, NULL, NULL, NULL, NULL, 1, '2014-11-17 15:41:59', NULL, NULL),
	(173, '420922197901078217', '柳祥锋', '1', 'M', '1979-01-07', '420922197901078217', NULL, NULL, '汉', '大悟', '2007.08', NULL, NULL, NULL, NULL, NULL, NULL, NULL, NULL, NULL, NULL, NULL, NULL, NULL, NULL, NULL, NULL, NULL, NULL, NULL, NULL, NULL, NULL, NULL, NULL, NULL, NULL, NULL, NULL, NULL, NULL, NULL, NULL, NULL, NULL, 1, '2014-11-17 15:41:59', NULL, NULL),
	(174, '421003198102024025', '周晶', '1', 'F', '1981-02-02', '421003198102024025', NULL, NULL, '汉', '荆州', '2003.08', NULL, NULL, NULL, NULL, NULL, NULL, NULL, NULL, NULL, NULL, NULL, NULL, NULL, NULL, NULL, NULL, NULL, NULL, NULL, NULL, NULL, NULL, NULL, NULL, NULL, NULL, NULL, NULL, NULL, NULL, NULL, NULL, NULL, NULL, 1, '2014-11-17 15:41:59', NULL, NULL),
	(175, '420621198402138328', '管龙敏', '1', 'F', '1984-02-13', '420621198402138328', NULL, NULL, '汉', '襄樊', '2008.09', NULL, NULL, NULL, NULL, NULL, NULL, NULL, NULL, NULL, NULL, NULL, NULL, NULL, NULL, NULL, NULL, NULL, NULL, NULL, NULL, NULL, NULL, NULL, NULL, NULL, NULL, NULL, NULL, NULL, NULL, NULL, NULL, NULL, NULL, 1, '2014-11-17 15:41:59', NULL, NULL),
	(176, '422202198312180013', '王金', '1', 'M', '1983-12-18', '422202198312180013', NULL, NULL, '汉', '应城', '2008.09', NULL, NULL, NULL, NULL, NULL, NULL, NULL, NULL, NULL, NULL, NULL, NULL, NULL, NULL, NULL, NULL, NULL, NULL, NULL, NULL, NULL, NULL, NULL, NULL, NULL, NULL, NULL, NULL, NULL, NULL, NULL, NULL, NULL, NULL, 1, '2014-11-17 15:41:59', NULL, NULL),
	(177, '422201198209260430', '舒宁波', '1', 'M', '1982-09-26', '422201198209260430', NULL, NULL, '汉', '孝感', '2008.09', NULL, NULL, NULL, NULL, NULL, NULL, NULL, NULL, NULL, NULL, NULL, NULL, NULL, NULL, NULL, NULL, NULL, NULL, NULL, NULL, NULL, NULL, NULL, NULL, NULL, NULL, NULL, NULL, NULL, NULL, NULL, NULL, NULL, NULL, 1, '2014-11-17 15:41:59', NULL, NULL),
	(178, '422201198311012142', '杨丽君', '1', 'F', '1983-11-01', '422201198311012142', NULL, NULL, '汉', '孝感', '2009.09', NULL, NULL, NULL, NULL, NULL, NULL, NULL, NULL, NULL, NULL, NULL, NULL, NULL, NULL, NULL, NULL, NULL, NULL, NULL, NULL, NULL, NULL, NULL, NULL, NULL, NULL, NULL, NULL, NULL, NULL, NULL, NULL, NULL, NULL, 1, '2014-11-17 15:41:59', NULL, NULL),
	(179, '422201198506060873', '王进林', '1', 'M', '1985-06-06', '422201198506060873', NULL, NULL, '汉', '孝感', '2009.09', NULL, NULL, NULL, NULL, NULL, NULL, NULL, NULL, NULL, NULL, NULL, NULL, NULL, NULL, NULL, NULL, NULL, NULL, NULL, NULL, NULL, NULL, NULL, NULL, NULL, NULL, NULL, NULL, NULL, NULL, NULL, NULL, NULL, NULL, 1, '2014-11-17 15:41:59', NULL, NULL),
	(180, '420982198409257265', '潘欢', '1', 'F', '1984-09-25', '420982198409257265', NULL, NULL, '汉', '安陆', '2009.09', NULL, NULL, NULL, NULL, NULL, NULL, NULL, NULL, NULL, NULL, NULL, NULL, NULL, NULL, NULL, NULL, NULL, NULL, NULL, NULL, NULL, NULL, NULL, NULL, NULL, NULL, NULL, NULL, NULL, NULL, NULL, NULL, NULL, NULL, 1, '2014-11-17 15:41:59', NULL, NULL),
	(181, '420984198202283012', '严高', '1', 'M', '1982-02-28', '420984198202283012', NULL, NULL, '汉', '汉川', '2009.09', NULL, NULL, NULL, NULL, NULL, NULL, NULL, NULL, NULL, NULL, NULL, NULL, NULL, NULL, NULL, NULL, NULL, NULL, NULL, NULL, NULL, NULL, NULL, NULL, NULL, NULL, NULL, NULL, NULL, NULL, NULL, NULL, NULL, NULL, 1, '2014-11-17 15:41:59', NULL, NULL),
	(182, '422201198305102221', '刘娟', '1', 'F', '1983-05-10', '422201198305102221', NULL, NULL, '汉', '孝感', '2010.07', NULL, NULL, NULL, NULL, NULL, NULL, NULL, NULL, NULL, NULL, NULL, NULL, NULL, NULL, NULL, NULL, NULL, NULL, NULL, NULL, NULL, NULL, NULL, NULL, NULL, NULL, NULL, NULL, NULL, NULL, NULL, NULL, NULL, NULL, 1, '2014-11-17 15:41:59', NULL, NULL),
	(183, '420802198302140043', '肖婷', '1', 'F', '1983-02-14', '420802198302140043', NULL, NULL, '汉', '荆门', '2010.5', NULL, NULL, NULL, NULL, NULL, NULL, NULL, NULL, NULL, NULL, NULL, NULL, NULL, NULL, NULL, NULL, NULL, NULL, NULL, NULL, NULL, NULL, NULL, NULL, NULL, NULL, NULL, NULL, NULL, NULL, NULL, NULL, NULL, NULL, 1, '2014-11-17 15:41:59', NULL, NULL),
	(184, '420984196507254416', '谢劲撼', '1', 'M', '1965-07-25', '420984196507254416', NULL, NULL, '汉', '汉川', '1988.07', NULL, NULL, NULL, NULL, NULL, NULL, NULL, NULL, NULL, NULL, NULL, NULL, NULL, NULL, NULL, NULL, NULL, NULL, NULL, NULL, NULL, NULL, NULL, NULL, NULL, NULL, NULL, NULL, NULL, NULL, NULL, NULL, NULL, NULL, 1, '2014-11-17 15:41:59', NULL, NULL),
	(185, '420902198410141911', '罗张子', '1', 'M', '1984-10-14', '420902198410141911', NULL, NULL, '汉', '孝感', '2002.12', NULL, NULL, NULL, NULL, NULL, NULL, NULL, NULL, NULL, NULL, NULL, NULL, NULL, NULL, NULL, NULL, NULL, NULL, NULL, NULL, NULL, NULL, NULL, NULL, NULL, NULL, NULL, NULL, NULL, NULL, NULL, NULL, NULL, NULL, 1, '2014-11-17 15:41:59', NULL, NULL),
	(186, '42090219861216082X', '李雪阳', '1', 'F', '1986-12-16', '42090219861216082X', NULL, NULL, '汉', '孝感', '2009.3', NULL, NULL, NULL, NULL, NULL, NULL, NULL, NULL, NULL, NULL, NULL, NULL, NULL, NULL, NULL, NULL, NULL, NULL, NULL, NULL, NULL, NULL, NULL, NULL, NULL, NULL, NULL, NULL, NULL, NULL, NULL, NULL, NULL, NULL, 1, '2014-11-17 15:41:59', NULL, NULL),
	(187, '422201196812190810', '熊才苟', '1', 'M', '1968-12-19', '422201196812190810', NULL, NULL, '汉', '孝感', '1988-12', NULL, NULL, NULL, NULL, NULL, NULL, NULL, NULL, NULL, NULL, NULL, NULL, NULL, NULL, NULL, NULL, NULL, NULL, NULL, NULL, NULL, NULL, NULL, NULL, NULL, NULL, NULL, NULL, NULL, NULL, NULL, NULL, NULL, NULL, 1, '2014-11-17 15:41:59', NULL, NULL),
	(188, '422201197007100856', '宋典斌', '1', 'M', '1970-07-10', '422201197007100856', NULL, NULL, '汉', '孝感', '1988-12', NULL, NULL, NULL, NULL, NULL, NULL, NULL, NULL, NULL, NULL, NULL, NULL, NULL, NULL, NULL, NULL, NULL, NULL, NULL, NULL, NULL, NULL, NULL, NULL, NULL, NULL, NULL, NULL, NULL, NULL, NULL, NULL, NULL, NULL, 1, '2014-11-17 15:41:59', NULL, NULL),
	(189, '420902197001040904', '郑红珍', '1', 'F', '1970-01-04', '420902197001040904', NULL, NULL, '汉', '孝感', '1988-12', NULL, NULL, NULL, NULL, NULL, NULL, NULL, NULL, NULL, NULL, NULL, NULL, NULL, NULL, NULL, NULL, NULL, NULL, NULL, NULL, NULL, NULL, NULL, NULL, NULL, NULL, NULL, NULL, NULL, NULL, NULL, NULL, NULL, NULL, 1, '2014-11-17 15:41:59', NULL, NULL),
	(190, '422201196808080862', '郑桂林', '1', 'F', '1968-08-08', '422201196808080862', NULL, NULL, '汉', '孝感', '1989-7', NULL, NULL, NULL, NULL, NULL, NULL, NULL, NULL, NULL, NULL, NULL, NULL, NULL, NULL, NULL, NULL, NULL, NULL, NULL, NULL, NULL, NULL, NULL, NULL, NULL, NULL, NULL, NULL, NULL, NULL, NULL, NULL, NULL, NULL, 1, '2014-11-17 15:41:59', NULL, NULL),
	(191, '422201196411260822', '郑享珍', '1', 'F', '1964-11-26', '422201196411260822', NULL, NULL, '汉', '孝感', '1989-7', NULL, NULL, NULL, NULL, NULL, NULL, NULL, NULL, NULL, NULL, NULL, NULL, NULL, NULL, NULL, NULL, NULL, NULL, NULL, NULL, NULL, NULL, NULL, NULL, NULL, NULL, NULL, NULL, NULL, NULL, NULL, NULL, NULL, NULL, 1, '2014-11-17 15:41:59', NULL, NULL),
	(192, '42220119660612082X', '熊凤钗', '1', 'F', '1966-06-12', '42220119660612082X', NULL, NULL, '汉', '孝感', '1988-12', NULL, NULL, NULL, NULL, NULL, NULL, NULL, NULL, NULL, NULL, NULL, NULL, NULL, NULL, NULL, NULL, NULL, NULL, NULL, NULL, NULL, NULL, NULL, NULL, NULL, NULL, NULL, NULL, NULL, NULL, NULL, NULL, NULL, NULL, 1, '2014-11-17 15:41:59', NULL, NULL),
	(193, '422201196807250882', '熊珊珊', '1', 'F', '1968-07-25', '422201196807250882', NULL, NULL, '汉', '孝感', '1988-12', NULL, NULL, NULL, NULL, NULL, NULL, NULL, NULL, NULL, NULL, NULL, NULL, NULL, NULL, NULL, NULL, NULL, NULL, NULL, NULL, NULL, NULL, NULL, NULL, NULL, NULL, NULL, NULL, NULL, NULL, NULL, NULL, NULL, NULL, 1, '2014-11-17 15:41:59', NULL, NULL),
	(194, '420902198812030464', '舒艳春', '1', 'F', '1988-12-03', '420902198812030464', NULL, NULL, '汉', '孝感', '', NULL, NULL, NULL, NULL, NULL, NULL, NULL, NULL, NULL, NULL, NULL, NULL, NULL, NULL, NULL, NULL, NULL, NULL, NULL, NULL, NULL, NULL, NULL, NULL, NULL, NULL, NULL, NULL, NULL, NULL, NULL, NULL, NULL, NULL, 1, '2014-11-17 15:41:59', NULL, NULL),
	(195, '422201199008205982', '徐梦', '1', 'F', '1990-08-20', '422201199008205982', NULL, NULL, '汉', '孝感', '2012.9', NULL, NULL, NULL, NULL, NULL, NULL, NULL, NULL, NULL, NULL, NULL, NULL, NULL, NULL, NULL, NULL, NULL, NULL, NULL, NULL, NULL, NULL, NULL, NULL, NULL, NULL, NULL, NULL, NULL, NULL, NULL, NULL, NULL, NULL, 1, '2014-11-17 15:41:59', NULL, NULL),
	(196, '422202197205201873', '莫智勇', '1', 'M', '1972-05-20', '422202197205201873', NULL, NULL, '汉', '孝感', '', NULL, NULL, NULL, NULL, NULL, NULL, NULL, NULL, NULL, NULL, NULL, NULL, NULL, NULL, NULL, NULL, NULL, NULL, NULL, NULL, NULL, NULL, NULL, NULL, NULL, NULL, NULL, NULL, NULL, NULL, NULL, NULL, NULL, NULL, 1, '2014-11-17 15:41:59', NULL, NULL),
	(197, '', '张巍', '1', 'F', '1988-07-07', '', '', '', '汉', '孝感', '', '', '', '', '', '', '', '', '', '', '', '', '', '', '', '', '', '', NULL, '', '', '', '', '', '', NULL, '', '', '', '', '', '', '', '', '', 1, '2014-11-17 15:41:59', 1, '2014-11-17 17:27:45');
/*!40000 ALTER TABLE `t_teachers` ENABLE KEYS */;


-- Dumping structure for table xsglxtsql.t_teacher_subjects
DROP TABLE IF EXISTS `t_teacher_subjects`;
CREATE TABLE IF NOT EXISTS `t_teacher_subjects` (
  `ID` int(10) unsigned NOT NULL AUTO_INCREMENT COMMENT 'ID',
  `teacher_id` int(10) unsigned NOT NULL COMMENT '教师ID',
  `subject_id` int(10) unsigned NOT NULL COMMENT '科目ID',
  `create_user` int(10) unsigned NOT NULL DEFAULT '0',
  `create_time` timestamp NOT NULL DEFAULT CURRENT_TIMESTAMP,
  `update_user` int(10) unsigned DEFAULT NULL,
  `update_time` timestamp NULL DEFAULT NULL,
  PRIMARY KEY (`ID`),
  KEY `FK_t_teacher_subjects_t_teachers` (`teacher_id`),
  KEY `FK_t_teacher_subjects_m_subjects` (`subject_id`),
  CONSTRAINT `FK_t_teacher_subjects_m_subjects` FOREIGN KEY (`subject_id`) REFERENCES `m_subjects` (`ID`),
  CONSTRAINT `FK_t_teacher_subjects_t_teachers` FOREIGN KEY (`teacher_id`) REFERENCES `t_teachers` (`ID`)
) ENGINE=InnoDB AUTO_INCREMENT=256 DEFAULT CHARSET=utf8 COLLATE=utf8_bin COMMENT='教师表';

-- Dumping data for table xsglxtsql.t_teacher_subjects: ~124 rows (approximately)
DELETE FROM `t_teacher_subjects`;
/*!40000 ALTER TABLE `t_teacher_subjects` DISABLE KEYS */;
INSERT INTO `t_teacher_subjects` (`ID`, `teacher_id`, `subject_id`, `create_user`, `create_time`, `update_user`, `update_time`) VALUES
	(1, 18, 5, 1, '2014-11-17 15:41:57', NULL, NULL),
	(2, 19, 2, 1, '2014-11-17 15:41:57', NULL, NULL),
	(3, 20, 6, 1, '2014-11-17 15:41:57', NULL, NULL),
	(4, 21, 3, 1, '2014-11-17 15:41:57', NULL, NULL),
	(5, 22, 3, 1, '2014-11-17 15:41:57', NULL, NULL),
	(6, 23, 1, 1, '2014-11-17 15:41:57', NULL, NULL),
	(7, 26, 6, 1, '2014-11-17 15:41:57', NULL, NULL),
	(8, 27, 2, 1, '2014-11-17 15:41:57', NULL, NULL),
	(9, 28, 7, 1, '2014-11-17 15:41:57', NULL, NULL),
	(10, 29, 1, 1, '2014-11-17 15:41:57', NULL, NULL),
	(11, 30, 1, 1, '2014-11-17 15:41:57', NULL, NULL),
	(12, 31, 6, 1, '2014-11-17 15:41:57', NULL, NULL),
	(13, 32, 4, 1, '2014-11-17 15:41:57', NULL, NULL),
	(14, 35, 13, 1, '2014-11-17 15:41:57', NULL, NULL),
	(15, 36, 5, 1, '2014-11-17 15:41:57', NULL, NULL),
	(16, 37, 13, 1, '2014-11-17 15:41:57', NULL, NULL),
	(17, 40, 11, 1, '2014-11-17 15:41:57', NULL, NULL),
	(18, 41, 4, 1, '2014-11-17 15:41:57', NULL, NULL),
	(19, 42, 7, 1, '2014-11-17 15:41:57', NULL, NULL),
	(20, 43, 9, 1, '2014-11-17 15:41:57', NULL, NULL),
	(21, 49, 4, 1, '2014-11-17 15:41:57', NULL, NULL),
	(22, 50, 9, 1, '2014-11-17 15:41:58', NULL, NULL),
	(23, 51, 5, 1, '2014-11-17 15:41:58', NULL, NULL),
	(24, 52, 1, 1, '2014-11-17 15:41:58', NULL, NULL),
	(25, 53, 3, 1, '2014-11-17 15:41:58', NULL, NULL),
	(26, 54, 7, 1, '2014-11-17 15:41:58', NULL, NULL),
	(27, 55, 3, 1, '2014-11-17 15:41:58', NULL, NULL),
	(28, 56, 2, 1, '2014-11-17 15:41:58', NULL, NULL),
	(29, 57, 8, 1, '2014-11-17 15:41:58', NULL, NULL),
	(30, 59, 13, 1, '2014-11-17 15:41:58', NULL, NULL),
	(31, 61, 2, 1, '2014-11-17 15:41:58', NULL, NULL),
	(32, 63, 4, 1, '2014-11-17 15:41:58', NULL, NULL),
	(33, 65, 2, 1, '2014-11-17 15:41:58', NULL, NULL),
	(34, 71, 5, 1, '2014-11-17 15:41:58', NULL, NULL),
	(35, 72, 1, 1, '2014-11-17 15:41:58', NULL, NULL),
	(36, 73, 1, 1, '2014-11-17 15:41:58', NULL, NULL),
	(37, 74, 4, 1, '2014-11-17 15:41:58', NULL, NULL),
	(38, 75, 1, 1, '2014-11-17 15:41:58', NULL, NULL),
	(39, 76, 1, 1, '2014-11-17 15:41:58', NULL, NULL),
	(40, 77, 1, 1, '2014-11-17 15:41:58', NULL, NULL),
	(41, 78, 2, 1, '2014-11-17 15:41:58', NULL, NULL),
	(42, 79, 11, 1, '2014-11-17 15:41:58', NULL, NULL),
	(43, 111, 2, 1, '2014-11-17 15:41:58', NULL, NULL),
	(44, 112, 3, 1, '2014-11-17 15:41:58', NULL, NULL),
	(45, 114, 9, 1, '2014-11-17 15:41:58', NULL, NULL),
	(46, 116, 4, 1, '2014-11-17 15:41:58', NULL, NULL),
	(47, 117, 3, 1, '2014-11-17 15:41:58', NULL, NULL),
	(48, 118, 3, 1, '2014-11-17 15:41:58', NULL, NULL),
	(49, 119, 3, 1, '2014-11-17 15:41:58', NULL, NULL),
	(50, 120, 1, 1, '2014-11-17 15:41:58', NULL, NULL),
	(51, 121, 8, 1, '2014-11-17 15:41:58', NULL, NULL),
	(52, 122, 1, 1, '2014-11-17 15:41:58', NULL, NULL),
	(53, 123, 1, 1, '2014-11-17 15:41:58', NULL, NULL),
	(54, 124, 2, 1, '2014-11-17 15:41:58', NULL, NULL),
	(55, 125, 2, 1, '2014-11-17 15:41:58', NULL, NULL),
	(56, 126, 3, 1, '2014-11-17 15:41:58', NULL, NULL),
	(57, 127, 7, 1, '2014-11-17 15:41:58', NULL, NULL),
	(58, 128, 1, 1, '2014-11-17 15:41:58', NULL, NULL),
	(59, 129, 2, 1, '2014-11-17 15:41:58', NULL, NULL),
	(60, 130, 2, 1, '2014-11-17 15:41:58', NULL, NULL),
	(61, 131, 3, 1, '2014-11-17 15:41:58', NULL, NULL),
	(62, 132, 3, 1, '2014-11-17 15:41:58', NULL, NULL),
	(63, 133, 7, 1, '2014-11-17 15:41:58', NULL, NULL),
	(64, 134, 2, 1, '2014-11-17 15:41:58', NULL, NULL),
	(65, 135, 3, 1, '2014-11-17 15:41:58', NULL, NULL),
	(66, 136, 1, 1, '2014-11-17 15:41:58', NULL, NULL),
	(67, 137, 9, 1, '2014-11-17 15:41:58', NULL, NULL),
	(68, 138, 9, 1, '2014-11-17 15:41:58', NULL, NULL),
	(69, 139, 13, 1, '2014-11-17 15:41:58', NULL, NULL),
	(70, 140, 1, 1, '2014-11-17 15:41:58', NULL, NULL),
	(71, 141, 1, 1, '2014-11-17 15:41:58', NULL, NULL),
	(72, 142, 1, 1, '2014-11-17 15:41:58', NULL, NULL),
	(73, 143, 1, 1, '2014-11-17 15:41:58', NULL, NULL),
	(74, 144, 2, 1, '2014-11-17 15:41:58', NULL, NULL),
	(75, 145, 2, 1, '2014-11-17 15:41:58', NULL, NULL),
	(76, 146, 2, 1, '2014-11-17 15:41:58', NULL, NULL),
	(77, 147, 2, 1, '2014-11-17 15:41:58', NULL, NULL),
	(78, 148, 2, 1, '2014-11-17 15:41:58', NULL, NULL),
	(79, 149, 2, 1, '2014-11-17 15:41:58', NULL, NULL),
	(80, 150, 3, 1, '2014-11-17 15:41:58', NULL, NULL),
	(81, 151, 3, 1, '2014-11-17 15:41:59', NULL, NULL),
	(82, 152, 3, 1, '2014-11-17 15:41:59', NULL, NULL),
	(83, 153, 3, 1, '2014-11-17 15:41:59', NULL, NULL),
	(84, 154, 3, 1, '2014-11-17 15:41:59', NULL, NULL),
	(85, 155, 13, 1, '2014-11-17 15:41:59', NULL, NULL),
	(86, 156, 5, 1, '2014-11-17 15:41:59', NULL, NULL),
	(87, 158, 6, 1, '2014-11-17 15:41:59', NULL, NULL),
	(88, 159, 6, 1, '2014-11-17 15:41:59', NULL, NULL),
	(89, 160, 6, 1, '2014-11-17 15:41:59', NULL, NULL),
	(90, 161, 6, 1, '2014-11-17 15:41:59', NULL, NULL),
	(91, 162, 8, 1, '2014-11-17 15:41:59', NULL, NULL),
	(92, 163, 9, 1, '2014-11-17 15:41:59', NULL, NULL),
	(93, 164, 1, 1, '2014-11-17 15:41:59', NULL, NULL),
	(94, 165, 3, 1, '2014-11-17 15:41:59', NULL, NULL),
	(95, 166, 13, 1, '2014-11-17 15:41:59', NULL, NULL),
	(96, 167, 2, 1, '2014-11-17 15:41:59', NULL, NULL),
	(97, 168, 3, 1, '2014-11-17 15:41:59', NULL, NULL),
	(98, 169, 2, 1, '2014-11-17 15:41:59', NULL, NULL),
	(99, 170, 1, 1, '2014-11-17 15:41:59', NULL, NULL),
	(100, 171, 1, 1, '2014-11-17 15:41:59', NULL, NULL),
	(101, 172, 7, 1, '2014-11-17 15:41:59', NULL, NULL),
	(102, 174, 1, 1, '2014-11-17 15:41:59', NULL, NULL),
	(103, 175, 13, 1, '2014-11-17 15:41:59', NULL, NULL),
	(104, 176, 13, 1, '2014-11-17 15:41:59', NULL, NULL),
	(105, 177, 2, 1, '2014-11-17 15:41:59', NULL, NULL),
	(106, 178, 1, 1, '2014-11-17 15:41:59', NULL, NULL),
	(107, 179, 8, 1, '2014-11-17 15:41:59', NULL, NULL),
	(108, 180, 3, 1, '2014-11-17 15:41:59', NULL, NULL),
	(109, 181, 7, 1, '2014-11-17 15:41:59', NULL, NULL),
	(110, 182, 3, 1, '2014-11-17 15:41:59', NULL, NULL),
	(111, 183, 10, 1, '2014-11-17 15:41:59', NULL, NULL),
	(112, 194, 13, 1, '2014-11-17 15:41:59', NULL, NULL),
	(113, 195, 11, 1, '2014-11-17 15:41:59', NULL, NULL),
	(114, 196, 13, 1, '2014-11-17 15:41:59', NULL, NULL),
	(117, 197, 12, 1, '2014-11-17 17:27:45', NULL, NULL);
/*!40000 ALTER TABLE `t_teacher_subjects` ENABLE KEYS */;


-- Dumping structure for table xsglxtsql.t_users
DROP TABLE IF EXISTS `t_users`;
CREATE TABLE IF NOT EXISTS `t_users` (
  `ID` int(10) unsigned NOT NULL AUTO_INCREMENT COMMENT 'ID',
  `username` char(20) COLLATE utf8_bin NOT NULL COMMENT '用户名',
  `password` varchar(20) COLLATE utf8_bin NOT NULL COMMENT '密码',
  `status` char(1) COLLATE utf8_bin NOT NULL DEFAULT '1' COMMENT '状态(1:正常 2:异常)',
  `last_login_time` timestamp NULL DEFAULT NULL COMMENT '上次登录时间',
  `last_password_time` timestamp NULL DEFAULT NULL COMMENT '上次密码修改时间',
  `create_user` int(10) unsigned NOT NULL DEFAULT '0',
  `create_time` timestamp NOT NULL DEFAULT CURRENT_TIMESTAMP,
  `update_user` int(10) unsigned DEFAULT NULL,
  `update_time` timestamp NULL DEFAULT NULL,
  PRIMARY KEY (`ID`),
  UNIQUE KEY `username` (`username`)
) ENGINE=InnoDB AUTO_INCREMENT=1399 DEFAULT CHARSET=utf8 COLLATE=utf8_bin COMMENT='用户表';

-- Dumping data for table xsglxtsql.t_users: ~1,161 rows (approximately)
DELETE FROM `t_users`;
/*!40000 ALTER TABLE `t_users` DISABLE KEYS */;
INSERT INTO `t_users` (`ID`, `username`, `password`, `status`, `last_login_time`, `last_password_time`, `create_user`, `create_time`, `update_user`, `update_time`) VALUES
	(1, 'root', 'rootadmin', '1', '2014-11-17 18:28:04', NULL, 0, '2014-11-14 17:55:57', NULL, NULL),
	(2, '422202196605180018', '88888888', '1', NULL, NULL, 1, '2014-11-17 15:41:56', NULL, NULL),
	(3, '422201196605120836', '88888888', '1', NULL, NULL, 1, '2014-11-17 15:41:57', NULL, NULL),
	(4, '422201196804100854', '88888888', '1', NULL, NULL, 1, '2014-11-17 15:41:57', NULL, NULL),
	(5, '422201196709130932', '88888888', '1', NULL, NULL, 1, '2014-11-17 15:41:57', NULL, NULL),
	(6, '422201196812010939', '88888888', '1', NULL, NULL, 1, '2014-11-17 15:41:57', NULL, NULL),
	(7, '422201196911230881', '88888888', '1', NULL, NULL, 1, '2014-11-17 15:41:57', NULL, NULL),
	(8, '422201196005010852', '88888888', '1', NULL, NULL, 1, '2014-11-17 15:41:57', NULL, NULL),
	(9, '42220119691225085X', '88888888', '1', NULL, NULL, 1, '2014-11-17 15:41:57', NULL, NULL),
	(10, '422201196605040019', '88888888', '1', NULL, NULL, 1, '2014-11-17 15:41:57', NULL, NULL),
	(11, '422201195502100918', '88888888', '1', NULL, NULL, 1, '2014-11-17 15:41:57', NULL, NULL),
	(12, '422201197311230823', '88888888', '1', NULL, NULL, 1, '2014-11-17 15:41:57', NULL, NULL),
	(13, '422201197606160850', '88888888', '1', NULL, NULL, 1, '2014-11-17 15:41:57', NULL, NULL),
	(14, '422201197204100871', '88888888', '1', NULL, NULL, 1, '2014-11-17 15:41:57', NULL, NULL),
	(15, '422201197903240873', '88888888', '1', NULL, NULL, 1, '2014-11-17 15:41:57', NULL, NULL),
	(16, '422201197201030900', '88888888', '1', NULL, NULL, 1, '2014-11-17 15:41:57', NULL, NULL),
	(17, '422201197306040822', '88888888', '1', NULL, NULL, 1, '2014-11-17 15:41:57', NULL, NULL),
	(18, '422201195509160833', '88888888', '1', NULL, NULL, 1, '2014-11-17 15:41:57', NULL, NULL),
	(19, '422201195909150810', '88888888', '1', NULL, NULL, 1, '2014-11-17 15:41:57', NULL, NULL),
	(20, '422201195711100877', '88888888', '1', NULL, NULL, 1, '2014-11-17 15:41:57', NULL, NULL),
	(21, '422201196808200924', '88888888', '1', NULL, NULL, 1, '2014-11-17 15:41:57', NULL, NULL),
	(22, '422201196807011005', '88888888', '1', NULL, NULL, 1, '2014-11-17 15:41:57', NULL, NULL),
	(23, '422201196603110837', '88888888', '1', NULL, NULL, 1, '2014-11-17 15:41:57', NULL, NULL),
	(24, '42220119660807082X', '88888888', '1', NULL, NULL, 1, '2014-11-17 15:41:57', NULL, NULL),
	(25, '420106196409295617', '88888888', '1', NULL, NULL, 1, '2014-11-17 15:41:57', NULL, NULL),
	(26, '422201196802220879', '88888888', '1', NULL, NULL, 1, '2014-11-17 15:41:57', NULL, NULL),
	(27, '422201196711220822', '88888888', '1', NULL, NULL, 1, '2014-11-17 15:41:57', NULL, NULL),
	(28, '422201196905240821', '88888888', '1', NULL, NULL, 1, '2014-11-17 15:41:57', NULL, NULL),
	(29, '422223196710106014', '88888888', '1', NULL, NULL, 1, '2014-11-17 15:41:57', NULL, NULL),
	(30, '422201196808130858', '88888888', '1', NULL, NULL, 1, '2014-11-17 15:41:57', NULL, NULL),
	(31, '422201197206200876', '88888888', '1', NULL, NULL, 1, '2014-11-17 15:41:57', NULL, NULL),
	(32, '422201197408010958', '88888888', '1', NULL, NULL, 1, '2014-11-17 15:41:57', NULL, NULL),
	(33, '422201196503280847', '88888888', '1', NULL, NULL, 1, '2014-11-17 15:41:57', NULL, NULL),
	(34, '420922197108086086', '88888888', '1', NULL, NULL, 1, '2014-11-17 15:41:57', NULL, NULL),
	(35, '422201197011260828', '88888888', '1', NULL, NULL, 1, '2014-11-17 15:41:57', NULL, NULL),
	(36, '422201197202181727', '88888888', '1', NULL, NULL, 1, '2014-11-17 15:41:57', NULL, NULL),
	(37, '422201196807030855', '88888888', '1', NULL, NULL, 1, '2014-11-17 15:41:57', NULL, NULL),
	(38, '422201196704180826', '88888888', '1', NULL, NULL, 1, '2014-11-17 15:41:57', NULL, NULL),
	(39, '422201195409190816', '88888888', '1', NULL, NULL, 1, '2014-11-17 15:41:57', NULL, NULL),
	(40, '422201196607011115', '88888888', '1', NULL, NULL, 1, '2014-11-17 15:41:57', NULL, NULL),
	(41, '42220119640519083X', '88888888', '1', NULL, NULL, 1, '2014-11-17 15:41:57', NULL, NULL),
	(42, '420902196505100849', '88888888', '1', NULL, NULL, 1, '2014-11-17 15:41:57', NULL, NULL),
	(43, '422201196609200817', '88888888', '1', NULL, NULL, 1, '2014-11-17 15:41:57', NULL, NULL),
	(44, '422228196109050023', '88888888', '1', NULL, NULL, 1, '2014-11-17 15:41:57', NULL, NULL),
	(45, '42220119550305081X', '88888888', '1', NULL, NULL, 1, '2014-11-17 15:41:57', NULL, NULL),
	(46, '422201196108100834', '88888888', '1', NULL, NULL, 1, '2014-11-17 15:41:57', NULL, NULL),
	(47, '422201196204050830', '88888888', '1', NULL, NULL, 1, '2014-11-17 15:41:57', NULL, NULL),
	(48, '422201196212160845', '88888888', '1', NULL, NULL, 1, '2014-11-17 15:41:57', NULL, NULL),
	(49, '422426197410111916', '88888888', '1', NULL, NULL, 1, '2014-11-17 15:41:57', NULL, NULL),
	(50, '422201196910110896', '88888888', '1', NULL, NULL, 1, '2014-11-17 15:41:57', NULL, NULL),
	(51, '422724197312252209', '88888888', '1', NULL, NULL, 1, '2014-11-17 15:41:58', NULL, NULL),
	(52, '422201197410011036', '88888888', '1', NULL, NULL, 1, '2014-11-17 15:41:58', NULL, NULL),
	(53, '422201197507180848', '88888888', '1', NULL, NULL, 1, '2014-11-17 15:41:58', NULL, NULL),
	(54, '42220119701002089X', '88888888', '1', NULL, NULL, 1, '2014-11-17 15:41:58', NULL, NULL),
	(55, '422204197511260022', '88888888', '1', NULL, NULL, 1, '2014-11-17 15:41:58', NULL, NULL),
	(56, '422201197205110872', '88888888', '1', NULL, NULL, 1, '2014-11-17 15:41:58', NULL, NULL),
	(57, '422201197309210911', '88888888', '1', NULL, NULL, 1, '2014-11-17 15:41:58', NULL, NULL),
	(58, '422201197306010850', '88888888', '1', NULL, NULL, 1, '2014-11-17 15:41:58', NULL, NULL),
	(59, '422201197302231859', '88888888', '1', NULL, NULL, 1, '2014-11-17 15:41:58', NULL, NULL),
	(60, '422201197302101018', '88888888', '1', NULL, NULL, 1, '2014-11-17 15:41:58', NULL, NULL),
	(61, '422201196705110811', '88888888', '1', NULL, NULL, 1, '2014-11-17 15:41:58', NULL, NULL),
	(62, '422201197301150854', '88888888', '1', NULL, NULL, 1, '2014-11-17 15:41:58', NULL, NULL),
	(63, '422202197310214713', '88888888', '1', NULL, NULL, 1, '2014-11-17 15:41:58', NULL, NULL),
	(64, '422251197109011433', '88888888', '1', NULL, NULL, 1, '2014-11-17 15:41:58', NULL, NULL),
	(65, '42220119710106461X', '88888888', '1', NULL, NULL, 1, '2014-11-17 15:41:58', NULL, NULL),
	(66, '422201197012180838', '88888888', '1', NULL, NULL, 1, '2014-11-17 15:41:58', NULL, NULL),
	(67, '422201197209010904', '88888888', '1', NULL, NULL, 1, '2014-11-17 15:41:58', NULL, NULL),
	(68, '422201197208200845', '88888888', '1', NULL, NULL, 1, '2014-11-17 15:41:58', NULL, NULL),
	(69, '422201196805140823', '88888888', '1', NULL, NULL, 1, '2014-11-17 15:41:58', NULL, NULL),
	(70, '422201196601210869', '88888888', '1', NULL, NULL, 1, '2014-11-17 15:41:58', NULL, NULL),
	(71, '422101197710235546', '88888888', '1', NULL, NULL, 1, '2014-11-17 15:41:58', NULL, NULL),
	(72, '429006197910270349', '88888888', '1', NULL, NULL, 1, '2014-11-17 15:41:58', NULL, NULL),
	(73, '42098219761014601X', '88888888', '1', NULL, NULL, 1, '2014-11-17 15:41:58', NULL, NULL),
	(74, '420983197906051710', '88888888', '1', NULL, NULL, 1, '2014-11-17 15:41:58', NULL, NULL),
	(75, '422228197402068075', '88888888', '1', NULL, NULL, 1, '2014-11-17 15:41:58', NULL, NULL),
	(76, '420521198207150422', '88888888', '1', NULL, NULL, 1, '2014-11-17 15:41:58', NULL, NULL),
	(77, '421003198107074021', '88888888', '1', NULL, NULL, 1, '2014-11-17 15:41:58', NULL, NULL),
	(78, '420202198011290428', '88888888', '1', NULL, NULL, 1, '2014-11-17 15:41:58', NULL, NULL),
	(79, '422201196610040830', '88888888', '1', NULL, NULL, 1, '2014-11-17 15:41:58', NULL, NULL),
	(80, '422201197004030848', '88888888', '1', NULL, NULL, 1, '2014-11-17 15:41:58', NULL, NULL),
	(81, '422201197208020852', '88888888', '1', NULL, NULL, 1, '2014-11-17 15:41:58', NULL, NULL),
	(82, '422201197007210895', '88888888', '1', NULL, NULL, 1, '2014-11-17 15:41:58', NULL, NULL),
	(83, '422201620101045', '88888888', '1', NULL, NULL, 1, '2014-11-17 15:41:58', NULL, NULL),
	(84, '422201196002205953', '88888888', '1', NULL, NULL, 1, '2014-11-17 15:41:58', NULL, NULL),
	(85, '422201197908040811', '88888888', '1', NULL, NULL, 1, '2014-11-17 15:41:58', NULL, NULL),
	(86, '422201195510020838', '88888888', '1', NULL, NULL, 1, '2014-11-17 15:41:58', NULL, NULL),
	(87, '422201195504100911', '88888888', '1', NULL, NULL, 1, '2014-11-17 15:41:58', NULL, NULL),
	(88, '422201196308150836', '88888888', '1', NULL, NULL, 1, '2014-11-17 15:41:58', NULL, NULL),
	(89, '422201196812020846', '88888888', '1', NULL, NULL, 1, '2014-11-17 15:41:58', NULL, NULL),
	(90, '422201196507210811', '88888888', '1', NULL, NULL, 1, '2014-11-17 15:41:58', NULL, NULL),
	(91, '422201195503300815', '88888888', '1', NULL, NULL, 1, '2014-11-17 15:41:58', NULL, NULL),
	(92, '422201195712150817', '88888888', '1', NULL, NULL, 1, '2014-11-17 15:41:58', NULL, NULL),
	(93, '422201195412190833', '88888888', '1', NULL, NULL, 1, '2014-11-17 15:41:58', NULL, NULL),
	(94, '422201195611300812', '88888888', '1', NULL, NULL, 1, '2014-11-17 15:41:58', NULL, NULL),
	(95, '422201196210020857', '88888888', '1', NULL, NULL, 1, '2014-11-17 15:41:58', NULL, NULL),
	(96, '42220119701118081X', '88888888', '1', NULL, NULL, 1, '2014-11-17 15:41:58', NULL, NULL),
	(97, '422201197010100929', '88888888', '1', NULL, NULL, 1, '2014-11-17 15:41:58', NULL, NULL),
	(98, '422201196808080870', '88888888', '1', NULL, NULL, 1, '2014-11-17 15:41:58', NULL, NULL),
	(99, '422201196410120887', '88888888', '1', NULL, NULL, 1, '2014-11-17 15:41:58', NULL, NULL),
	(100, '422201196809180849', '88888888', '1', NULL, NULL, 1, '2014-11-17 15:41:58', NULL, NULL),
	(101, '42220119650801082X', '88888888', '1', NULL, NULL, 1, '2014-11-17 15:41:58', NULL, NULL),
	(102, '422201197307280836', '88888888', '1', NULL, NULL, 1, '2014-11-17 15:41:58', NULL, NULL),
	(103, '422201197205071136', '88888888', '1', NULL, NULL, 1, '2014-11-17 15:41:58', NULL, NULL),
	(104, '422201197410060866', '88888888', '1', NULL, NULL, 1, '2014-11-17 15:41:58', NULL, NULL),
	(105, '422201197407130886', '88888888', '1', NULL, NULL, 1, '2014-11-17 15:41:58', NULL, NULL),
	(106, '422201196910100866', '88888888', '1', NULL, NULL, 1, '2014-11-17 15:41:58', NULL, NULL),
	(107, '422201196411100845', '88888888', '1', NULL, NULL, 1, '2014-11-17 15:41:58', NULL, NULL),
	(108, '422201197508150448', '88888888', '1', NULL, NULL, 1, '2014-11-17 15:41:58', NULL, NULL),
	(109, '422201197309080862', '88888888', '1', NULL, NULL, 1, '2014-11-17 15:41:58', NULL, NULL),
	(110, '422201751223085', '88888888', '1', NULL, NULL, 1, '2014-11-17 15:41:58', NULL, NULL),
	(111, '420106196305240814', '88888888', '1', NULL, NULL, 1, '2014-11-17 15:41:58', NULL, NULL),
	(112, '422228196510071787', '88888888', '1', NULL, NULL, 1, '2014-11-17 15:41:58', NULL, NULL),
	(113, '42243119620501251X', '88888888', '1', NULL, NULL, 1, '2014-11-17 15:41:58', NULL, NULL),
	(114, '420984197111268015', '88888888', '1', NULL, NULL, 1, '2014-11-17 15:41:58', NULL, NULL),
	(115, '420923197912064917', '88888888', '1', NULL, NULL, 1, '2014-11-17 15:41:58', NULL, NULL),
	(116, '420922197805216034', '88888888', '1', NULL, NULL, 1, '2014-11-17 15:41:58', NULL, NULL),
	(117, '420983197906249049', '88888888', '1', NULL, NULL, 1, '2014-11-17 15:41:58', NULL, NULL),
	(118, '420923198005184944', '88888888', '1', NULL, NULL, 1, '2014-11-17 15:41:58', NULL, NULL),
	(119, '420922197901100031', '88888888', '1', NULL, NULL, 1, '2014-11-17 15:41:58', NULL, NULL),
	(120, '420902197907150843', '88888888', '1', NULL, NULL, 1, '2014-11-17 15:41:58', NULL, NULL),
	(121, '420922197811203838', '88888888', '1', NULL, NULL, 1, '2014-11-17 15:41:58', NULL, NULL),
	(122, '420902197806250840', '88888888', '1', NULL, NULL, 1, '2014-11-17 15:41:58', NULL, NULL),
	(123, '42098319811007361X', '88888888', '1', NULL, NULL, 1, '2014-11-17 15:41:58', NULL, NULL),
	(124, '420921198108255116', '88888888', '1', NULL, NULL, 1, '2014-11-17 15:41:58', NULL, NULL),
	(125, '422226196810064914', '88888888', '1', NULL, NULL, 1, '2014-11-17 15:41:58', NULL, NULL),
	(126, '420922198001161458', '88888888', '1', NULL, NULL, 1, '2014-11-17 15:41:58', NULL, NULL),
	(127, '42062519811028402X', '88888888', '1', NULL, NULL, 1, '2014-11-17 15:41:58', NULL, NULL),
	(128, '420902198206190847', '88888888', '1', NULL, NULL, 1, '2014-11-17 15:41:58', NULL, NULL),
	(129, '420923198011025819', '88888888', '1', NULL, NULL, 1, '2014-11-17 15:41:58', NULL, NULL),
	(130, '420902198301156997', '88888888', '1', NULL, NULL, 1, '2014-11-17 15:41:58', NULL, NULL),
	(131, '422201198009150069', '88888888', '1', NULL, NULL, 1, '2014-11-17 15:41:58', NULL, NULL),
	(132, '422202198402097045', '88888888', '1', NULL, NULL, 1, '2014-11-17 15:41:58', NULL, NULL),
	(133, '420983198202234054', '88888888', '1', NULL, NULL, 1, '2014-11-17 15:41:58', NULL, NULL),
	(134, '620503198012227025', '88888888', '1', NULL, NULL, 1, '2014-11-17 15:41:58', NULL, NULL),
	(135, '622825198104260611', '88888888', '1', NULL, NULL, 1, '2014-11-17 15:41:58', NULL, NULL),
	(136, '42220119820123596X', '88888888', '1', NULL, NULL, 1, '2014-11-17 15:41:58', NULL, NULL),
	(137, '620121198110282432', '88888888', '1', NULL, NULL, 1, '2014-11-17 15:41:58', NULL, NULL),
	(138, '620121198206013827', '88888888', '1', NULL, NULL, 1, '2014-11-17 15:41:58', NULL, NULL),
	(139, '420921198012165538', '88888888', '1', NULL, NULL, 1, '2014-11-17 15:41:58', NULL, NULL),
	(140, '420323198202013754', '88888888', '1', NULL, NULL, 1, '2014-11-17 15:41:58', NULL, NULL),
	(141, '429005198308207329', '88888888', '1', NULL, NULL, 1, '2014-11-17 15:41:58', NULL, NULL),
	(142, '429006198502143062', '88888888', '1', NULL, NULL, 1, '2014-11-17 15:41:58', NULL, NULL),
	(143, '422802198201041777', '88888888', '1', NULL, NULL, 1, '2014-11-17 15:41:58', NULL, NULL),
	(144, '42092319820902183X', '88888888', '1', NULL, NULL, 1, '2014-11-17 15:41:58', NULL, NULL),
	(145, '420602198312250528', '88888888', '1', NULL, NULL, 1, '2014-11-17 15:41:58', NULL, NULL),
	(146, '420116198209213738', '88888888', '1', NULL, NULL, 1, '2014-11-17 15:41:58', NULL, NULL),
	(147, '420123198211194912', '88888888', '1', NULL, NULL, 1, '2014-11-17 15:41:58', NULL, NULL),
	(148, '420983198308156023', '88888888', '1', NULL, NULL, 1, '2014-11-17 15:41:58', NULL, NULL),
	(149, '420922197911182018', '88888888', '1', NULL, NULL, 1, '2014-11-17 15:41:58', NULL, NULL),
	(150, '421127198201263255', '88888888', '1', NULL, NULL, 1, '2014-11-17 15:41:58', NULL, NULL),
	(151, '420901198303231122', '88888888', '1', NULL, NULL, 1, '2014-11-17 15:41:58', NULL, NULL),
	(152, '420922198112124123', '88888888', '1', NULL, NULL, 1, '2014-11-17 15:41:59', NULL, NULL),
	(153, '420922198310030064', '88888888', '1', NULL, NULL, 1, '2014-11-17 15:41:59', NULL, NULL),
	(154, '420982198205065624', '88888888', '1', NULL, NULL, 1, '2014-11-17 15:41:59', NULL, NULL),
	(155, '420123198211216915', '88888888', '1', NULL, NULL, 1, '2014-11-17 15:41:59', NULL, NULL),
	(156, '420123198308011155', '88888888', '1', NULL, NULL, 1, '2014-11-17 15:41:59', NULL, NULL),
	(157, '422201198102282533', '88888888', '1', NULL, NULL, 1, '2014-11-17 15:41:59', NULL, NULL),
	(158, '42098319840402811X', '88888888', '1', NULL, NULL, 1, '2014-11-17 15:41:59', NULL, NULL),
	(159, '420984198306043646', '88888888', '1', NULL, NULL, 1, '2014-11-17 15:41:59', NULL, NULL),
	(160, '420623198112265057', '88888888', '1', NULL, NULL, 1, '2014-11-17 15:41:59', NULL, NULL),
	(161, '422201197312017338', '88888888', '1', NULL, NULL, 1, '2014-11-17 15:41:59', NULL, NULL),
	(162, '420983198301263643', '88888888', '1', NULL, NULL, 1, '2014-11-17 15:41:59', NULL, NULL),
	(163, '429004821025031', '88888888', '1', NULL, NULL, 1, '2014-11-17 15:41:59', NULL, NULL),
	(164, '420702198302277378', '88888888', '1', NULL, NULL, 1, '2014-11-17 15:41:59', NULL, NULL),
	(165, '420922198110160059', '88888888', '1', NULL, NULL, 1, '2014-11-17 15:41:59', NULL, NULL),
	(166, '429001198407207679', '88888888', '1', NULL, NULL, 1, '2014-11-17 15:41:59', NULL, NULL),
	(167, '420281198502196175', '88888888', '1', NULL, NULL, 1, '2014-11-17 15:41:59', NULL, NULL),
	(168, '420921198407134963', '88888888', '1', NULL, NULL, 1, '2014-11-17 15:41:59', NULL, NULL),
	(169, '422102198311306036', '88888888', '1', NULL, NULL, 1, '2014-11-17 15:41:59', NULL, NULL),
	(170, '420902198106281821', '88888888', '1', NULL, NULL, 1, '2014-11-17 15:41:59', NULL, NULL),
	(171, '42112519840126791X', '88888888', '1', NULL, NULL, 1, '2014-11-17 15:41:59', NULL, NULL),
	(172, '422826198204055016', '88888888', '1', NULL, NULL, 1, '2014-11-17 15:41:59', NULL, NULL),
	(173, '420922197901078217', '88888888', '1', NULL, NULL, 1, '2014-11-17 15:41:59', NULL, NULL),
	(174, '421003198102024025', '88888888', '1', NULL, NULL, 1, '2014-11-17 15:41:59', NULL, NULL),
	(175, '420621198402138328', '88888888', '1', NULL, NULL, 1, '2014-11-17 15:41:59', NULL, NULL),
	(176, '422202198312180013', '88888888', '1', NULL, NULL, 1, '2014-11-17 15:41:59', NULL, NULL),
	(177, '422201198209260430', '88888888', '1', NULL, NULL, 1, '2014-11-17 15:41:59', NULL, NULL),
	(178, '422201198311012142', '88888888', '1', NULL, NULL, 1, '2014-11-17 15:41:59', NULL, NULL),
	(179, '422201198506060873', '88888888', '1', NULL, NULL, 1, '2014-11-17 15:41:59', NULL, NULL),
	(180, '420982198409257265', '88888888', '1', NULL, NULL, 1, '2014-11-17 15:41:59', NULL, NULL),
	(181, '420984198202283012', '88888888', '1', NULL, NULL, 1, '2014-11-17 15:41:59', NULL, NULL),
	(182, '422201198305102221', '88888888', '1', NULL, NULL, 1, '2014-11-17 15:41:59', NULL, NULL),
	(183, '420802198302140043', '88888888', '1', NULL, NULL, 1, '2014-11-17 15:41:59', NULL, NULL),
	(184, '420984196507254416', '88888888', '1', NULL, NULL, 1, '2014-11-17 15:41:59', NULL, NULL),
	(185, '420902198410141911', '88888888', '1', NULL, NULL, 1, '2014-11-17 15:41:59', NULL, NULL),
	(186, '42090219861216082X', '88888888', '1', NULL, NULL, 1, '2014-11-17 15:41:59', NULL, NULL),
	(187, '422201196812190810', '88888888', '1', NULL, NULL, 1, '2014-11-17 15:41:59', NULL, NULL),
	(188, '422201197007100856', '88888888', '1', NULL, NULL, 1, '2014-11-17 15:41:59', NULL, NULL),
	(189, '420902197001040904', '88888888', '1', NULL, NULL, 1, '2014-11-17 15:41:59', NULL, NULL),
	(190, '422201196808080862', '88888888', '1', NULL, NULL, 1, '2014-11-17 15:41:59', NULL, NULL),
	(191, '422201196411260822', '88888888', '1', NULL, NULL, 1, '2014-11-17 15:41:59', NULL, NULL),
	(192, '42220119660612082X', '88888888', '1', NULL, NULL, 1, '2014-11-17 15:41:59', NULL, NULL),
	(193, '422201196807250882', '88888888', '1', NULL, NULL, 1, '2014-11-17 15:41:59', NULL, NULL),
	(194, '420902198812030464', '88888888', '1', NULL, NULL, 1, '2014-11-17 15:41:59', NULL, NULL),
	(195, '422201199008205982', '88888888', '1', NULL, NULL, 1, '2014-11-17 15:41:59', NULL, NULL),
	(196, '422202197205201873', '88888888', '1', NULL, NULL, 1, '2014-11-17 15:41:59', NULL, NULL),
	(197, '42220219880707006X', '88888888', '1', NULL, NULL, 1, '2014-11-17 15:41:59', NULL, NULL),
	(198, '2014309103', 'test1234', '1', '2014-11-17 18:29:36', '2014-11-17 18:26:45', 1, '2014-11-17 18:25:46', 198, '2014-11-17 18:26:45');
/*!40000 ALTER TABLE `t_users` ENABLE KEYS */;


-- Dumping structure for table xsglxtsql.t_user_roles
DROP TABLE IF EXISTS `t_user_roles`;
CREATE TABLE IF NOT EXISTS `t_user_roles` (
  `ID` int(10) unsigned NOT NULL AUTO_INCREMENT COMMENT 'ID',
  `user_id` int(10) unsigned NOT NULL COMMENT '用户ID',
  `role_id` int(10) unsigned NOT NULL COMMENT '角色ID',
  `create_user` int(10) NOT NULL DEFAULT '0',
  `create_time` timestamp NOT NULL DEFAULT CURRENT_TIMESTAMP ON UPDATE CURRENT_TIMESTAMP,
  `update_user` int(10) unsigned DEFAULT NULL,
  `update_time` timestamp NULL DEFAULT NULL,
  PRIMARY KEY (`ID`),
  KEY `FK_t_user_roles_m_roles` (`role_id`),
  KEY `user_id_role_id` (`user_id`,`role_id`),
  CONSTRAINT `FK_t_user_roles_m_roles` FOREIGN KEY (`role_id`) REFERENCES `m_roles` (`ID`),
  CONSTRAINT `FK_t_user_roles_t_users` FOREIGN KEY (`user_id`) REFERENCES `t_users` (`ID`)
) ENGINE=InnoDB AUTO_INCREMENT=1390 DEFAULT CHARSET=utf8 COLLATE=utf8_bin COMMENT='用户角色表';

-- Dumping data for table xsglxtsql.t_user_roles: ~1,161 rows (approximately)
DELETE FROM `t_user_roles`;
/*!40000 ALTER TABLE `t_user_roles` DISABLE KEYS */;
INSERT INTO `t_user_roles` (`ID`, `user_id`, `role_id`, `create_user`, `create_time`, `update_user`, `update_time`) VALUES
	(1, 1, 5, 0, '2014-11-14 17:57:31', NULL, NULL),
	(3, 2, 2, 1, '2014-11-17 15:41:56', NULL, NULL),
	(4, 3, 2, 1, '2014-11-17 15:41:57', NULL, NULL),
	(5, 4, 2, 1, '2014-11-17 15:41:57', NULL, NULL),
	(6, 5, 2, 1, '2014-11-17 15:41:57', NULL, NULL),
	(7, 6, 2, 1, '2014-11-17 15:41:57', NULL, NULL),
	(8, 7, 2, 1, '2014-11-17 15:41:57', NULL, NULL),
	(9, 8, 2, 1, '2014-11-17 15:41:57', NULL, NULL),
	(10, 9, 2, 1, '2014-11-17 15:41:57', NULL, NULL),
	(11, 10, 2, 1, '2014-11-17 15:41:57', NULL, NULL),
	(12, 11, 2, 1, '2014-11-17 15:41:57', NULL, NULL),
	(13, 12, 2, 1, '2014-11-17 15:41:57', NULL, NULL),
	(14, 13, 2, 1, '2014-11-17 15:41:57', NULL, NULL),
	(15, 14, 2, 1, '2014-11-17 15:41:57', NULL, NULL),
	(16, 15, 2, 1, '2014-11-17 15:41:57', NULL, NULL),
	(17, 16, 2, 1, '2014-11-17 15:41:57', NULL, NULL),
	(18, 17, 2, 1, '2014-11-17 15:41:57', NULL, NULL),
	(19, 18, 2, 1, '2014-11-17 15:41:57', NULL, NULL),
	(20, 19, 2, 1, '2014-11-17 15:41:57', NULL, NULL),
	(21, 20, 2, 1, '2014-11-17 15:41:57', NULL, NULL),
	(22, 21, 2, 1, '2014-11-17 15:41:57', NULL, NULL),
	(23, 22, 2, 1, '2014-11-17 15:41:57', NULL, NULL),
	(24, 23, 2, 1, '2014-11-17 15:41:57', NULL, NULL),
	(25, 24, 2, 1, '2014-11-17 15:41:57', NULL, NULL),
	(26, 25, 2, 1, '2014-11-17 15:41:57', NULL, NULL),
	(27, 26, 2, 1, '2014-11-17 15:41:57', NULL, NULL),
	(28, 27, 2, 1, '2014-11-17 15:41:57', NULL, NULL),
	(29, 28, 2, 1, '2014-11-17 15:41:57', NULL, NULL),
	(30, 29, 2, 1, '2014-11-17 15:41:57', NULL, NULL),
	(31, 30, 2, 1, '2014-11-17 15:41:57', NULL, NULL),
	(32, 31, 2, 1, '2014-11-17 15:41:57', NULL, NULL),
	(33, 32, 2, 1, '2014-11-17 15:41:57', NULL, NULL),
	(34, 33, 2, 1, '2014-11-17 15:41:57', NULL, NULL),
	(35, 34, 2, 1, '2014-11-17 15:41:57', NULL, NULL),
	(36, 35, 2, 1, '2014-11-17 15:41:57', NULL, NULL),
	(37, 36, 2, 1, '2014-11-17 15:41:57', NULL, NULL),
	(38, 37, 2, 1, '2014-11-17 15:41:57', NULL, NULL),
	(39, 38, 2, 1, '2014-11-17 15:41:57', NULL, NULL),
	(40, 39, 2, 1, '2014-11-17 15:41:57', NULL, NULL),
	(41, 40, 2, 1, '2014-11-17 15:41:57', NULL, NULL),
	(42, 41, 2, 1, '2014-11-17 15:41:57', NULL, NULL),
	(43, 42, 2, 1, '2014-11-17 15:41:57', NULL, NULL),
	(44, 43, 2, 1, '2014-11-17 15:41:57', NULL, NULL),
	(45, 44, 2, 1, '2014-11-17 15:41:57', NULL, NULL),
	(46, 45, 2, 1, '2014-11-17 15:41:57', NULL, NULL),
	(47, 46, 2, 1, '2014-11-17 15:41:57', NULL, NULL),
	(48, 47, 2, 1, '2014-11-17 15:41:57', NULL, NULL),
	(49, 48, 2, 1, '2014-11-17 15:41:57', NULL, NULL),
	(50, 49, 2, 1, '2014-11-17 15:41:57', NULL, NULL),
	(51, 50, 2, 1, '2014-11-17 15:41:57', NULL, NULL),
	(52, 51, 2, 1, '2014-11-17 15:41:58', NULL, NULL),
	(53, 52, 2, 1, '2014-11-17 15:41:58', NULL, NULL),
	(54, 53, 2, 1, '2014-11-17 15:41:58', NULL, NULL),
	(55, 54, 2, 1, '2014-11-17 15:41:58', NULL, NULL),
	(56, 55, 2, 1, '2014-11-17 15:41:58', NULL, NULL),
	(57, 56, 2, 1, '2014-11-17 15:41:58', NULL, NULL),
	(58, 57, 2, 1, '2014-11-17 15:41:58', NULL, NULL),
	(59, 58, 2, 1, '2014-11-17 15:41:58', NULL, NULL),
	(60, 59, 2, 1, '2014-11-17 15:41:58', NULL, NULL),
	(61, 60, 2, 1, '2014-11-17 15:41:58', NULL, NULL),
	(62, 61, 2, 1, '2014-11-17 15:41:58', NULL, NULL),
	(63, 62, 2, 1, '2014-11-17 15:41:58', NULL, NULL),
	(64, 63, 2, 1, '2014-11-17 15:41:58', NULL, NULL),
	(65, 64, 2, 1, '2014-11-17 15:41:58', NULL, NULL),
	(66, 65, 2, 1, '2014-11-17 15:41:58', NULL, NULL),
	(67, 66, 2, 1, '2014-11-17 15:41:58', NULL, NULL),
	(68, 67, 2, 1, '2014-11-17 15:41:58', NULL, NULL),
	(69, 68, 2, 1, '2014-11-17 15:41:58', NULL, NULL),
	(70, 69, 2, 1, '2014-11-17 15:41:58', NULL, NULL),
	(71, 70, 2, 1, '2014-11-17 15:41:58', NULL, NULL),
	(72, 71, 2, 1, '2014-11-17 15:41:58', NULL, NULL),
	(73, 72, 2, 1, '2014-11-17 15:41:58', NULL, NULL),
	(74, 73, 2, 1, '2014-11-17 15:41:58', NULL, NULL),
	(75, 74, 2, 1, '2014-11-17 15:41:58', NULL, NULL),
	(76, 75, 2, 1, '2014-11-17 15:41:58', NULL, NULL),
	(77, 76, 2, 1, '2014-11-17 15:41:58', NULL, NULL),
	(78, 77, 2, 1, '2014-11-17 15:41:58', NULL, NULL),
	(79, 78, 2, 1, '2014-11-17 15:41:58', NULL, NULL),
	(80, 79, 2, 1, '2014-11-17 15:41:58', NULL, NULL),
	(81, 80, 2, 1, '2014-11-17 15:41:58', NULL, NULL),
	(82, 81, 2, 1, '2014-11-17 15:41:58', NULL, NULL),
	(83, 82, 2, 1, '2014-11-17 15:41:58', NULL, NULL),
	(84, 83, 2, 1, '2014-11-17 15:41:58', NULL, NULL),
	(85, 84, 2, 1, '2014-11-17 15:41:58', NULL, NULL),
	(86, 85, 2, 1, '2014-11-17 15:41:58', NULL, NULL),
	(87, 86, 2, 1, '2014-11-17 15:41:58', NULL, NULL),
	(88, 87, 2, 1, '2014-11-17 15:41:58', NULL, NULL),
	(89, 88, 2, 1, '2014-11-17 15:41:58', NULL, NULL),
	(90, 89, 2, 1, '2014-11-17 15:41:58', NULL, NULL),
	(91, 90, 2, 1, '2014-11-17 15:41:58', NULL, NULL),
	(92, 91, 2, 1, '2014-11-17 15:41:58', NULL, NULL),
	(93, 92, 2, 1, '2014-11-17 15:41:58', NULL, NULL),
	(94, 93, 2, 1, '2014-11-17 15:41:58', NULL, NULL),
	(95, 94, 2, 1, '2014-11-17 15:41:58', NULL, NULL),
	(96, 95, 2, 1, '2014-11-17 15:41:58', NULL, NULL),
	(97, 96, 2, 1, '2014-11-17 15:41:58', NULL, NULL),
	(98, 97, 2, 1, '2014-11-17 15:41:58', NULL, NULL),
	(99, 98, 2, 1, '2014-11-17 15:41:58', NULL, NULL),
	(100, 99, 2, 1, '2014-11-17 15:41:58', NULL, NULL),
	(101, 100, 2, 1, '2014-11-17 15:41:58', NULL, NULL),
	(102, 101, 2, 1, '2014-11-17 15:41:58', NULL, NULL),
	(103, 102, 2, 1, '2014-11-17 15:41:58', NULL, NULL),
	(104, 103, 2, 1, '2014-11-17 15:41:58', NULL, NULL),
	(105, 104, 2, 1, '2014-11-17 15:41:58', NULL, NULL),
	(106, 105, 2, 1, '2014-11-17 15:41:58', NULL, NULL),
	(107, 106, 2, 1, '2014-11-17 15:41:58', NULL, NULL),
	(108, 107, 2, 1, '2014-11-17 15:41:58', NULL, NULL),
	(109, 108, 2, 1, '2014-11-17 15:41:58', NULL, NULL),
	(110, 109, 2, 1, '2014-11-17 15:41:58', NULL, NULL),
	(111, 110, 2, 1, '2014-11-17 15:41:58', NULL, NULL),
	(112, 111, 2, 1, '2014-11-17 15:41:58', NULL, NULL),
	(113, 112, 2, 1, '2014-11-17 15:41:58', NULL, NULL),
	(114, 113, 2, 1, '2014-11-17 15:41:58', NULL, NULL),
	(115, 114, 2, 1, '2014-11-17 15:41:58', NULL, NULL),
	(116, 115, 2, 1, '2014-11-17 15:41:58', NULL, NULL),
	(117, 116, 2, 1, '2014-11-17 15:41:58', NULL, NULL),
	(118, 117, 2, 1, '2014-11-17 15:41:58', NULL, NULL),
	(119, 118, 2, 1, '2014-11-17 15:41:58', NULL, NULL),
	(120, 119, 2, 1, '2014-11-17 15:41:58', NULL, NULL),
	(121, 120, 2, 1, '2014-11-17 15:41:58', NULL, NULL),
	(122, 121, 2, 1, '2014-11-17 15:41:58', NULL, NULL),
	(123, 122, 2, 1, '2014-11-17 15:41:58', NULL, NULL),
	(124, 123, 2, 1, '2014-11-17 15:41:58', NULL, NULL),
	(125, 124, 2, 1, '2014-11-17 15:41:58', NULL, NULL),
	(126, 125, 2, 1, '2014-11-17 15:41:58', NULL, NULL),
	(127, 126, 2, 1, '2014-11-17 15:41:58', NULL, NULL),
	(128, 127, 2, 1, '2014-11-17 15:41:58', NULL, NULL),
	(129, 128, 2, 1, '2014-11-17 15:41:58', NULL, NULL),
	(130, 129, 2, 1, '2014-11-17 15:41:58', NULL, NULL),
	(131, 130, 2, 1, '2014-11-17 15:41:58', NULL, NULL),
	(132, 131, 2, 1, '2014-11-17 15:41:58', NULL, NULL),
	(133, 132, 2, 1, '2014-11-17 15:41:58', NULL, NULL),
	(134, 133, 2, 1, '2014-11-17 15:41:58', NULL, NULL),
	(135, 134, 2, 1, '2014-11-17 15:41:58', NULL, NULL),
	(136, 135, 2, 1, '2014-11-17 15:41:58', NULL, NULL),
	(137, 136, 2, 1, '2014-11-17 15:41:58', NULL, NULL),
	(138, 137, 2, 1, '2014-11-17 15:41:58', NULL, NULL),
	(139, 138, 2, 1, '2014-11-17 15:41:58', NULL, NULL),
	(140, 139, 2, 1, '2014-11-17 15:41:58', NULL, NULL),
	(141, 140, 2, 1, '2014-11-17 15:41:58', NULL, NULL),
	(142, 141, 2, 1, '2014-11-17 15:41:58', NULL, NULL),
	(143, 142, 2, 1, '2014-11-17 15:41:58', NULL, NULL),
	(144, 143, 2, 1, '2014-11-17 15:41:58', NULL, NULL),
	(145, 144, 2, 1, '2014-11-17 15:41:58', NULL, NULL),
	(146, 145, 2, 1, '2014-11-17 15:41:58', NULL, NULL),
	(147, 146, 2, 1, '2014-11-17 15:41:58', NULL, NULL),
	(148, 147, 2, 1, '2014-11-17 15:41:58', NULL, NULL),
	(149, 148, 2, 1, '2014-11-17 15:41:58', NULL, NULL),
	(150, 149, 2, 1, '2014-11-17 15:41:58', NULL, NULL),
	(151, 150, 2, 1, '2014-11-17 15:41:58', NULL, NULL),
	(152, 151, 2, 1, '2014-11-17 15:41:58', NULL, NULL),
	(153, 152, 2, 1, '2014-11-17 15:41:59', NULL, NULL),
	(154, 153, 2, 1, '2014-11-17 15:41:59', NULL, NULL),
	(155, 154, 2, 1, '2014-11-17 15:41:59', NULL, NULL),
	(156, 155, 2, 1, '2014-11-17 15:41:59', NULL, NULL),
	(157, 156, 2, 1, '2014-11-17 15:41:59', NULL, NULL),
	(158, 157, 2, 1, '2014-11-17 15:41:59', NULL, NULL),
	(159, 158, 2, 1, '2014-11-17 15:41:59', NULL, NULL),
	(160, 159, 2, 1, '2014-11-17 15:41:59', NULL, NULL),
	(161, 160, 2, 1, '2014-11-17 15:41:59', NULL, NULL),
	(162, 161, 2, 1, '2014-11-17 15:41:59', NULL, NULL),
	(163, 162, 2, 1, '2014-11-17 15:41:59', NULL, NULL),
	(164, 163, 2, 1, '2014-11-17 15:41:59', NULL, NULL),
	(165, 164, 2, 1, '2014-11-17 15:41:59', NULL, NULL),
	(166, 165, 2, 1, '2014-11-17 15:41:59', NULL, NULL),
	(167, 166, 2, 1, '2014-11-17 15:41:59', NULL, NULL),
	(168, 167, 2, 1, '2014-11-17 15:41:59', NULL, NULL),
	(169, 168, 2, 1, '2014-11-17 15:41:59', NULL, NULL),
	(170, 169, 2, 1, '2014-11-17 15:41:59', NULL, NULL),
	(171, 170, 2, 1, '2014-11-17 15:41:59', NULL, NULL),
	(172, 171, 2, 1, '2014-11-17 15:41:59', NULL, NULL),
	(173, 172, 2, 1, '2014-11-17 15:41:59', NULL, NULL),
	(174, 173, 2, 1, '2014-11-17 15:41:59', NULL, NULL),
	(175, 174, 2, 1, '2014-11-17 15:41:59', NULL, NULL),
	(176, 175, 2, 1, '2014-11-17 15:41:59', NULL, NULL),
	(177, 176, 2, 1, '2014-11-17 15:41:59', NULL, NULL),
	(178, 177, 2, 1, '2014-11-17 15:41:59', NULL, NULL),
	(179, 178, 2, 1, '2014-11-17 15:41:59', NULL, NULL),
	(180, 179, 2, 1, '2014-11-17 15:41:59', NULL, NULL),
	(181, 180, 2, 1, '2014-11-17 15:41:59', NULL, NULL),
	(182, 181, 2, 1, '2014-11-17 15:41:59', NULL, NULL),
	(183, 182, 2, 1, '2014-11-17 15:41:59', NULL, NULL),
	(184, 183, 2, 1, '2014-11-17 15:41:59', NULL, NULL),
	(185, 184, 2, 1, '2014-11-17 15:41:59', NULL, NULL),
	(186, 185, 2, 1, '2014-11-17 15:41:59', NULL, NULL),
	(187, 186, 2, 1, '2014-11-17 15:41:59', NULL, NULL),
	(188, 187, 2, 1, '2014-11-17 15:41:59', NULL, NULL),
	(189, 188, 2, 1, '2014-11-17 15:41:59', NULL, NULL),
	(190, 189, 2, 1, '2014-11-17 15:41:59', NULL, NULL),
	(191, 190, 2, 1, '2014-11-17 15:41:59', NULL, NULL),
	(192, 191, 2, 1, '2014-11-17 15:41:59', NULL, NULL),
	(193, 192, 2, 1, '2014-11-17 15:41:59', NULL, NULL),
	(194, 193, 2, 1, '2014-11-17 15:41:59', NULL, NULL),
	(195, 194, 2, 1, '2014-11-17 15:41:59', NULL, NULL),
	(196, 195, 2, 1, '2014-11-17 15:41:59', NULL, NULL),
	(197, 196, 2, 1, '2014-11-17 15:41:59', NULL, NULL),
	(200, 197, 2, 1, '2014-11-17 17:27:45', NULL, NULL),
	(201, 198, 1, 1, '2014-11-17 18:25:46', NULL, NULL);
/*!40000 ALTER TABLE `t_user_roles` ENABLE KEYS */;
/*!40101 SET SQL_MODE=IFNULL(@OLD_SQL_MODE, '') */;
/*!40014 SET FOREIGN_KEY_CHECKS=IF(@OLD_FOREIGN_KEY_CHECKS IS NULL, 1, @OLD_FOREIGN_KEY_CHECKS) */;
/*!40101 SET CHARACTER_SET_CLIENT=@OLD_CHARACTER_SET_CLIENT */;
